id,product_id,user_name,rating,review_text,created_at,features
4,1,Jason Smith,5,Incredible sound! I love the Vyron DeepSound Enhancement technology; it makes my music feel richer and more immersive. The comfort is perfect for long listening sessions and I appreciate the quick charging feature which is super handy. Plus the ability to connect to two devices at once is a game changer! Total win!,2023-10-01,"{""Mic"": ""Not mentioned"", ""EQmodes"": ""Not mentioned"", ""DeepBass"": ""Vyron DeepSound Enhancement technology makes music feel richer and more immersive"", ""Foldable"": ""Not mentioned"", ""playtime"": ""Not mentioned"", ""ComfortFit"": ""Perfect for long listening sessions"", ""Batterylife"": ""Not mentioned"", ""NoiseCancellation"": ""Not mentioned""}"
5,1,Lisa White,4,Pretty solid headphones! The design is sleek and modern and theyre surprisingly lightweight. The battery life is impressive too! My only gripe is that they dont quite block out outside noise as much as I expected. Otherwise they perform wonderfully and Ive enjoyed using them for both music and calls. Definitely worth the investment.,2023-10-01,"{""Mic"": ""Good for calls"", ""EQmodes"": ""Not mentioned"", ""DeepBass"": ""Not mentioned"", ""Foldable"": ""Not mentioned"", ""playtime"": ""Not mentioned"", ""ComfortFit"": ""Lightweight"", ""Batterylife"": ""Impressive"", ""NoiseCancellation"": ""Doesn't block out outside noise as much as expected""}"
6,1,Chris Davis,2,While the sound is decent I was disappointed with the build quality. They feel a bit flimsy and the ear cushions started to wear out after just a month. I expected more from this brand given the price point. Theyre okay for casual use but if youre serious about audio quality you might want to look elsewhere.,2023-10-01,"{""Mic"": """", ""EQmodes"": """", ""DeepBass"": """", ""Foldable"": """", ""playtime"": """", ""ComfortFit"": """", ""Batterylife"": """", ""NoiseCancellation"": """"}"
7,1,Rachel Green,5,Absolutely loving my new Vyron headphones! The ease of use is fantastic and setup was a breeze. The audio quality is crystal clear and the ability to switch between devices seamlessly is a huge plus. Theyre very lightweight making them perfect for long study sessions. Ive even recommended them to a few friends already!,2023-10-01,"{""Mic"": """", ""EQmodes"": """", ""DeepBass"": """", ""Foldable"": """", ""playtime"": """", ""ComfortFit"": ""lightweight, perfect for long study sessions"", ""Batterylife"": """", ""NoiseCancellation"": """"}"
8,1,Andrew Martin,1,I bought these headphones hoping for great sound but what I got was a headache. They stopped working after two weeks and customer support was a nightmare to deal with. I wouldnt recommend these to anyone. Its frustrating when a product doesnt match its premium price tag. Total letdown!,2023-10-01,"{""Mic"": """", ""EQmodes"": """", ""DeepBass"": """", ""Foldable"": """", ""playtime"": """", ""ComfortFit"": """", ""Batterylife"": """", ""NoiseCancellation"": """"}"
9,1,Karen Lee,4,These headphones are generally impressive. The battery life is outstanding and lasts through several long sessions without needing a charge. I love the lightweight design but I do wish the microphone was clearer during calls. Still for listening to music and movies they perform really well. Good buy!,2023-10-01,"{""Mic"": ""Microphone could be clearer during calls."", ""EQmodes"": ""Not mentioned."", ""DeepBass"": ""Not mentioned."", ""Foldable"": ""Not mentioned."", ""playtime"": ""Several long sessions."", ""ComfortFit"": ""Lightweight design."", ""Batterylife"": ""Outstanding and lasts through several long sessions without needing a charge."", ""NoiseCancellation"": ""Not mentioned.""}"
10,1,Thomas Anderson,3,Theyre fine for casual use. The design is sleek and modern and they dont feel heavy on my head. However the app to adjust EQ settings is a bit glitchy at times which can be frustrating. Overall they do the job but I think there are better options out there for the price.,2023-10-01,"{""Mic"": ""Not mentioned"", ""EQmodes"": ""The app to adjust EQ settings is glitchy"", ""DeepBass"": ""Not mentioned"", ""Foldable"": ""Not mentioned"", ""playtime"": ""Not mentioned"", ""ComfortFit"": ""They don't feel heavy on the head"", ""Batterylife"": ""Not mentioned"", ""NoiseCancellation"": ""Not mentioned""}"
11,1,Jennifer Martinez,5,These headphones have transformed my music experience! The rich crisp sound is phenomenal and makes every song an adventure. The battery life is so long; Ive used them throughout long flights without needing a charge. Plus theyre so comfy I forget Im wearing them sometimes. Do yourself a favor and try these!,2023-10-01,"{""Mic"": ""not explicitly mentioned"", ""EQmodes"": ""not explicitly mentioned"", ""DeepBass"": ""not explicitly mentioned"", ""Foldable"": ""not explicitly mentioned"", ""playtime"": ""not explicitly mentioned"", ""ComfortFit"": ""so comfy I forget I'm wearing them"", ""Batterylife"": ""long; suitable for long flights without needing a charge"", ""NoiseCancellation"": ""not explicitly mentioned""}"
12,1,Daniel Harris,2,Disappointed with my purchase. The plastic feels cheap and the audio quality isnt as good as advertised. They do connect easily to devices but the overall experience was underwhelming. I expected much better quality especially considering their price. They might work for casual listening but theyre not what I hoped for.,2023-10-01,"{""Mic"": ""Not mentioned"", ""EQmodes"": ""Not mentioned"", ""DeepBass"": ""Not mentioned"", ""Foldable"": ""Not mentioned"", ""playtime"": ""Not mentioned"", ""ComfortFit"": ""Not mentioned"", ""Batterylife"": ""Not mentioned"", ""NoiseCancellation"": ""Not mentioned""}"
13,1,Megan Thompson,4,Solid headphones with a great sound. The features like dual device connectivity and customizable EQ settings are super handy. Theyre comfortable enough though I had a bit of trouble with the padding—it could be a little more cushioned. Overall though Im satisfied with my purchase for the price.,2023-10-01,"{""Mic"": ""Not mentioned"", ""EQmodes"": ""Customizable EQ settings"", ""DeepBass"": ""Not mentioned"", ""Foldable"": ""Not mentioned"", ""playtime"": ""Not mentioned"", ""ComfortFit"": ""Comfortable enough, though the padding could be more cushioned"", ""Batterylife"": ""Not mentioned"", ""NoiseCancellation"": ""Not mentioned""}"
14,1,Kevin Robinson,3,These headphones are just average. While the sound is decent they didnt wow me as I expected. Connectivity is good but sometimes it disconnects unexpectedly. The weight is nice for portability but the materials feel like they might not hold up over time. Theyre okay if youre not looking for something too fancy.,2023-10-01,"{""Mic"": ""Not mentioned"", ""EQmodes"": ""Not mentioned"", ""DeepBass"": ""Not mentioned"", ""Foldable"": ""Not mentioned"", ""playtime"": ""Not mentioned"", ""ComfortFit"": ""Not mentioned"", ""Batterylife"": ""Not mentioned"", ""NoiseCancellation"": ""Not mentioned""}"
15,1,Rachel Lopez,5,These headphones are phenomenal! The battery life is unreal; I can listen to music for days without worrying about charging them. I love the sound customization options through the app letting me set my audio to my liking. Plus the comfort is outstanding perfect for long hours at work. Highly recommend!,2023-10-01,"{""Mic"": ""Not mentioned in the document."", ""EQmodes"": ""Sound customization options are available through the app."", ""DeepBass"": ""Not mentioned in the document."", ""Foldable"": ""Not mentioned in the document."", ""playtime"": ""The playtime is described as lasting for days without charging."", ""ComfortFit"": ""The comfort is described as 'outstanding', suitable for long hours of use."", ""Batterylife"": ""The battery life is described as 'unreal', allowing for days of use without charging."", ""NoiseCancellation"": ""Not mentioned in the document.""}"
16,1,Jason Wilson,1,Terribly unhappy with this product. The sound quality is mediocre at best and Ive experienced multiple disconnections while using them. Customer service did not help me when I reached out regarding the issues. I did not expect to spend this much and end up with such a frustrating experience. Definitely would not recommend.,2023-10-01,"{""Mic"": ""Not mentioned"", ""EQmodes"": ""Not mentioned"", ""DeepBass"": ""Not mentioned"", ""Foldable"": ""Not mentioned"", ""playtime"": ""Not mentioned"", ""ComfortFit"": ""Not mentioned"", ""Batterylife"": ""Not mentioned"", ""NoiseCancellation"": ""Not mentioned""}"
17,1,Jessica White,4,The Vyron headphones are stylish and lightweight which I love! They pair effortlessly with my phone and the audio quality is crisp and clear. However the button controls take a bit of getting used to. Once I figured it out I enjoyed them. Great option for budget-conscious buyers!,2023-10-01,"{""Mic"": """", ""EQmodes"": """", ""DeepBass"": """", ""Foldable"": """", ""playtime"": """", ""ComfortFit"": """", ""Batterylife"": """", ""NoiseCancellation"": """"}"
18,1,Anthony King,3,Decent pair of headphones. I like the sound quality but they dont isolate background noise well. The design is attractive and I find them comfortable for short sessions but they can become a bit uncomfortable after extended use. Overall they offer some good features but they could be improved in the comfort department.,2023-10-01,"{""Mic"": ""Not mentioned"", ""EQmodes"": ""Not mentioned"", ""DeepBass"": ""Not mentioned"", ""Foldable"": ""Not mentioned"", ""playtime"": ""Not mentioned"", ""ComfortFit"": ""Comfortable for short sessions, but can become uncomfortable after extended use"", ""Batterylife"": ""Not mentioned"", ""NoiseCancellation"": ""They don't isolate background noise well""}"
19,1,Olivia Garcia,5,Absolutely stellar product! I was looking for a lightweight and comfortable pair of headphones and these exceeded my expectations. The sound quality is absolutely exceptional with deep bass and clear highs. Plus they last for days on a single charge. I highly recommend these for anyone who loves music!,2023-10-01,"{""Mic"": ""Not mentioned"", ""EQmodes"": ""Not mentioned"", ""DeepBass"": ""deep bass"", ""Foldable"": ""Not mentioned"", ""playtime"": ""Not mentioned"", ""ComfortFit"": ""lightweight and comfortable"", ""Batterylife"": ""last for days on a single charge"", ""NoiseCancellation"": ""Not mentioned""}"
20,1,Paul Martinez,1,Really disappointed. They broke after a month of casual use. The sound quality was mediocre and they started disconnecting randomly. Trying to resolve this through customer support was frustrating; they were unhelpful. I expected much more based on the positive reviews. Save your money!,2023-10-01,"{""Mic"": ""Not mentioned"", ""EQmodes"": ""Not mentioned"", ""DeepBass"": ""Not mentioned"", ""Foldable"": ""Not mentioned"", ""playtime"": ""Not mentioned"", ""ComfortFit"": ""Not mentioned"", ""Batterylife"": ""Not mentioned"", ""NoiseCancellation"": ""Not mentioned""}"
21,1,Kelly Hall,2,Not the best purchase Ive made. They look nice and are easy to use but the sound isnt as great as I had hoped. They also dont fit as snugly as Id like leading to sound leakage. I can use them for light listening but for serious music lovers I would suggest looking elsewhere.,2023-10-01,"{""Mic"": ""Not mentioned"", ""EQmodes"": ""Not mentioned"", ""DeepBass"": ""Not mentioned"", ""Foldable"": ""Not mentioned"", ""playtime"": ""Not mentioned"", ""ComfortFit"": ""They don't fit as snugly as desired, leading to sound leakage."", ""Batterylife"": ""Not mentioned"", ""NoiseCancellation"": ""Not mentioned""}"
22,1,Sam Turner,4,Great headphones! Love the build quality and the versatility in sound settings. They work seamlessly with my tablet and smartphone which is a big plus. The only downside I noticed was the transportation case is a bit flimsy. Overall they perform well and are a solid choice for anyone looking for wireless!,2023-10-01,"{""Mic"": ""Not mentioned"", ""EQmodes"": ""Not mentioned"", ""DeepBass"": ""Not mentioned"", ""Foldable"": ""Not mentioned"", ""playtime"": ""Not mentioned"", ""ComfortFit"": ""Not mentioned"", ""Batterylife"": ""Not mentioned"", ""NoiseCancellation"": ""Not mentioned""}"
23,1,Jessica King,5,Best headphones Ive ever owned! The sound quality is out of this world. I love how lightweight they are which makes them perfect for long listening sessions. I was impressed by the battery life lasting longer than I expected. Definitely my go-to recommendation for friends looking for new headphones!,2023-10-01,"{""Mic"": ""not mentioned"", ""EQmodes"": ""not mentioned"", ""DeepBass"": ""not mentioned"", ""Foldable"": ""not mentioned"", ""playtime"": ""not mentioned"", ""ComfortFit"": ""lightweight, perfect for long listening sessions"", ""Batterylife"": ""lasting longer than expected"", ""NoiseCancellation"": ""not mentioned""}"
24,2,Alice Johnson,5,These Nexvo headphones are a game-changer! The sound quality is incredibly rich and immersive especially with the adjustable equalizer modes. I love how they seamlessly switch from Bluetooth to wired mode; it really adds to the versatility. The comfort level is top-notch with soft ear cushions that allow for hours of listening without discomfort. Highly recommend for anyone who values sound and comfort!,2023-10-01,"{""Mic"": """", ""EQmodes"": ""Adjustable equalizer modes."", ""DeepBass"": """", ""Foldable"": """", ""playtime"": """", ""ComfortFit"": ""Soft ear cushions that allow for hours of listening without discomfort."", ""Batterylife"": """", ""NoiseCancellation"": """"}"
25,2,Samuel Brown,5,I am genuinely impressed with these headphones! The battery life is unbelievable—65 hours of continuous use is no joke! I frequently forget to recharge them because they last so long. The design is sleek and fits comfortably over my ears. Plus connecting to my phone and tablet simultaneously is super convenient. Definitely worth every penny!,2023-10-01,"{""Mic"": ""Not mentioned"", ""EQmodes"": ""Not mentioned"", ""DeepBass"": ""Not mentioned"", ""Foldable"": ""Not mentioned"", ""playtime"": ""65 hours"", ""ComfortFit"": ""fits comfortably over ears"", ""Batterylife"": ""65 hours"", ""NoiseCancellation"": ""Not mentioned""}"
26,2,Emily Davis,4,Great sound and design but I wish the user manual had clearer instructions. The build quality feels durable and the memory foam cushions are very comfortable. The connection is quick but occasionally it drops when I move too far away. Overall highly satisfied with my purchase for everyday use.,2023-10-01,"{""Mic"": """", ""EQmodes"": """", ""DeepBass"": """", ""Foldable"": """", ""playtime"": """", ""ComfortFit"": ""The memory foam cushions are very comfortable."", ""Batterylife"": """", ""NoiseCancellation"": """"}"
28,2,Sophia Martinez,2,I expected great things from the Nexvo headphones but unfortunately they did not meet my expectations. The sound is nice but the bass isnt as deep as I had hoped making it less enjoyable for music lovers. Plus I had some issues with the Bluetooth connectivity; it often disconnects unexpectedly. They are lightweight which is a plus but I wouldnt recommend them for serious listening.,2023-10-01,"{""Mic"": ""Not mentioned"", ""EQmodes"": ""Not mentioned"", ""DeepBass"": ""Not as deep as expected"", ""Foldable"": ""Not mentioned"", ""playtime"": ""Not mentioned"", ""ComfortFit"": ""Lightweight"", ""Batterylife"": ""Not mentioned"", ""NoiseCancellation"": ""Not mentioned""}"
29,2,James Wilson,1,Extremely disappointed! After using them for just a week the left ear stopped working. I reached out to customer support but it took forever to get a response and when I finally did they were unhelpful. The idea of dual connection was appealing but it doesnt work as it should. I wouldnt recommend these to anyone—save your money.,2023-10-01,"{""Mic"": """", ""EQmodes"": """", ""DeepBass"": """", ""Foldable"": """", ""playtime"": """", ""ComfortFit"": """", ""Batterylife"": """", ""NoiseCancellation"": """"}"
30,2,Olivia Garcia,5,These headphones have changed my listening experience! The audio is crystal clear and Im particularly impressed with how well they perform in noisy environments. The design is chic and modern. I carry them everywhere! Plus the extended battery life is a lifesaver for my long commutes. Totally worth the investment.,2023-10-01,"{""Mic"": ""Not mentioned"", ""EQmodes"": ""Not mentioned"", ""DeepBass"": ""Not mentioned"", ""Foldable"": ""Not mentioned"", ""playtime"": ""Not mentioned"", ""ComfortFit"": ""Not mentioned"", ""Batterylife"": ""Extended battery life"", ""NoiseCancellation"": ""Perform well in noisy environments""}"
31,2,David Anderson,4,Im really happy with these headphones overall! The sound quality is fantastic especially with so many customizable modes. The design feels chic and theyre very comfortable during long listening sessions. My only small complaint is that the touch controls can be a bit sensitive. Otherwise I highly recommend these for both music and calls!,2023-10-01,"{""Mic"": ""I highly recommend these for both music and calls."", ""EQmodes"": ""The sound quality is fantastic, especially with so many customizable modes."", ""DeepBass"": """", ""Foldable"": """", ""playtime"": """", ""ComfortFit"": ""They're very comfortable during long listening sessions."", ""Batterylife"": """", ""NoiseCancellation"": """"}"
32,2,Charlotte Hernandez,3,The Nexvo headphones perform pretty well but theyre not without their flaws. On the good side the sound quality is nice and I appreciate the lightweight design. However the Bluetooth can be a hassle at times and I found myself frequently having to reconnect. Theyre okay but I might look for other options next time.,2023-10-01,"{""Mic"": ""Not mentioned"", ""EQmodes"": ""Not mentioned"", ""DeepBass"": ""Not mentioned"", ""Foldable"": ""Not mentioned"", ""playtime"": ""Not mentioned"", ""ComfortFit"": ""Lightweight design appreciated"", ""Batterylife"": ""Not mentioned"", ""NoiseCancellation"": ""Not mentioned""}"
33,2,Henry Kim,2,I wanted to love these headphones but there are just too many issues. The sound quality varies drastically depending on the mode and the battery life isnt as long as advertised. While the build seems sturdy I think they could be improved significantly for this price point. I wouldnt count on them for serious usage.,2023-10-01,"{""Mic"": ""Not mentioned."", ""EQmodes"": ""The sound quality varies drastically depending on the mode."", ""DeepBass"": ""Not mentioned."", ""Foldable"": ""Not mentioned."", ""playtime"": ""Not mentioned."", ""ComfortFit"": ""Not mentioned."", ""Batterylife"": ""The battery life isn't as long as advertised."", ""NoiseCancellation"": ""Not mentioned.""}"
34,2,Jessica Lee,1,Complete waste of money! They worked for less than a month before the audio cut out completely. I tried reaching out for support but I got no replies after days of waiting. The sound was decent while they lasted but the lack of durability is a dealbreaker for me. I regret this purchase!,2023-10-01,"{""Mic"": ""Not mentioned"", ""EQmodes"": ""Not mentioned"", ""DeepBass"": ""Not mentioned"", ""Foldable"": ""Not mentioned"", ""playtime"": ""Less than a month"", ""ComfortFit"": ""Not mentioned"", ""Batterylife"": ""Not mentioned"", ""NoiseCancellation"": ""Not mentioned""}"
35,2,Benjamin White,5,Absolutely love these headphones! The sound quality is phenomenal with vibrant bass and clear highs. I frequently use them for long gaming sessions and they are incredibly comfortable. The battery life is ridiculous—65 hours really means I can use them for days without recharging. An awesome investment!,2023-10-01,"{""Mic"": ""Not mentioned"", ""EQmodes"": ""Not mentioned"", ""DeepBass"": ""vibrant bass"", ""Foldable"": ""Not mentioned"", ""playtime"": ""Not mentioned"", ""ComfortFit"": ""incredibly comfortable"", ""Batterylife"": ""65 hours"", ""NoiseCancellation"": ""Not mentioned""}"
36,2,Ava Clark,4,These headphones offer a lot of value! The sound is great and I love being able to switch between devices without hassle. While the cushioning is soft and comfy the headphones do feel a bit on the heavier side after prolonged use. Im thoroughly satisfied overall and feel theyre worth the price.,2023-10-01,"{""Mic"": """", ""EQmodes"": """", ""DeepBass"": """", ""Foldable"": """", ""playtime"": """", ""ComfortFit"": ""Soft and comfy cushioning, but feels heavier after prolonged use."", ""Batterylife"": """", ""NoiseCancellation"": """"}"
37,2,Mason Scott,3,I have mixed feelings about these headphones. They sound good and connect easily which is a huge plus but I found them to be heavier than what I expected. Also the controls can be finicky and sometimes unresponsive. They serve the purpose but I think Ill look to other brands next time.,2023-10-01,"{""Mic"": """", ""EQmodes"": """", ""DeepBass"": """", ""Foldable"": """", ""playtime"": """", ""ComfortFit"": ""Heavier than expected"", ""Batterylife"": """", ""NoiseCancellation"": """"}"
38,2,Natalie Rodriguez,2,I had high hopes for the Nexvo headphones but theyre just okay. The sound quality is decent but its not anything special compared to others Ive tried. The Bluetooth connection works but it frequently drops out. They look nice but I expected a bit more from a brand that promotes extended playback. Not sure if Id buy again.,2023-10-01,"{""Mic"": ""Not explicitly mentioned"", ""EQmodes"": ""Not explicitly mentioned"", ""DeepBass"": ""Not explicitly mentioned"", ""Foldable"": ""Not explicitly mentioned"", ""playtime"": ""The brand promotes extended playback, but no specific details are given."", ""ComfortFit"": ""Not explicitly mentioned"", ""Batterylife"": ""Not explicitly mentioned"", ""NoiseCancellation"": ""Not explicitly mentioned""}"
39,2,Elijah Wilson,1,Terrible experience with these headphones! They stopped working completely after a few weeks. Customer support was unresponsive when I tried to reach out for help. The sound was nice while they were working but the durability is unacceptable. Save your money—these are not worth it!,2023-10-01,"{""Mic"": ""Not mentioned"", ""EQmodes"": ""Not mentioned"", ""DeepBass"": ""Not mentioned"", ""Foldable"": ""Not mentioned"", ""playtime"": ""Not mentioned"", ""ComfortFit"": ""Not mentioned"", ""Batterylife"": ""Not mentioned"", ""NoiseCancellation"": ""Not mentioned""}"
1095,47,Jessica King,2,Unfortunately I was disappointed with the Nexvo C5. The tablet started to glitch after a week of use which was frustrating. While the display is nice the overall performance left much to be desired. Its lightweight but I cant say Id recommend it based on my experience.,2023-10-01,"{""Mic"": """", ""EQmodes"": """", ""DeepBass"": """", ""Foldable"": """", ""playtime"": """", ""ComfortFit"": """", ""Batterylife"": """", ""NoiseCancellation"": """"}"
40,2,Chloe Turner,5,Incredible headphones! The audio quality is superb and Ive been enjoying them for podcasts and music alike. The comfort level is a plus allowing me to wear them for hours without pain. I appreciate how quickly they connect and maintain a stable connection. Im very pleased with this purchase!,2023-10-01,"{""Mic"": ""Not mentioned"", ""EQmodes"": ""Not mentioned"", ""DeepBass"": ""Not mentioned"", ""Foldable"": ""Not mentioned"", ""playtime"": ""Not mentioned"", ""ComfortFit"": ""The comfort level is a plus, allowing me to wear them for hours without pain."", ""Batterylife"": ""Not mentioned"", ""NoiseCancellation"": ""Not mentioned""}"
41,2,Liam Williams,4,These are solid headphones with a great price-to-quality ratio. The sound is impressive especially with the various equalizer options available. They can get a bit uncomfortable during long sessions but overall they perform well. Id recommend these to anyone looking for good quality without breaking the bank.,2023-10-01,"{""Mic"": ""Not mentioned"", ""EQmodes"": ""Various equalizer options available"", ""DeepBass"": ""Not mentioned"", ""Foldable"": ""Not mentioned"", ""playtime"": ""Not mentioned"", ""ComfortFit"": ""Can get a bit uncomfortable during long sessions"", ""Batterylife"": ""Not mentioned"", ""NoiseCancellation"": ""Not mentioned""}"
42,2,Sofia Davis,3,These headphones are decent but Ive experienced some connectivity issues when using them with multiple devices. On the upside the sound quality is pretty good and they look stylish. They serve their purpose but I think I might try something else next time for a more reliable experience.,2023-10-01,"{""Mic"": """", ""EQmodes"": """", ""DeepBass"": """", ""Foldable"": """", ""playtime"": """", ""ComfortFit"": """", ""Batterylife"": """", ""NoiseCancellation"": """"}"
43,2,Noah Jackson,2,They look nice but I had high expectations and was let down. The sound is okay but not great especially for a product in this price range. I found the build to be a little flimsy as well especially the ear cushions which feel cheap. Might look for a more robust option next time.,2023-10-01,"{""Mic"": """", ""EQmodes"": """", ""DeepBass"": """", ""Foldable"": """", ""playtime"": """", ""ComfortFit"": """", ""Batterylife"": """", ""NoiseCancellation"": """"}"
44,2,Emma Harper,1,Horrible quality. The headphones didnt last more than a month before the sound cut in and out. Customer support does not respond making it impossible to resolve issues. The battery lifes endurance was the only good thing about them but that didnt matter when they stopped working. Please avoid!,2023-10-01,"{""Mic"": ""Not mentioned."", ""EQmodes"": ""Not mentioned."", ""DeepBass"": ""Not mentioned."", ""Foldable"": ""Not mentioned."", ""playtime"": ""Not mentioned."", ""ComfortFit"": ""Not mentioned."", ""Batterylife"": ""The battery life's endurance was the only good thing about them."", ""NoiseCancellation"": ""Not mentioned.""}"
45,2,Lucas Hill,5,Im blown away by these headphones! The sound quality is out of this world with deep bass. They fit perfectly and are great for long use without discomfort. Plus I love the fact I can use them in wired mode. Definitely the best headphones Ive purchased in a while!,2023-10-01,"{""Mic"": ""Not mentioned"", ""EQmodes"": ""Not mentioned"", ""DeepBass"": ""The sound quality is out of this world with deep bass."", ""Foldable"": ""Not mentioned"", ""playtime"": ""Not mentioned"", ""ComfortFit"": ""They fit perfectly and are great for long use without discomfort."", ""Batterylife"": ""Not mentioned"", ""NoiseCancellation"": ""Not mentioned""}"
46,2,Grace Adams,4,Great headphones for the price! The battery life is incredible and the sound quality is solid. They can be a bit cumbersome at times and the controls are sometimes too sensitive. Still Im very satisfied with my purchase. They offer excellent value for the investment.,2023-10-01,"{""Mic"": ""not mentioned"", ""EQmodes"": ""not mentioned"", ""DeepBass"": ""not mentioned"", ""Foldable"": ""not mentioned"", ""playtime"": ""not mentioned"", ""ComfortFit"": ""can be a bit cumbersome at times"", ""Batterylife"": ""incredible"", ""NoiseCancellation"": ""not mentioned""}"
47,3,Alice Johnson,5,These Nexvo Bluetooth headphones are absolutely amazing! The sound quality is top-notch making my music sound even better than I expected. The comfort level is unreal—I can wear them for hours without feeling any strain at all. I love the sleek design too which looks great no matter where I take them. Its definitely a steal for the price!,2023-10-01,"{""Mic"": ""Not mentioned"", ""EQmodes"": ""Not mentioned"", ""DeepBass"": ""Not mentioned"", ""Foldable"": ""Not mentioned"", ""playtime"": ""Not mentioned"", ""ComfortFit"": ""Unreal comfort level, can wear for hours without strain"", ""Batterylife"": ""Not mentioned"", ""NoiseCancellation"": ""Not mentioned""}"
48,3,David Barnes,5,I couldnt be happier with my purchase of these headphones! The audio experience is just like being at a concert and the battery life is insane—70 hours of playtime? Im blown away! They are so easy to connect to my phone and I appreciate the flexibility of using them wired when the battery runs low. Highly recommended!,2023-10-01,"{""Mic"": ""Not mentioned"", ""EQmodes"": ""Not mentioned"", ""DeepBass"": ""Not mentioned"", ""Foldable"": ""Not mentioned"", ""playtime"": ""70 hours"", ""ComfortFit"": ""Not mentioned"", ""Batterylife"": ""70 hours"", ""NoiseCancellation"": ""Not mentioned""}"
49,3,Linda White,5,Just wow! These headphones have exceeded my expectations in every way. The noise isolation is fantastic allowing me to truly immerse myself in my favorite tunes. The build quality feels robust and the soft memory foam cushions make them perfect for long listening sessions. Whether Im at the gym or travelling these are my go-to headphones!,2023-10-01,"{""Mic"": ""Not mentioned"", ""EQmodes"": ""Not mentioned"", ""DeepBass"": ""Not mentioned"", ""Foldable"": ""Not mentioned"", ""playtime"": ""Not mentioned"", ""ComfortFit"": ""Soft memory foam cushions make them perfect for long listening sessions"", ""Batterylife"": ""Not mentioned"", ""NoiseCancellation"": ""Noise isolation is fantastic""}"
50,3,Mark Taylor,4,Really impressed with the overall quality! The sound is clear and powerful and they were a breeze to connect to my devices. The only downside is that they could be a bit more lightweight for long durations. Still very comfortable for everyday use and the look is modern and stylish. Definitely worth the investment!,2023-10-01,"{""Mic"": """", ""EQmodes"": """", ""DeepBass"": """", ""Foldable"": """", ""playtime"": """", ""ComfortFit"": ""Very comfortable for everyday use."", ""Batterylife"": """", ""NoiseCancellation"": """"}"
51,3,Jessica Turner,4,Great headphones for the price! I love how easy they were to set up—connected right away without any hassle. The sound quality is excellent for casual listening although I noticed they dont block out all external noise as well as I hoped. Overall a solid purchase for my daily commute.,2023-10-01,"{""Mic"": ""Not mentioned"", ""EQmodes"": ""Not mentioned"", ""DeepBass"": ""Not mentioned"", ""Foldable"": ""Not mentioned"", ""playtime"": ""Not mentioned"", ""ComfortFit"": ""Not mentioned"", ""Batterylife"": ""Not mentioned"", ""NoiseCancellation"": ""They don't block out all external noise as well as hoped""}"
77,4,Chris King,4,Great headphones! The sound quality is really impressive and I love how easy it is to switch between devices. The only reason Im giving it four stars instead of five is that I wish the controls were more intuitive; sometimes I accidentally skip songs. But overall its a solid product and a nice addition to my audio gear.,2023-10-01,"{""Mic"": """", ""EQmodes"": """", ""DeepBass"": """", ""Foldable"": """", ""playtime"": """", ""ComfortFit"": """", ""Batterylife"": """", ""NoiseCancellation"": """"}"
52,3,Nathan Gray,3,Decent headphones but not without issues. The sound quality is good but I found the battery life to be shorter than advertised—about 50 hours for me. They feel pretty comfortable but the ear cups could use a little more padding for prolonged use. They work okay for the price but I feel there are better options out there.,2023-10-01,"{""Mic"": ""Not mentioned"", ""EQmodes"": ""Not mentioned"", ""DeepBass"": ""Not mentioned"", ""Foldable"": ""Not mentioned"", ""playtime"": ""about 50 hours"", ""ComfortFit"": ""pretty comfortable, but the ear cups could use a little more padding for prolonged use"", ""Batterylife"": ""about 50 hours"", ""NoiseCancellation"": ""Not mentioned""}"
53,3,Tina Nguyen,3,These headphones are just average. The build quality seems decent but I experienced latency while watching videos which was frustrating. They look nice and the sound is satisfactory but I expected more for the price. Good for casual use but I wouldnt rely on them for professional-grade audio.,2023-10-01,"{""Mic"": ""Not mentioned"", ""EQmodes"": ""Not mentioned"", ""DeepBass"": ""Not mentioned"", ""Foldable"": ""Not mentioned"", ""playtime"": ""Not mentioned"", ""ComfortFit"": ""Not mentioned"", ""Batterylife"": ""Not mentioned"", ""NoiseCancellation"": ""Not mentioned""}"
54,3,Samuel Robinson,2,Not very impressed with these headphones. While the sound quality is decent for casual use I found them uncomfortable after a while. Plus the Bluetooth connection drops occasionally which is frustrating during calls. Honestly I think there are better products available that are more reliable and comfortable.,2023-10-01,"{""Mic"": ""Not mentioned"", ""EQmodes"": ""Not mentioned"", ""DeepBass"": ""Not mentioned"", ""Foldable"": ""Not mentioned"", ""playtime"": ""Not mentioned"", ""ComfortFit"": ""Uncomfortable after a while"", ""Batterylife"": ""Not mentioned"", ""NoiseCancellation"": ""Not mentioned""}"
55,3,Karen Miller,2,I had high hopes for these headphones but they fell short. The cushioning is soft but the fit was too tight for me and it left me with a headache. I also faced connectivity issues which made using them quite inconvenient. Theyre usable but Id certainly look for something better next time.,2023-10-01,"{""Mic"": """", ""EQmodes"": """", ""DeepBass"": """", ""Foldable"": """", ""playtime"": """", ""ComfortFit"": ""The fit was too tight and caused discomfort."", ""Batterylife"": """", ""NoiseCancellation"": """"}"
56,3,Steven White,1,These headphones are a disaster! They stopped working after just a week and I was unable to get any help from customer support. The sound was fine while they lasted but what good is that if they break so quickly? I wish I had done more research before buying. A complete waste of money!,2023-10-01,"{""Mic"": ""Not mentioned"", ""EQmodes"": ""Not mentioned"", ""DeepBass"": ""Not mentioned"", ""Foldable"": ""Not mentioned"", ""playtime"": ""Not mentioned"", ""ComfortFit"": ""Not mentioned"", ""Batterylife"": ""Not mentioned"", ""NoiseCancellation"": ""Not mentioned""}"
57,3,Emily Clark,1,I am so disappointed with this purchase. The headphones were supposed to connect easily but I spent hours trying to pair them. When I finally did the audio quality was mediocre at best with annoying static. I returned them immediately. Save your money; these just dont live up to expectations.,2023-10-01,"{""Mic"": ""Not mentioned"", ""EQmodes"": ""Not mentioned"", ""DeepBass"": ""Not mentioned"", ""Foldable"": ""Not mentioned"", ""playtime"": ""Not mentioned"", ""ComfortFit"": ""Not mentioned"", ""Batterylife"": ""Not mentioned"", ""NoiseCancellation"": ""Not mentioned""}"
58,3,Richard Evans,5,Wow these headphones have changed my listening experience! The sound quality is phenomenal especially the bass. I also love how lightweight and comfortable they are. I can wear them during my long runs without any discomfort. Plus the battery life is impressive—really cant recommend them enough!,2023-10-01,"{""Mic"": ""not mentioned"", ""EQmodes"": ""not mentioned"", ""DeepBass"": ""phenomenal, especially the bass"", ""Foldable"": ""not mentioned"", ""playtime"": ""not mentioned"", ""ComfortFit"": ""lightweight and comfortable"", ""Batterylife"": ""impressive"", ""NoiseCancellation"": ""not mentioned""}"
59,3,Olivia Brown,5,Best headphones Ive owned! The sound is crystal clear and the comfort level is outstanding. I can easily wear them for hours while studying or gaming. The wireless range is fantastic—I can move around the house without losing connection. I will definitely be buying more as gifts!,2023-10-01,"{""Mic"": ""Not mentioned"", ""EQmodes"": ""Not mentioned"", ""DeepBass"": ""Not mentioned"", ""Foldable"": ""Not mentioned"", ""playtime"": ""Not mentioned"", ""ComfortFit"": ""Outstanding comfort level, can be worn for hours"", ""Batterylife"": ""Not mentioned"", ""NoiseCancellation"": ""Not mentioned""}"
60,3,Paul Wilson,4,These headphones are good value for the price. The sound is well-balanced and I appreciate the option to use them wired when needed. However the plastic build construction doesnt feel premium and I worry about long-term durability. Still for everyday use theyve been a good option so far.,2023-10-01,"{""Mic"": """", ""EQmodes"": """", ""DeepBass"": """", ""Foldable"": """", ""playtime"": """", ""ComfortFit"": """", ""Batterylife"": """", ""NoiseCancellation"": """"}"
61,3,Nina Parker,4,I really like these headphones! They are comfortable and the sound quality is surprisingly good for the price point. The only issue I faced was some initial difficulty in navigating the touch controls. Once I got the hang of it though theyve become my favorite headphones to use daily.,2023-10-01,"{""Mic"": """", ""EQmodes"": """", ""DeepBass"": """", ""Foldable"": """", ""playtime"": """", ""ComfortFit"": ""Yes"", ""Batterylife"": """", ""NoiseCancellation"": """"}"
62,3,Chris Lee,3,They are alright but nothing extraordinary. The sound quality is decent but there are times when the audio cuts out. I do love the comfort; they fit nicely over my ears. For casual listening they do the job but if youre an audiophile you might want to invest more for better quality.,2023-10-01,"{""Mic"": ""Not mentioned"", ""EQmodes"": ""Not mentioned"", ""DeepBass"": ""Not mentioned"", ""Foldable"": ""Not mentioned"", ""playtime"": ""Not mentioned"", ""ComfortFit"": ""They fit nicely over the ears"", ""Batterylife"": ""Not mentioned"", ""NoiseCancellation"": ""Not mentioned""}"
63,3,Laura Adams,3,These headphones are just okay. They offer decent sound but not the bass I was expecting. I found them a bit bulky which makes them uncomfortable for long periods. The battery life is impressive though. If youre looking for something basic without any frills they may work for you.,2023-10-01,"{""Mic"": ""not mentioned"", ""EQmodes"": ""not mentioned"", ""DeepBass"": ""not the bass I was expecting"", ""Foldable"": ""not mentioned"", ""playtime"": ""not mentioned"", ""ComfortFit"": ""a bit bulky, which makes them uncomfortable for long periods"", ""Batterylife"": ""impressive"", ""NoiseCancellation"": ""not mentioned""}"
64,3,Derek Scott,2,I had high expectations but these headphones just do not meet the mark. The audio quality varies dramatically depending on the track and I often encounter connection issues. They look nice and I appreciate the lightweight design but functionality fails. I would not recommend them for serious use.,2023-10-01,"{""Mic"": ""Not mentioned"", ""EQmodes"": ""Not mentioned"", ""DeepBass"": ""Not mentioned"", ""Foldable"": ""Not mentioned"", ""playtime"": ""Not mentioned"", ""ComfortFit"": ""Lightweight design appreciated"", ""Batterylife"": ""Not mentioned"", ""NoiseCancellation"": ""Not mentioned""}"
65,3,Jenny Parker,2,I thought I was getting a deal with these headphones but Ive experienced too many problems. The sound is mediocre and they tend to slip off my ears during use. My main concern is the battery life; they barely last past 40 hours for me. Overall I regret this purchase.,2023-10-01,"{""Mic"": ""Not mentioned"", ""EQmodes"": ""Not mentioned"", ""DeepBass"": ""Not mentioned"", ""Foldable"": ""Not mentioned"", ""playtime"": ""barely last past 40 hours"", ""ComfortFit"": ""tend to slip off my ears during use"", ""Batterylife"": ""barely last past 40 hours"", ""NoiseCancellation"": ""Not mentioned""}"
66,3,Vincent Young,1,Terrible quality! These headphones started to crack after just a few days of usage. The sound quality was disappointing with poor bass. I contacted customer support for help and they were unresponsive. Definitely would not recommend wasting your money on this product!,2023-10-01,"{""Mic"": ""Not mentioned"", ""EQmodes"": ""Not mentioned"", ""DeepBass"": ""Poor bass"", ""Foldable"": ""Not mentioned"", ""playtime"": ""Not mentioned"", ""ComfortFit"": ""Not mentioned"", ""Batterylife"": ""Not mentioned"", ""NoiseCancellation"": ""Not mentioned""}"
67,3,Jessica Harris,5,Absolutely love my Nexvo headphones! The sound is amazing making all genres of music sound vibrant and full. They are incredibly comfortable with cushions that feel like clouds on my ears. The battery life is unbeatable! Ive used them for days without needing to recharge. Totally worth every penny!,2023-10-01,"{""Mic"": ""Not mentioned"", ""EQmodes"": ""Not mentioned"", ""DeepBass"": ""amazing sound, making all genres of music sound vibrant and full"", ""Foldable"": ""Not mentioned"", ""playtime"": ""days without needing to recharge"", ""ComfortFit"": ""incredibly comfortable, with cushions that feel like clouds on my ears"", ""Batterylife"": ""unbeatable"", ""NoiseCancellation"": ""Not mentioned""}"
68,3,Anthony King,5,These headphones are a perfect mix of style and function! The sound isolation is excellent which makes them perfect for my daily commute. I also appreciate the mic quality during calls—a huge plus for work. The design is sleek and modern making them a great accessory. Highly recommend!,2023-10-01,"{""Mic"": ""Yes"", ""EQmodes"": """", ""DeepBass"": """", ""Foldable"": """", ""playtime"": """", ""ComfortFit"": """", ""Batterylife"": """", ""NoiseCancellation"": ""Yes""}"
69,3,Sarah Collins,4,Solid headphones with great sound quality! The setup was pretty straightforward and took only a few minutes. I love using them for both workouts and casual listening. However sometimes the connection drops when Im moving around too much. Still theyve been a great addition to my tech collection!,2023-10-01,"{""Mic"": """", ""EQmodes"": """", ""DeepBass"": """", ""Foldable"": """", ""playtime"": """", ""ComfortFit"": """", ""Batterylife"": """", ""NoiseCancellation"": """"}"
70,3,Melissa Adams,3,Overall these headphones are decent. Theyre comfortable and look nice but I encountered issues with the battery lasting less than the advertised time. The sound is okay but nothing that stands out from my previous sets. Good for casual listening but I expected more reliability.,2023-10-01,"{""Mic"": ""not mentioned"", ""EQmodes"": ""not mentioned"", ""DeepBass"": ""not mentioned"", ""Foldable"": ""not mentioned"", ""playtime"": ""less than the advertised time"", ""ComfortFit"": ""comfortable"", ""Batterylife"": ""less than the advertised time"", ""NoiseCancellation"": ""not mentioned""}"
71,4,Emily Watson,5,These Lumeon TUNE 510BT headphones are simply amazing! The sound quality is out of this world with rich bass that I can feel. Ive used many Bluetooth headphones before but the active noise cancellation on these is a game changer. Plus the battery life just blows my mind—42 hours on one charge means I can listen all week without worrying about recharging. Highly recommend for anyone who loves great sound!,2023-10-01,"{""Mic"": ""Not mentioned"", ""EQmodes"": ""Not mentioned"", ""DeepBass"": ""Rich bass"", ""Foldable"": ""Not mentioned"", ""playtime"": ""42 hours"", ""ComfortFit"": ""Not mentioned"", ""Batterylife"": ""42 hours"", ""NoiseCancellation"": ""Active noise cancellation""}"
72,4,Michael Brown,4,I really enjoy using these headphones. The design is stylish and comfortable but I did find the ear cushions a bit on the firm side during long listening sessions. The sound quality is impressive particularly the bass. I dropped a star because the Bluetooth connectivity can be a little finicky at times. Overall a good purchase for music lovers!,2023-10-01,"{""Mic"": ""Not mentioned"", ""EQmodes"": ""Not mentioned"", ""DeepBass"": ""Impressive, particularly the bass"", ""Foldable"": ""Not mentioned"", ""playtime"": ""Not mentioned"", ""ComfortFit"": ""Stylish and comfortable, but ear cushions are a bit firm for long sessions"", ""Batterylife"": ""Not mentioned"", ""NoiseCancellation"": ""Not mentioned""}"
73,4,Sarah Johnson,3,The Lumeon TUNE 510BT offers solid performance but there are some noticeable flaws. While the sound quality is decent I expected more from the active noise cancellation. Its good just not perfect. The setup was a breeze and it paired easily with my smartphone. However I experienced some issues with the controls being unresponsive. Its an okay buy but I think I might try something else next time.,2023-10-01,"{""Mic"": """", ""EQmodes"": """", ""DeepBass"": """", ""Foldable"": """", ""playtime"": """", ""ComfortFit"": """", ""Batterylife"": """", ""NoiseCancellation"": ""Active noise cancellation is good but not perfect.""}"
74,4,David Wilson,2,I was really excited about these headphones but they didnt live up to the hype. The sound quality is not as rich as I hoped and they tend to lose connection unexpectedly. While the battery life is impressive the build quality feels a bit cheap for the price. I wish I could love them more but Ive had better experiences with headphones before.,2023-10-01,"{""Mic"": ""not mentioned"", ""EQmodes"": ""not mentioned"", ""DeepBass"": ""not mentioned"", ""Foldable"": ""not mentioned"", ""playtime"": ""not mentioned"", ""ComfortFit"": ""not mentioned"", ""Batterylife"": ""impressive"", ""NoiseCancellation"": ""not mentioned""}"
75,4,Laura Martin,1,Very disappointed. After just a few days the left ear stopped working entirely and customer service was unhelpful. I followed all the troubleshooting steps but nothing worked. The sound was good while it lasted though I found the ear cups uncomfortable over long periods. I do not recommend these headphones at all!,2023-10-01,"{""Mic"": """", ""EQmodes"": """", ""DeepBass"": """", ""Foldable"": """", ""playtime"": """", ""ComfortFit"": ""The ear cups were found uncomfortable over long periods."", ""Batterylife"": """", ""NoiseCancellation"": """"}"
76,4,James Clark,5,Absolutely fantastic headphones! The Lumeon sound technology really delivers on its promise of rich bass. Ive gone through several brands but these are my favorite. They are incredibly comfortable to wear even during long listening sessions. The battery life is unbelievable and I love being able to switch between my laptop and phone effortlessly. Definitely worth every penny!,2023-10-01,"{""Mic"": ""not mentioned"", ""EQmodes"": ""not mentioned"", ""DeepBass"": ""rich bass"", ""Foldable"": ""not mentioned"", ""playtime"": ""not mentioned"", ""ComfortFit"": ""incredibly comfortable to wear even during long listening sessions"", ""Batterylife"": ""unbelievable"", ""NoiseCancellation"": ""not mentioned""}"
1254,53,Benjamin Allen,5,Absolutely love the Nexvo D3! The screen resolution is perfect for my design work. Im impressed with how quickly it processes everything thanks to the powerful A523 chip. The build quality is also great feeling sturdy in hand. Ive already recommended it to my colleagues!,2023-10-01,"{""Mic"": """", ""EQmodes"": """", ""DeepBass"": """", ""Foldable"": """", ""playtime"": """", ""ComfortFit"": """", ""Batterylife"": """", ""NoiseCancellation"": """"}"
78,4,Karen Wright,3,These headphones are decent. The build quality feels nice and the sound is pretty good but I found the active noise cancellation lacking compared to higher-end models. The battery life is excellent—42 hours is no joke! But I did experience a few connection drops while on a call. Theyre okay for casual listening but may not satisfy audiophiles.,2023-10-01,"{""Mic"": ""Yes, but experienced connection drops during calls"", ""EQmodes"": ""Not mentioned"", ""DeepBass"": ""Not mentioned"", ""Foldable"": ""Not mentioned"", ""playtime"": ""42 hours"", ""ComfortFit"": ""Not mentioned"", ""Batterylife"": ""42 hours"", ""NoiseCancellation"": ""Present, but not as good as higher-end models""}"
79,4,Mark Taylor,2,I was really looking forward to using the Lumeon headphones but they fell short for me. The sound is decent but the noise cancellation doesnt work as well as I expected. After a few weeks of use the ear cushions started to wear out too quickly. Theyre okay for short listening sessions but not what I hoped for full days of use.,2023-10-01,"{""Mic"": ""Not mentioned"", ""EQmodes"": ""Not mentioned"", ""DeepBass"": ""Not mentioned"", ""Foldable"": ""Not mentioned"", ""playtime"": ""Okay for short listening sessions"", ""ComfortFit"": ""Ear cushions wear out too quickly"", ""Batterylife"": ""Not mentioned"", ""NoiseCancellation"": ""Doesn't work as well as expected""}"
80,4,Rachel Adams,1,Terrible experience with these headphones! The sound quality was alright initially but they broke after just a week of regular use. Customer support was slow to respond and I felt ignored. I really wanted to like these but this has been a frustrating purchase all around and I regret buying them.,2023-10-01,"{""Mic"": ""Not mentioned"", ""EQmodes"": ""Not mentioned"", ""DeepBass"": ""Not mentioned"", ""Foldable"": ""Not mentioned"", ""playtime"": ""Not mentioned"", ""ComfortFit"": ""Not mentioned"", ""Batterylife"": ""Not mentioned"", ""NoiseCancellation"": ""Not mentioned""}"
81,4,Kevin Lewis,5,Fantastic product! The sound quality is top-notch and the bass response is stellar. I love that I can use them for 42 hours without needing a charge. The design is sleek and comfortable making them a joy to wear. Setup was incredibly easy and Ive had zero connectivity issues so far. Highly recommend to anyone looking for performance and comfort!,2023-10-01,"{""Mic"": ""Not mentioned"", ""EQmodes"": ""Not mentioned"", ""DeepBass"": ""stellar"", ""Foldable"": ""Not mentioned"", ""playtime"": ""42 hours"", ""ComfortFit"": ""comfortable"", ""Batterylife"": ""42 hours"", ""NoiseCancellation"": ""Not mentioned""}"
82,4,Jessica Harris,4,These headphones are mostly great! The sound quality is excellent with deep bass which I appreciate as a music lover. They are comfortable but I wish there was a bit more cushioning. My only complaint is that the controls can be tricky at times as I often press the wrong button. Overall great value for the price!,2023-10-01,"{""Mic"": """", ""EQmodes"": """", ""DeepBass"": ""Yes"", ""Foldable"": """", ""playtime"": """", ""ComfortFit"": ""Comfortable, but could use more cushioning."", ""Batterylife"": """", ""NoiseCancellation"": """"}"
83,4,Daniel White,3,I have mixed feelings about the Lumeon TUNE 510BT headphones. The build quality is solid and they feel durable but I found the active noise cancellation to be underwhelming. The battery life is excellent which I love but my connection has dropped a few times during calls. They get the job done but there are noticeable areas for improvement.,2023-10-01,"{""Mic"": ""connection has dropped a few times during calls"", ""EQmodes"": ""not mentioned"", ""DeepBass"": ""not mentioned"", ""Foldable"": ""not mentioned"", ""playtime"": ""not mentioned"", ""ComfortFit"": ""not mentioned"", ""Batterylife"": ""excellent"", ""NoiseCancellation"": ""underwhelming""}"
84,4,Lisa Young,2,I was excited to try these headphones but they did not meet my expectations. The sound quality was okay but I experienced connectivity issues more than Id like especially when moving around. The battery life is impressive but overall I found them to be more hassle than theyre worth. There are better options within the same price range.,2023-10-01,"{""Mic"": ""Not mentioned"", ""EQmodes"": ""Not mentioned"", ""DeepBass"": ""Not mentioned"", ""Foldable"": ""Not mentioned"", ""playtime"": ""Not mentioned"", ""ComfortFit"": ""Not mentioned"", ""Batterylife"": ""impressive"", ""NoiseCancellation"": ""Not mentioned""}"
85,4,Brian Martinez,1,I had high hopes for these headphones but I was met with disappointment. They quit working after just a couple of weeks and the sound was very mediocre to begin with. The hassle I went through trying to contact customer service was frustrating. I certainly wouldnt recommend them based on my experience.,2023-10-01,"{""Mic"": ""Not mentioned"", ""EQmodes"": ""Not mentioned"", ""DeepBass"": ""Not mentioned"", ""Foldable"": ""Not mentioned"", ""playtime"": ""Not mentioned"", ""ComfortFit"": ""Not mentioned"", ""Batterylife"": ""Not mentioned"", ""NoiseCancellation"": ""Not mentioned""}"
86,4,Megan Hall,5,These are honestly the best headphones Ive used! The sound quality is phenomenal. They fit perfectly and are very comfortable even when wearing them for long periods. Battery life is super impressive; I havent charged them in a week! They are definitely worth the investment and the convenience of Bluetooth connectivity is just the cherry on top!,2023-10-01,"{""Mic"": ""Not mentioned"", ""EQmodes"": ""Not mentioned"", ""DeepBass"": ""Not mentioned"", ""Foldable"": ""Not mentioned"", ""playtime"": ""Not explicitly mentioned, but implied to be very long due to the battery life."", ""ComfortFit"": ""fit perfectly and are very comfortable, even when wearing them for long periods"", ""Batterylife"": ""super impressive; I haven't charged them in a week!"", ""NoiseCancellation"": ""Not mentioned""}"
87,4,David Robinson,4,I really like my new Lumeon headphones! The sound is rich and encompassing which I adore. They could use a bit more padding on the ear cups for extended use but they fit quite well. The quick charge feature is a lifesaver and I was pleasantly surprised with how well they perform during calls. Overall a solid four-star product!,2023-10-01,"{""Mic"": ""They perform well during calls."", ""EQmodes"": ""Not mentioned"", ""DeepBass"": ""Not mentioned"", ""Foldable"": ""Not mentioned"", ""playtime"": ""Not mentioned"", ""ComfortFit"": ""They fit quite well, but could use more padding for extended use."", ""Batterylife"": ""Not mentioned"", ""NoiseCancellation"": ""Not mentioned""}"
88,4,Ashley Green,3,The headphones work fine but have their quirks. The sound quality is decent especially for the bass but I found the noise cancellation not as effective as I hoped. I also had some trouble with Bluetooth connectivity and had to reconnect a few times. Theyre okay for everyday use but I think I need something a bit more robust.,2023-10-01,"{""Mic"": ""Not mentioned"", ""EQmodes"": ""Not mentioned"", ""DeepBass"": ""Decent bass"", ""Foldable"": ""Not mentioned"", ""playtime"": ""Not mentioned"", ""ComfortFit"": ""Not mentioned"", ""Batterylife"": ""Not mentioned"", ""NoiseCancellation"": ""Not as effective as hoped""}"
89,4,Nick Scott,2,These headphones have decent sound quality but have major connectivity issues. I love the long battery life but it doesnt help if I cant reliably connect them to my devices. The fit is okay but after a while they get uncomfortable. I believe there are better options out there for this price point.,2023-10-01,"{""Mic"": ""not mentioned"", ""EQmodes"": ""not mentioned"", ""DeepBass"": ""not mentioned"", ""Foldable"": ""not mentioned"", ""playtime"": ""not mentioned"", ""ComfortFit"": ""fit is okay, but after a while, they get uncomfortable"", ""Batterylife"": ""long battery life"", ""NoiseCancellation"": ""not mentioned""}"
90,4,Sarah Baker,1,Very unhappy with this purchase. The headphones started malfunctioning within a few days and sound quality was already lacking. Customer support was unresponsive and I feel like I wasted my money. I expected much more based on the product description. Save your time and money.,2023-10-01,"{""Mic"": """", ""EQmodes"": """", ""DeepBass"": """", ""Foldable"": """", ""playtime"": """", ""ComfortFit"": """", ""Batterylife"": """", ""NoiseCancellation"": """"}"
91,4,James Baker,5,Absolutely love these headphones! The sound is rich and full and they fit comfortably on my head. The battery life is fantastic—42 hours is incredible. I love being able to switch back and forth between my devices easily. Ive used several brands before but none have compared to how great these are!,2023-10-01,"{""Mic"": ""Not mentioned"", ""EQmodes"": ""Not mentioned"", ""DeepBass"": ""Not mentioned"", ""Foldable"": ""Not mentioned"", ""playtime"": ""42 hours"", ""ComfortFit"": ""Yes"", ""Batterylife"": ""42 hours"", ""NoiseCancellation"": ""Not mentioned""}"
92,4,Rachel Wilson,4,Really good headphones! The bass is exceptional and Ive had no Bluetooth issues whatsoever. They sometimes slip a bit if I move around too much which is slightly annoying during workouts but overall Im very satisfied with my purchase. Great value for the quality!,2023-10-01,"{""Mic"": """", ""EQmodes"": """", ""DeepBass"": ""The bass is exceptional."", ""Foldable"": """", ""playtime"": """", ""ComfortFit"": ""They sometimes slip a bit if I move around too much, which is slightly annoying during workouts."", ""Batterylife"": """", ""NoiseCancellation"": """"}"
93,4,Daniel Allen,3,These are average headphones at best. On the plus side the battery life is excellent and they sound good for casual listening. However they havent been very comfortable for prolonged use and Ive had a couple of dropouts in connectivity. Theyre useful but I might explore other options next time.,2023-10-01,"{""Mic"": ""not mentioned"", ""EQmodes"": ""not mentioned"", ""DeepBass"": ""not mentioned"", ""Foldable"": ""not mentioned"", ""playtime"": ""not mentioned"", ""ComfortFit"": ""not very comfortable for prolonged use"", ""Batterylife"": ""excellent"", ""NoiseCancellation"": ""not mentioned""}"
94,4,Jessica Lee,2,I wish I could like these headphones more. They sound all right but the build quality feels cheap and the noise cancellation just isnt effective. Occasionally Ive had issues with excessive background noise leaking in. The comfort level is decent at first but they become a bit painful after a while. I expected better for the price.,2023-10-01,"{""Mic"": ""Not mentioned"", ""EQmodes"": ""Not mentioned"", ""DeepBass"": ""Not mentioned"", ""Foldable"": ""Not mentioned"", ""playtime"": ""Not mentioned"", ""ComfortFit"": ""Decent at first, but painful after a while"", ""Batterylife"": ""Not mentioned"", ""NoiseCancellation"": ""Not effective""}"
95,4,Adam Carter,1,I regret buying these headphones. Almost immediately I faced issues with the left ear not producing sound. Customer service was frustratingly slow to respond and the few times they did their solutions didnt work. The sound was subpar as well. Dont waste your money on these!,2023-10-01,"{""Mic"": ""Not mentioned"", ""EQmodes"": ""Not mentioned"", ""DeepBass"": ""Not mentioned"", ""Foldable"": ""Not mentioned"", ""playtime"": ""Not mentioned"", ""ComfortFit"": ""Not mentioned"", ""Batterylife"": ""Not mentioned"", ""NoiseCancellation"": ""Not mentioned""}"
96,5,Emily Johnson,5,Im absolutely in love with these Vyron Tune 510BT headphones! The sound quality is phenomenal especially the deep bass that really brings my music to life. They are super comfortable to wear for long periods thanks to the adjustable headband. Plus the battery life is fantastic; I can listen for days without needing to recharge! Id recommend these to any music lover.,2023-10-01,"{""Mic"": ""Not mentioned."", ""EQmodes"": ""Not mentioned."", ""DeepBass"": ""Phenomenal deep bass that really brings music to life."", ""Foldable"": ""Not mentioned."", ""playtime"": ""Not explicitly mentioned, but implied to be days."", ""ComfortFit"": ""Super comfortable to wear for long periods, thanks to the adjustable headband."", ""Batterylife"": ""Fantastic; can listen for days without needing to recharge."", ""NoiseCancellation"": ""Not mentioned.""}"
97,5,Marcus Bennett,5,These headphones are a game-changer! The build quality feels premium and the wireless connectivity is seamless. I love being able to switch between my laptop and smartphone effortlessly. The design is sleek and they fit perfectly. Theyre definitely worth the investment if you appreciate great sound and comfort.,2023-10-01,"{""Mic"": """", ""EQmodes"": """", ""DeepBass"": """", ""Foldable"": """", ""playtime"": """", ""ComfortFit"": ""They fit perfectly."", ""Batterylife"": """", ""NoiseCancellation"": """"}"
98,5,Samantha Wong,4,Really great headphones! The overall sound quality is impressive although I did notice some slight distortion when playing songs at max volume. The comfort level is excellent for extended listening sessions and the quick charge feature is super handy. I wish the color options were a bit more varied but overall Im satisfied with this purchase.,2023-10-01,"{""Mic"": """", ""EQmodes"": """", ""DeepBass"": """", ""Foldable"": """", ""playtime"": """", ""ComfortFit"": ""excellent for extended listening sessions"", ""Batterylife"": """", ""NoiseCancellation"": """"}"
99,5,David Kim,4,Im enjoying these headphones quite a lot! The sound performance is top-notch especially the depth of the bass. They are user-friendly and intuitive which is a huge plus. However I did encounter some minor issues with the Bluetooth connectivity where it occasionally disconnects. Nevertheless its still a fantastic product.,2023-10-01,"{""Mic"": """", ""EQmodes"": """", ""DeepBass"": ""The depth of the bass is highlighted as a positive feature."", ""Foldable"": """", ""playtime"": """", ""ComfortFit"": """", ""Batterylife"": """", ""NoiseCancellation"": """"}"
100,5,Laura White,3,The Vyron Tune 510BT headphones are decent but not without flaws. The sound quality is great for the price and theyre comfortable to wear. However I find the controls somewhat confusing; it took me a while to figure out how to answer calls. For the casual listener they might be perfect but there are definitely better options at this price point that I might explore next time.,2023-10-01,"{""Mic"": ""Yes, can answer calls"", ""EQmodes"": ""Not mentioned"", ""DeepBass"": ""Not mentioned"", ""Foldable"": ""Not mentioned"", ""playtime"": ""Not mentioned"", ""ComfortFit"": ""Comfortable to wear"", ""Batterylife"": ""Not mentioned"", ""NoiseCancellation"": ""Not mentioned""}"
101,5,Chris Moore,2,I had high hopes for these headphones but I was disappointed. The sound quality was decent but the battery life didnt last as long as advertised. I found the build to be a bit cheap and the ear cushions could be more comfortable. Overall they are just okay but I think Ill look for something with better durability.,2023-10-01,"{""Mic"": ""not mentioned"", ""EQmodes"": ""not mentioned"", ""DeepBass"": ""not mentioned"", ""Foldable"": ""not mentioned"", ""playtime"": ""not mentioned"", ""ComfortFit"": ""the ear cushions could be more comfortable"", ""Batterylife"": ""didn't last as long as advertised"", ""NoiseCancellation"": ""not mentioned""}"
115,5,Jacob Lee,4,I really enjoy these headphones! They have a very modern design and Ive received compliments on them. The sound quality is impressive but I did find the buttons a bit tricky to navigate at first. Overall a solid product for anyone looking for reliable wireless headphones.,2023-10-01,"{""Mic"": """", ""EQmodes"": """", ""DeepBass"": """", ""Foldable"": """", ""playtime"": """", ""ComfortFit"": """", ""Batterylife"": """", ""NoiseCancellation"": """"}"
102,5,Sarah Davis,2,Not really impressed with these headphones. While they look good and are lightweight the sound lacks the richness I expected. Additionally I faced issues with the Bluetooth connection dropping. For the price they just dont hold up. Ill be returning them unfortunately.,2023-10-01,"{""Mic"": ""Not mentioned"", ""EQmodes"": ""Not mentioned"", ""DeepBass"": ""Not mentioned"", ""Foldable"": ""Not mentioned"", ""playtime"": ""Not mentioned"", ""ComfortFit"": ""Not mentioned"", ""Batterylife"": ""Not mentioned"", ""NoiseCancellation"": ""Not mentioned""}"
103,5,Daniel Evans,1,These headphones failed to deliver on most fronts. Ive had them for less than a month and they stopped connecting to my devices altogether. Customer support offered no real solutions which was frustrating. There are so many better options available. Do not waste your money on this.,2023-10-01,"{""Mic"": ""Not mentioned"", ""EQmodes"": ""Not mentioned"", ""DeepBass"": ""Not mentioned"", ""Foldable"": ""Not mentioned"", ""playtime"": ""Not mentioned"", ""ComfortFit"": ""Not mentioned"", ""Batterylife"": ""Not mentioned"", ""NoiseCancellation"": ""Not mentioned""}"
104,5,Megan Brown,1,Terrible experience with the Vyron Tune 510BT. After only a week they would not hold a charge and the sound cut in and out. I reached out to the customer support team but they were unhelpful and dismissive. I took a chance on these based on positive reviews but I deeply regret my purchase.,2023-10-01,"{""Mic"": ""Not mentioned"", ""EQmodes"": ""Not mentioned"", ""DeepBass"": ""Not mentioned"", ""Foldable"": ""Not mentioned"", ""playtime"": ""Not mentioned"", ""ComfortFit"": ""Not mentioned"", ""Batterylife"": ""Not holding a charge after a week"", ""NoiseCancellation"": ""Not mentioned""}"
105,5,Jason Thompson,3,These headphones have a nice sound overall but theyre not without issues. The battery life is good but I found the initial setup to be a bit cumbersome. They are comfortable to wear but I expected more from the build quality given the price point. Theyre a decent choice but perhaps there are better options.,2023-10-01,"{""Mic"": ""not mentioned"", ""EQmodes"": ""not mentioned"", ""DeepBass"": ""not mentioned"", ""Foldable"": ""not mentioned"", ""playtime"": ""not mentioned"", ""ComfortFit"": ""comfortable to wear"", ""Batterylife"": ""good"", ""NoiseCancellation"": ""not mentioned""}"
106,5,Angela Garcia,4,I really like these headphones! The sound quality is impressive particularly the bass response. They fit comfortably on my ears making them great for long listening sessions. The only downside is that I experience some latency when watching videos but for music they perform excellently. Worth checking out!,2023-10-01,"{""Mic"": """", ""EQmodes"": """", ""DeepBass"": ""The sound quality is impressive, particularly the bass response."", ""Foldable"": """", ""playtime"": """", ""ComfortFit"": ""They fit comfortably on my ears, making them great for long listening sessions."", ""Batterylife"": """", ""NoiseCancellation"": """"}"
107,5,Richard Harris,5,Absolutely fantastic headphones! The sound is crystal clear and the noise cancellation feature works wonders on my daily commute. I love the convenience of quick charging and the battery life is just phenomenal! Ive recommended these to all my friends who need a solid pair of wireless headphones.,2023-10-01,"{""Mic"": ""Not mentioned"", ""EQmodes"": ""Not mentioned"", ""DeepBass"": ""Not mentioned"", ""Foldable"": ""Not mentioned"", ""playtime"": ""Not mentioned"", ""ComfortFit"": ""Not mentioned"", ""Batterylife"": ""phenomenal"", ""NoiseCancellation"": ""works wonders""}"
108,5,Jessica Wilson,5,I purchased these headphones after reading rave reviews and they did not disappoint! The comfort level is superb and they stay securely in place. The sound quality is what truly impressed me particularly the vibrant bass! I can use them for hours without any discomfort. Highly recommend!,2023-10-01,"{""Mic"": ""Not mentioned"", ""EQmodes"": ""Not mentioned"", ""DeepBass"": ""Vibrant bass"", ""Foldable"": ""Not mentioned"", ""playtime"": ""Can use for hours without discomfort"", ""ComfortFit"": ""Superb comfort level, stays securely in place"", ""Batterylife"": ""Not mentioned"", ""NoiseCancellation"": ""Not mentioned""}"
109,5,Kevin Turner,3,The Vyron Tune 510BT headphones are average at best. The sound quality is decent and theyre easy to connect. However Ive noticed that they sometimes lose connection during use which can be a bit annoying. They look stylish but I expected a sturdier build for this price range.,2023-10-01,"{""Mic"": """", ""EQmodes"": """", ""DeepBass"": """", ""Foldable"": """", ""playtime"": """", ""ComfortFit"": """", ""Batterylife"": """", ""NoiseCancellation"": """"}"
110,5,Tina Martinez,2,I was excited about these headphones based on the description but they werent as great as I hoped. They fit well and the design is sleek but the audio quality was underwhelming and didnt meet my expectations. They also took longer to charge than advertised. I wouldnt recommend them.,2023-10-01,"{""Mic"": ""Not mentioned"", ""EQmodes"": ""Not mentioned"", ""DeepBass"": ""Not mentioned"", ""Foldable"": ""Not mentioned"", ""playtime"": ""Not mentioned"", ""ComfortFit"": ""Fit well"", ""Batterylife"": ""Longer to charge than advertised"", ""NoiseCancellation"": ""Not mentioned""}"
111,5,Brian Choose,4,Really pleased with my purchase! The sound quality is impressive and I love the design. Comfortable for long wear which is important for me since I use them while working. My only complaint is that the buttons can be a bit finicky but overall theyre a great deal for the price.,2023-10-01,"{""Mic"": ""Not mentioned"", ""EQmodes"": ""Not mentioned"", ""DeepBass"": ""Not mentioned"", ""Foldable"": ""Not mentioned"", ""playtime"": ""Not mentioned"", ""ComfortFit"": ""Comfortable for long wear"", ""Batterylife"": ""Not mentioned"", ""NoiseCancellation"": ""Not mentioned""}"
112,5,Katie Clarke,5,I cant recommend these headphones enough! They provide exceptional sound quality with deep bass that really enhances my music listening experience. They are also so comfortable that I forget Im wearing them. The battery life is incredibly long and I appreciate the quick-charge feature when Im in a hurry.,2023-10-01,"{""Mic"": ""Not mentioned"", ""EQmodes"": ""Not mentioned"", ""DeepBass"": ""deep bass that really enhances my music listening experience"", ""Foldable"": ""Not mentioned"", ""playtime"": ""Not mentioned"", ""ComfortFit"": ""so comfortable that I forget I'm wearing them"", ""Batterylife"": ""incredibly long"", ""NoiseCancellation"": ""Not mentioned""}"
113,5,Ethan Lewis,1,What a disappointment! These headphones broke within a week of purchase. The audio quality was subpar and they constantly lost connection. The customer service was unhelpful and I had to fight for a refund. Do yourself a favor and avoid this product.,2023-10-01,"{""Mic"": ""Not mentioned"", ""EQmodes"": ""Not mentioned"", ""DeepBass"": ""Not mentioned"", ""Foldable"": ""Not mentioned"", ""playtime"": ""Not mentioned"", ""ComfortFit"": ""Not mentioned"", ""Batterylife"": ""Not mentioned"", ""NoiseCancellation"": ""Not mentioned""}"
114,5,Sophia Rodriguez,3,These headphones are alright. The sound quality is good and they look great but I experienced some issues with the battery not lasting as long as Id hoped. They are comfortable for short periods but I wouldnt say they stand out against similar models in this price range.,2023-10-01,"{""Mic"": ""Not mentioned."", ""EQmodes"": ""Not mentioned."", ""DeepBass"": ""Not mentioned."", ""Foldable"": ""Not mentioned."", ""playtime"": ""Not mentioned."", ""ComfortFit"": ""Comfortable for short periods."", ""Batterylife"": ""The battery does not last as long as hoped."", ""NoiseCancellation"": ""Not mentioned.""}"
116,5,Natalie Johnson,2,I had high expectations based on the description but they just dont deliver. The sound isnt very balanced and tends to distort quickly. The build quality feels somewhat cheap as well. Ill be looking for alternatives next time.,2023-10-01,"{""Mic"": ""Not mentioned"", ""EQmodes"": ""Not mentioned"", ""DeepBass"": ""Not mentioned"", ""Foldable"": ""Not mentioned"", ""playtime"": ""Not mentioned"", ""ComfortFit"": ""Not mentioned"", ""Batterylife"": ""Not mentioned"", ""NoiseCancellation"": ""Not mentioned""}"
117,5,Alex Johnson,5,A fantastic addition to my music collection! The Vyron Tune 510BT headphones have exceeded my expectations with their incredible sound quality. The adjustable headband gives a perfect fit and the quick recharge feature is a lifesaver. Ive used various headphones and these are definitely among the best. Highly recommended!,2023-10-01,"{""Mic"": ""Not mentioned"", ""EQmodes"": ""Not mentioned"", ""DeepBass"": ""Not mentioned"", ""Foldable"": ""Not mentioned"", ""playtime"": ""Not mentioned"", ""ComfortFit"": ""Adjustable headband gives a perfect fit"", ""Batterylife"": ""Not mentioned"", ""NoiseCancellation"": ""Not mentioned""}"
118,5,Julia Raymond,4,I love my Vyron headphones! The audio quality is excellent and the design is very sleek. However Ive noticed they can feel a bit tight after wearing them for extended periods which is something to consider. They work seamlessly with my phone and laptop and I appreciate the quick charge capabilities.,2023-10-01,"{""Mic"": ""Not mentioned"", ""EQmodes"": ""Not mentioned"", ""DeepBass"": ""Not mentioned"", ""Foldable"": ""Not mentioned"", ""playtime"": ""Not mentioned"", ""ComfortFit"": ""Can feel a bit tight after extended use"", ""Batterylife"": ""Not mentioned"", ""NoiseCancellation"": ""Not mentioned""}"
119,5,Mike Anderson,2,While the Vyron Tune 510BT headphones offer decent sound I was let down by their overall performance. The Bluetooth connectivity can be spotty at times and I found the battery life to be less than advertised. Theyll work for casual listening but I expected more for the price.,2023-10-01,"{""Mic"": ""Not mentioned"", ""EQmodes"": ""Not mentioned"", ""DeepBass"": ""Not mentioned"", ""Foldable"": ""Not mentioned"", ""playtime"": ""Not mentioned"", ""ComfortFit"": ""Not mentioned"", ""Batterylife"": ""less than advertised"", ""NoiseCancellation"": ""Not mentioned""}"
120,5,Rachel Clark,1,Extremely disappointed with these headphones. They broke within a week and the sound quality was very lackluster. Customer service wouldnt assist me properly making the situation even worse. I wouldnt recommend this product to anyone!,2023-10-01,"{""Mic"": """", ""EQmodes"": """", ""DeepBass"": """", ""Foldable"": """", ""playtime"": """", ""ComfortFit"": """", ""Batterylife"": """", ""NoiseCancellation"": """"}"
121,6,Alice Johnson,5,Ive been using these wireless earbuds for my daily runs and I am absolutely thrilled with them! The sound quality is crystal clear and the fit is so comfortable that I forget Im even wearing them. The battery life is impressive lasting me through multiple workout sessions without needing a charge. Plus the charging case with the LED display is a fantastic touch giving me peace of mind about how much power I have left. Highly recommend for anyone looking for great sound and durability!,2023-10-01,"{""Mic"": ""Not mentioned."", ""EQmodes"": ""Not mentioned."", ""DeepBass"": ""Not mentioned."", ""Foldable"": ""Not applicable."", ""playtime"": ""Multiple workout sessions."", ""ComfortFit"": ""The fit is so comfortable that the user forgets they are wearing them."", ""Batterylife"": ""Impressive, lasting through multiple workout sessions without needing a charge."", ""NoiseCancellation"": ""Not mentioned.""}"
122,6,Brian Chen,1,I had high hopes for these earbuds but they completely let me down. After just a few days of light use one earbud stopped connecting to my phone. Customer support was unresponsive and didnt help at all. The charging case didnt work properly either; it wouldnt charge the earbuds consistently. Save your money and look for a more reliable option!,2023-10-01,"{""Mic"": ""Not mentioned"", ""EQmodes"": ""Not mentioned"", ""DeepBass"": ""Not mentioned"", ""Foldable"": ""Not mentioned"", ""playtime"": ""Not mentioned"", ""ComfortFit"": ""Not mentioned"", ""Batterylife"": ""Not mentioned"", ""NoiseCancellation"": ""Not mentioned""}"
123,6,Cynthia Parker,3,These earbuds are okay but I think they fall short in some key areas. While the sound quality is decent and they fit snugly during my workouts I found the setup process to be quite frustrating. The instructions werent very clear and it took me a while to figure out how to pair them correctly. They do the job for the price but I expected a bit more ease of use.,2023-10-01,"{""Mic"": """", ""EQmodes"": """", ""DeepBass"": """", ""Foldable"": """", ""playtime"": """", ""ComfortFit"": ""They fit snugly during workouts."", ""Batterylife"": """", ""NoiseCancellation"": """"}"
124,6,David Smith,4,Overall I really enjoy these wireless earbuds. The build quality is solid and they have a nice sporty design that doesnt look bulky. They connect quickly to my devices and have good sound performance. However the only downside Ive noticed is that the battery indicator sometimes gives inconsistent readings. Despite that small issue I still find them to be a great buy for fitness enthusiasts.,2023-10-01,"{""Mic"": ""Not mentioned in the document."", ""EQmodes"": ""Not mentioned in the document."", ""DeepBass"": ""Not mentioned in the document."", ""Foldable"": ""Not mentioned in the document."", ""playtime"": ""Not explicitly mentioned, but the battery indicator issue implies they have a rechargeable battery."", ""ComfortFit"": ""The earbuds are described as having a sporty design, which implies they are comfortable for fitness use."", ""Batterylife"": ""The document mentions a battery indicator issue but does not specify the battery life."", ""NoiseCancellation"": ""Not mentioned in the document.""}"
125,6,Eva Martinez,5,Absolutely love these earbuds! The sound is phenomenal and I appreciate how they fit securely in my ears during my high-intensity workouts. The charging case is super convenient especially with the LED indicator that tells me exactly how much battery I have left. They seem very durable as well surviving my accidental drops. Definitely a great investment!,2023-10-01,"{""Mic"": ""Not mentioned"", ""EQmodes"": ""Not mentioned"", ""DeepBass"": ""Not mentioned"", ""Foldable"": ""Not applicable"", ""playtime"": ""Not mentioned"", ""ComfortFit"": ""Fit securely during high-intensity workouts"", ""Batterylife"": ""LED indicator shows battery level"", ""NoiseCancellation"": ""Not mentioned""}"
126,6,Frank Jones,2,I wanted to love these earbuds but there were just too many issues. The comfort was good initially but after prolonged use they became uncomfortable. The battery life was also not as advertised; I barely got 15 hours out of them which was disappointing. They have potential but I wouldnt recommend them until fixes are made.,2023-10-01,"{""Mic"": ""Not mentioned"", ""EQmodes"": ""Not mentioned"", ""DeepBass"": ""Not mentioned"", ""Foldable"": ""Not mentioned"", ""playtime"": ""barely 15 hours"", ""ComfortFit"": ""good initially, but uncomfortable after prolonged use"", ""Batterylife"": ""barely 15 hours"", ""NoiseCancellation"": ""Not mentioned""}"
127,6,George Thomas,4,These earbuds made my workouts much more enjoyable! The sound quality is solid with a good bass response that keeps me motivated. Theyre easy to pair with my phone which is a big plus. However Ive noticed that the touch controls can be a bit sensitive at times leading to accidental commands. Still they are a solid choice for the price!,2023-10-01,"{""Mic"": """", ""EQmodes"": """", ""DeepBass"": ""good bass response"", ""Foldable"": """", ""playtime"": """", ""ComfortFit"": """", ""Batterylife"": """", ""NoiseCancellation"": """"}"
128,6,Hannah Miller,1,Terrible experience! These earbuds started popping and cracking after just a few uses. Plus the battery life was nowhere near what was advertised. Customer support was unhelpful and took ages to respond. I would not recommend these to anyone!,2023-10-01,"{""Mic"": ""Not mentioned."", ""EQmodes"": ""Not mentioned."", ""DeepBass"": ""Not mentioned."", ""Foldable"": ""Not mentioned."", ""playtime"": ""Not mentioned."", ""ComfortFit"": ""Not mentioned."", ""Batterylife"": ""The battery life was nowhere near what was advertised."", ""NoiseCancellation"": ""Not mentioned.""}"
129,6,Ian Baker,3,These earbuds have their pros and cons. The sound quality is good and they are easy to use but the design could be better. They dont quite fit my ears as well as Id hoped so they sometimes slip out during runs. The battery life is decent but I think there are better options for a similar price.,2023-10-01,"{""Mic"": ""Not mentioned"", ""EQmodes"": ""Not mentioned"", ""DeepBass"": ""Not mentioned"", ""Foldable"": ""Not mentioned"", ""playtime"": ""Not mentioned"", ""ComfortFit"": ""They don't quite fit my ears as well as I'd hoped, so they sometimes slip out during runs."", ""Batterylife"": ""decent"", ""NoiseCancellation"": ""Not mentioned""}"
130,6,Jessica Lee,5,I couldnt be happier with my purchase! These wireless earbuds deliver amazing sound quality and stay in place during my workouts. I love the LED charging case that shows battery levels—its so convenient! Plus they pair easily with my devices and the battery life is excellent. I highly recommend them to anyone seeking reliable and effective earbuds.,2023-10-01,"{""Mic"": ""not mentioned"", ""EQmodes"": ""not mentioned"", ""DeepBass"": ""not mentioned"", ""Foldable"": ""not applicable"", ""playtime"": ""not mentioned"", ""ComfortFit"": ""stay in place during workouts"", ""Batterylife"": ""excellent"", ""NoiseCancellation"": ""not mentioned""}"
131,6,Kevin Davis,2,Mixed feelings about these earbuds. The sound quality is decent but not as clear as I expected. They also have a bit of static at times which is frustrating during phone calls. The build feels sturdy but theyre just not cutting it in terms of sound performance. I might be looking for an alternative soon.,2023-10-01,"{""Mic"": ""Static during phone calls"", ""EQmodes"": ""Not mentioned"", ""DeepBass"": ""Not mentioned"", ""Foldable"": ""Not mentioned"", ""playtime"": ""Not mentioned"", ""ComfortFit"": ""Not mentioned"", ""Batterylife"": ""Not mentioned"", ""NoiseCancellation"": ""Not mentioned""}"
132,6,Laura White,4,I really like these earbuds! They look trendy and feel secure during workouts plus the sound is quite impressive. The automatic pairing feature is super convenient. However I wish the battery life was a bit longer; I find myself charging them more often than Id like. Still they are a solid choice overall.,2023-10-01,"{""Mic"": ""Not mentioned."", ""EQmodes"": ""Not mentioned."", ""DeepBass"": ""Not mentioned."", ""Foldable"": ""Not applicable to earbuds."", ""playtime"": ""The user finds themselves charging the earbuds more often than they'd like, indicating a shorter playtime."", ""ComfortFit"": ""The earbuds feel secure during workouts."", ""Batterylife"": ""The user wishes the battery life was longer, indicating it might be shorter than desired."", ""NoiseCancellation"": ""Not mentioned.""}"
133,6,Michael King,5,These earbuds are fantastic! The sound quality is immersive and they fit perfectly for my running routine. The LED display on the charging case is a game-changer helping me keep track of when I need to recharge. Great value for the price and I highly recommend them!,2023-10-01,"{""Mic"": ""Not mentioned"", ""EQmodes"": ""Not mentioned"", ""DeepBass"": ""Not mentioned"", ""Foldable"": ""Not applicable"", ""playtime"": ""Not mentioned"", ""ComfortFit"": ""They fit perfectly for running"", ""Batterylife"": ""Not mentioned"", ""NoiseCancellation"": ""Not mentioned""}"
134,6,Nancy Scott,1,What a disappointment! I was excited about these earbuds but they started cutting out after a couple of weeks. The sound quality was good until it wasnt. I reached out to customer support and they took forever to respond. I wish I could get my money back but I guess Ill have to consider it a lesson learned.,2023-10-01,"{""Mic"": ""Not mentioned"", ""EQmodes"": ""Not mentioned"", ""DeepBass"": ""Not mentioned"", ""Foldable"": ""Not mentioned"", ""playtime"": ""Not mentioned"", ""ComfortFit"": ""Not mentioned"", ""Batterylife"": ""Not mentioned"", ""NoiseCancellation"": ""Not mentioned""}"
135,6,Oscar Harris,3,The earbuds are okay. They fit well in my ears and I enjoyed the sound quality but they arent quite as durable as Id prefer. A few drops and I noticed a bit of damage. They do work well for exercising but Im hesitant for longer-term use. Not bad but Im shopping around for something a bit tougher.,2023-10-01,"{""Mic"": ""Not mentioned"", ""EQmodes"": ""Not mentioned"", ""DeepBass"": ""Not mentioned"", ""Foldable"": ""Not applicable"", ""playtime"": ""Not mentioned"", ""ComfortFit"": ""They fit well in my ears"", ""Batterylife"": ""Not mentioned"", ""NoiseCancellation"": ""Not mentioned""}"
136,6,Paula Turner,5,I am thoroughly impressed with these earbuds! The sound quality is phenomenal and theyre super comfortable for long listening sessions. I love the sporty design which works wonderfully during my workouts. The Bluetooth connection is strong; I never have to worry about interruptions. Highly recommend to anyone looking for reliable high-quality earbuds!,2023-10-01,"{""Mic"": ""Not mentioned"", ""EQmodes"": ""Not mentioned"", ""DeepBass"": ""Not mentioned"", ""Foldable"": ""Not mentioned"", ""playtime"": ""Not mentioned"", ""ComfortFit"": ""Super comfortable for long listening sessions"", ""Batterylife"": ""Not mentioned"", ""NoiseCancellation"": ""Not mentioned""}"
137,6,Quinton Young,2,Not the best purchase for me. The sound quality started off good but then it became static-filled. The fit was okay but they often fell out during my jogs. Ive had better experiences with other brands. Some features are nice but overall I wasnt very satisfied.,2023-10-01,"{""Mic"": ""Not mentioned"", ""EQmodes"": ""Not mentioned"", ""DeepBass"": ""Not mentioned"", ""Foldable"": ""Not mentioned"", ""playtime"": ""Not mentioned"", ""ComfortFit"": ""The fit was okay, but they often fell out during jogs"", ""Batterylife"": ""Not mentioned"", ""NoiseCancellation"": ""Not mentioned""}"
138,6,Rachel Hall,4,These earbuds have really good sound quality and fit snugly in my ears during workouts! They look stylish and I love the easy one-button operation. My only concern is about the battery life; it feels like I have to charge them more frequently than I expected. Otherwise they do a solid job.,2023-10-01,"{""Mic"": ""Not mentioned."", ""EQmodes"": ""Not mentioned."", ""DeepBass"": ""Not mentioned."", ""Foldable"": ""Not applicable to earbuds."", ""playtime"": ""The user implies the playtime might be less than expected due to frequent charging."", ""ComfortFit"": ""The earbuds fit snugly in the user's ears during workouts."", ""Batterylife"": ""The user mentions concerns about battery life, indicating it might be shorter than expected."", ""NoiseCancellation"": ""Not mentioned.""}"
151,7,Lisa Martinez,1,These headphones are simply terrible. They stopped charging after just two weeks and the sound quality is subpar at best. Customer support was unresponsive which made the situation even worse. I would definitely not recommend these headphones to anyone looking for reliability. Such a disappointing purchase!,2023-10-01,"{""Mic"": ""Not mentioned"", ""EQmodes"": ""Not mentioned"", ""DeepBass"": ""Not mentioned"", ""Foldable"": ""Not mentioned"", ""playtime"": ""Not mentioned"", ""ComfortFit"": ""Not mentioned"", ""Batterylife"": ""Stopped charging after two weeks"", ""NoiseCancellation"": ""Not mentioned""}"
139,6,Steve Nelson,5,These are the best wireless earbuds Ive owned! The sound is incredibly clear and they fit like a dream during my runs. I love the charging case with the LED display—its so easy to keep track of battery life! The customer support was helpful when I had a question about pairing. Definitely worth every penny!,2023-10-01,"{""Mic"": ""Not mentioned."", ""EQmodes"": ""Not mentioned."", ""DeepBass"": ""Not mentioned."", ""Foldable"": ""Not applicable to earbuds."", ""playtime"": ""Not explicitly mentioned."", ""ComfortFit"": ""The user mentions that the earbuds fit like a dream during runs."", ""Batterylife"": ""Not explicitly mentioned, but the user appreciates the LED display on the charging case for tracking battery life."", ""NoiseCancellation"": ""Not mentioned.""}"
140,6,Tina Roberts,1,Terrible product! The sound quality was awful; there was a lot of distortion during music playback. They also gave me an earache after wearing them for only half an hour. I tried reaching out to customer service but they didnt help at all. I really regret this purchase.,2023-10-01,"{""Mic"": ""Not mentioned"", ""EQmodes"": ""Not mentioned"", ""DeepBass"": ""Not mentioned"", ""Foldable"": ""Not mentioned"", ""playtime"": ""Not mentioned"", ""ComfortFit"": ""Negative (caused earache after half an hour)"", ""Batterylife"": ""Not mentioned"", ""NoiseCancellation"": ""Not mentioned""}"
141,6,Uma Smith,3,These earbuds have good sound but I feel like they could be a lot better. They fit well but the touch controls can misfire which is annoying. The battery life is decent but not outstanding. Theyre fine for casual listening but I wouldnt rely on them for longer sessions.,2023-10-01,"{""Mic"": ""not mentioned"", ""EQmodes"": ""not mentioned"", ""DeepBass"": ""not mentioned"", ""Foldable"": ""not mentioned"", ""playtime"": ""not outstanding"", ""ComfortFit"": ""fit well"", ""Batterylife"": ""decent"", ""NoiseCancellation"": ""not mentioned""}"
142,6,Victor Perez,4,I really like these earbuds! The sound quality is rich and full perfect for workouts. The fit is very secure and I appreciate the sport design. The setup was simple but I wish the battery life lasted longer. Nevertheless Im happy with my purchase and would recommend them.,2023-10-01,"{""Mic"": ""Not mentioned."", ""EQmodes"": ""Not mentioned."", ""DeepBass"": ""The sound quality is rich and full."", ""Foldable"": ""Not mentioned."", ""playtime"": ""Not explicitly mentioned, but the user wishes the battery life lasted longer."", ""ComfortFit"": ""The fit is very secure."", ""Batterylife"": ""The user wishes the battery life lasted longer."", ""NoiseCancellation"": ""Not mentioned.""}"
143,6,Wendy Carter,5,Im so impressed with these earbuds! The sound is crystal clear and they are super easy to use. The battery lasts forever and I love the sleek design. They are perfect for my daily runs and look great while doing it. Would recommend to anyone looking for a solid pair of wireless earbuds!,2023-10-01,"{""Mic"": ""Not mentioned"", ""EQmodes"": ""Not mentioned"", ""DeepBass"": ""Not mentioned"", ""Foldable"": ""Not mentioned"", ""playtime"": ""Not mentioned"", ""ComfortFit"": ""They are perfect for my daily runs"", ""Batterylife"": ""The battery lasts forever"", ""NoiseCancellation"": ""Not mentioned""}"
144,6,Xavier Johnson,2,I had high expectations but these earbuds fell short. While the design is appealing they didnt stay in my ears during workouts. The sound quality was average but they didnt live up to what I expected based on the product description. I think Ill be returning them for a refund.,2023-10-01,"{""Mic"": ""Not mentioned"", ""EQmodes"": ""Not mentioned"", ""DeepBass"": ""Not mentioned"", ""Foldable"": ""Not applicable"", ""playtime"": ""Not mentioned"", ""ComfortFit"": ""They didn't stay in ears during workouts"", ""Batterylife"": ""Not mentioned"", ""NoiseCancellation"": ""Not mentioned""}"
145,6,Yvonne Brown,3,These earbuds are decent but I expected more for the price. The sound quality is good but could use some improvement especially at higher volumes. The fit isnt as snug as I hoped causing them to slip out during intense workouts. Theyre alright if youre looking for something on a budget but not my top choice.,2023-10-01,"{""Mic"": ""Not mentioned"", ""EQmodes"": ""Not mentioned"", ""DeepBass"": ""Not mentioned"", ""Foldable"": ""Not applicable"", ""playtime"": ""Not mentioned"", ""ComfortFit"": ""The fit isn't as snug as hoped, causing them to slip out during intense workouts."", ""Batterylife"": ""Not mentioned"", ""NoiseCancellation"": ""Not mentioned""}"
146,6,Zachary Lee,5,I couldnt be happier with these earbuds! The sound clarity is outstanding and they fit so comfortably that I can wear them for hours. The LED display on the charging case is a fabulous feature making it easy to track battery levels. Excellent quality for the price and they are perfect for both exercising and casual listening!,2023-10-01,"{""Mic"": ""Not mentioned"", ""EQmodes"": ""Not mentioned"", ""DeepBass"": ""Not mentioned"", ""Foldable"": ""Not mentioned"", ""playtime"": ""Not mentioned"", ""ComfortFit"": ""Yes"", ""Batterylife"": ""Not mentioned"", ""NoiseCancellation"": ""Not mentioned""}"
147,7,Emily Johnson,5,Im absolutely in love with these Auron Bluetooth Headphones! The sound quality is out of this world—every note is crystal clear and I can hear every beat while Im working out. They fit perfectly and never budge even during my most intense runs. Plus the battery life is incredible! I can use them for days without worrying about charging. Highly recommend these for anyone serious about their music during workouts!,2023-10-01,"{""Mic"": ""not mentioned"", ""EQmodes"": ""not mentioned"", ""DeepBass"": ""not mentioned"", ""Foldable"": ""not mentioned"", ""playtime"": ""days"", ""ComfortFit"": ""fit perfectly and never budge"", ""Batterylife"": ""incredible"", ""NoiseCancellation"": ""not mentioned""}"
148,7,Michael Brown,4,These headphones are really good overall. The design is stylish and fits comfortably in my ears thanks to the adjustable hooks. I did find the setup a bit tricky at first but once I got used to it they worked flawlessly. The sound is great though I wish they had a bit more bass. Still for the price you cant beat them!,2023-10-01,"{""Mic"": """", ""EQmodes"": """", ""DeepBass"": ""No"", ""Foldable"": """", ""playtime"": """", ""ComfortFit"": ""Yes"", ""Batterylife"": """", ""NoiseCancellation"": """"}"
149,7,Sarah Miller,3,The Auron headphones have some great features but also some drawbacks. While I love the IPX7 waterproof feature for my sweaty workouts the Bluetooth connection occasionally drops which can be annoying. The sound quality is good but I expected a bit more clarity. Overall theyre decent for daily use but not the best on the market.,2023-10-01,"{""Mic"": """", ""EQmodes"": """", ""DeepBass"": """", ""Foldable"": """", ""playtime"": """", ""ComfortFit"": """", ""Batterylife"": """", ""NoiseCancellation"": """"}"
150,7,David Wilson,2,I had high hopes for these headphones based on the reviews but I was disappointed. They feel flimsy despite the claims of durability. The audio quality is acceptable but I experienced connectivity issues with my phone. I also found the user interface a bit lacking making it difficult to navigate during workouts. I wouldnt buy them again.,2023-10-01,"{""Mic"": """", ""EQmodes"": """", ""DeepBass"": """", ""Foldable"": """", ""playtime"": """", ""ComfortFit"": """", ""Batterylife"": """", ""NoiseCancellation"": """"}"
842,36,Liam Young,4,I really like the Nexvo smartwatch especially for outdoor activities. It pairs nicely with my smartphone and has a great range of features for tracking workouts. However I wish it had a more comprehensive guide for its functionality. The overall performance meets my needs for the price.,2023-10-01,"{""Mic"": """", ""EQmodes"": """", ""DeepBass"": """", ""Foldable"": """", ""playtime"": """", ""ComfortFit"": """", ""Batterylife"": """", ""NoiseCancellation"": """"}"
152,7,Chris Taylor,5,Fantastic headphones! Im impressed with how well they stay in place during my high-intensity workouts and the battery life is phenomenal! I can listen to music for hours on end without worrying about charging. The sound quality is engaging making my workouts much more enjoyable. A must-have for fitness enthusiasts!,2023-10-01,"{""Mic"": ""Not mentioned"", ""EQmodes"": ""Not mentioned"", ""DeepBass"": ""Not mentioned"", ""Foldable"": ""Not mentioned"", ""playtime"": ""Hours on end"", ""ComfortFit"": ""Stay in place during high-intensity workouts"", ""Batterylife"": ""Phenomenal"", ""NoiseCancellation"": ""Not mentioned""}"
153,7,Jennifer Robinson,4,Really happy with my purchase! The sound quality is sharp and the waterproof feature works perfectly when Im jogging in the rain. They fit securely and were easy enough to set up. My only complaint is that the ear tips could be a bit more comfortable. Still Id recommend them to friends.,2023-10-01,"{""Mic"": """", ""EQmodes"": """", ""DeepBass"": """", ""Foldable"": """", ""playtime"": """", ""ComfortFit"": ""The ear tips could be a bit more comfortable."", ""Batterylife"": """", ""NoiseCancellation"": """"}"
154,7,Mark Evans,3,These headphones are quite good but not without their flaws. I like the sound and the way they fit but I did run into some issues with the app that connects to them. It crashed a few times which limited my experience. Theyre decent for the price but I think I will look for something better next time.,2023-10-01,"{""Mic"": ""Not mentioned"", ""EQmodes"": ""Not mentioned"", ""DeepBass"": ""Not mentioned"", ""Foldable"": ""Not mentioned"", ""playtime"": ""Not mentioned"", ""ComfortFit"": ""The user likes the way they fit"", ""Batterylife"": ""Not mentioned"", ""NoiseCancellation"": ""Not mentioned""}"
155,7,Angela Scott,2,I really wanted to love these headphones but they didnt meet my expectations. The build quality feels a bit cheap and they didnt last as long as I hoped. The features are nice but if the device isnt durable whats the point? I think I will try another brand that offers better longevity.,2023-10-01,"{""Mic"": ""Not explicitly mentioned"", ""EQmodes"": ""Not explicitly mentioned"", ""DeepBass"": ""Not explicitly mentioned"", ""Foldable"": ""Not explicitly mentioned"", ""playtime"": ""Not explicitly mentioned"", ""ComfortFit"": ""Not explicitly mentioned"", ""Batterylife"": ""Not explicitly mentioned"", ""NoiseCancellation"": ""Not explicitly mentioned""}"
156,7,Robert Hall,1,Stay away from these headphones! I had an awful experience. They kept disconnecting during calls and after a month they just stopped working altogether. I tried reaching out to customer service but they were of no help. Save your money for a more trustworthy product!,2023-10-01,"{""Mic"": ""Not mentioned"", ""EQmodes"": ""Not mentioned"", ""DeepBass"": ""Not mentioned"", ""Foldable"": ""Not mentioned"", ""playtime"": ""Not mentioned"", ""ComfortFit"": ""Not mentioned"", ""Batterylife"": ""Not mentioned"", ""NoiseCancellation"": ""Not mentioned""}"
157,7,Nancy Young,5,Absolutely love these Auron headphones! The sound quality is fantastic and I especially appreciate how they dont move around during workouts. The battery life is impressive lasting me several sessions without a recharge. I also find the controls really intuitive. Highly recommend for anyone active!,2023-10-01,"{""Mic"": ""Not mentioned"", ""EQmodes"": ""Not mentioned"", ""DeepBass"": ""Not mentioned"", ""Foldable"": ""Not mentioned"", ""playtime"": ""Not mentioned"", ""ComfortFit"": ""don't move around during workouts"", ""Batterylife"": ""lasting several sessions without a recharge"", ""NoiseCancellation"": ""Not mentioned""}"
158,7,Stephen Campbell,4,Great value for the price! The headphones sound really good especially for workouts and I appreciate their waterproof design. I did struggle a bit with the initial setup but once configured theyve worked like a charm. My only issue is the somewhat bulky design but its a minor inconvenience for me.,2023-10-01,"{""Mic"": """", ""EQmodes"": """", ""DeepBass"": """", ""Foldable"": """", ""playtime"": """", ""ComfortFit"": """", ""Batterylife"": """", ""NoiseCancellation"": """"}"
159,7,Karen Mitchell,3,I have mixed feelings about these headphones. On one hand the sound quality is good and they fit well enough. However the Bluetooth connection can be spotty at times which is frustrating. They serve their purpose but could definitely be improved in terms of reliability.,2023-10-01,"{""Mic"": """", ""EQmodes"": """", ""DeepBass"": """", ""Foldable"": """", ""playtime"": """", ""ComfortFit"": ""They fit well enough."", ""Batterylife"": """", ""NoiseCancellation"": """"}"
160,7,Nathan Perez,2,The Auron headphones have potential but ultimately I was let down. The sound is decent but I ran into charging issues after a couple of weeks. They arent as durable as advertised and I felt they werent as comfortable during long uses. I might look for alternatives next time.,2023-10-01,"{""Mic"": ""Not mentioned"", ""EQmodes"": ""Not mentioned"", ""DeepBass"": ""Not mentioned"", ""Foldable"": ""Not mentioned"", ""playtime"": ""Not mentioned"", ""ComfortFit"": ""Not comfortable during long uses"", ""Batterylife"": ""Charging issues after a couple of weeks"", ""NoiseCancellation"": ""Not mentioned""}"
161,7,Jessica King,1,Im very disappointed in these headphones. They started having connectivity problems right out of the box. The sound quality was not what I expected very muffled and unbalanced. Customer support wasnt particularly helpful either. Im returning them and opting for another brand that I trust more.,2023-10-01,"{""Mic"": """", ""EQmodes"": """", ""DeepBass"": """", ""Foldable"": """", ""playtime"": """", ""ComfortFit"": """", ""Batterylife"": """", ""NoiseCancellation"": """"}"
162,7,Thomas Carter,5,These headphones have truly exceeded my expectations! They are incredibly comfortable and the sound quality is next level. Ive used them for rigorous outdoor workouts in rain and they perform flawlessly. Plus the ease of use is fantastic—simple controls and a solid Bluetooth connection. Cant recommend them enough!,2023-10-01,"{""Mic"": ""Not mentioned"", ""EQmodes"": ""Not mentioned"", ""DeepBass"": ""Not mentioned"", ""Foldable"": ""Not mentioned"", ""playtime"": ""Not mentioned"", ""ComfortFit"": ""Incredibly comfortable"", ""Batterylife"": ""Not mentioned"", ""NoiseCancellation"": ""Not mentioned""}"
163,7,Laura Adams,4,Ive really enjoyed using these headphones. The sound is vibrant and they stay comfortably in place during workouts. The only downside is I found the battery life could be longer as I tend to workout for extended periods. Overall I feel they are a great choice for gym-goers!,2023-10-01,"{""Mic"": ""Not mentioned."", ""EQmodes"": ""Not mentioned."", ""DeepBass"": ""Not mentioned."", ""Foldable"": ""Not mentioned."", ""playtime"": ""The user tends to workout for extended periods, implying the playtime is less than desired for such durations."", ""ComfortFit"": ""The headphones stay comfortably in place during workouts."", ""Batterylife"": ""The user found the battery life could be longer."", ""NoiseCancellation"": ""Not mentioned.""}"
164,7,Ben Thompson,3,The Auron headphones are pretty decent. I was impressed with the audio quality during music playback but I did notice they sometimes struggle with calls. They also have some weird fitting issues after long usage. Theyre not bad but could use refinement in certain areas.,2023-10-01,"{""Mic"": ""Struggles with calls"", ""EQmodes"": ""Not mentioned"", ""DeepBass"": ""Not mentioned"", ""Foldable"": ""Not mentioned"", ""playtime"": ""Not mentioned"", ""ComfortFit"": ""Some weird fitting issues after long usage"", ""Batterylife"": ""Not mentioned"", ""NoiseCancellation"": ""Not mentioned""}"
165,7,Emma White,2,These headphones seem good on paper but in practice theyve let me down. The fit is not secure enough for intense workouts and the sound can be inconsistent. They look nice but Im not convinced theyre worth the investment given their issues.,2023-10-01,"{""Mic"": """", ""EQmodes"": """", ""DeepBass"": """", ""Foldable"": """", ""playtime"": """", ""ComfortFit"": ""The fit is not secure enough for intense workouts."", ""Batterylife"": """", ""NoiseCancellation"": """"}"
166,7,Jake Harris,1,Avoid these headphones at all costs! I had a terrible experience—the sound cut out frequently and they began to crackle during playback. They didnt live up to the durability claim either. Very disappointing I expected much better from Auron.,2023-10-01,"{""Mic"": ""Not mentioned"", ""EQmodes"": ""Not mentioned"", ""DeepBass"": ""Not mentioned"", ""Foldable"": ""Not mentioned"", ""playtime"": ""Not mentioned"", ""ComfortFit"": ""Not mentioned"", ""Batterylife"": ""Not mentioned"", ""NoiseCancellation"": ""Not mentioned""}"
167,7,Olivia Martinez,5,I couldnt be happier with my Auron headphones! The sound is rich and clear making my workouts incredibly enjoyable. They fit like a glove and I appreciate the sturdy build. Great battery life too! I highly recommend them for any fitness enthusiast. They are definitely worth every penny!,2023-10-01,"{""Mic"": ""Not mentioned"", ""EQmodes"": ""Not mentioned"", ""DeepBass"": ""Not mentioned"", ""Foldable"": ""Not mentioned"", ""playtime"": ""Not mentioned"", ""ComfortFit"": ""They fit like a glove"", ""Batterylife"": ""Great battery life"", ""NoiseCancellation"": ""Not mentioned""}"
168,7,Ethan Jones,4,These headphones are really solid. They sound great and fit well though I had trouble with the initial pairing process. Once connected they worked seamlessly. I appreciate their waterproof feature; its perfect for rainy runs. Id give them a thumbs up overall!,2023-10-01,"{""Mic"": """", ""EQmodes"": """", ""DeepBass"": """", ""Foldable"": """", ""playtime"": """", ""ComfortFit"": ""They fit well."", ""Batterylife"": """", ""NoiseCancellation"": """"}"
169,7,Sophia Brown,3,Theyre okay but definitely not my favorite. The sound quality is average and while I like the design I found them to be uncomfortable after prolonged wear. The interface for controls could be more intuitive but they still get the job done for casual use.,2023-10-01,"{""Mic"": ""Not mentioned"", ""EQmodes"": ""Not mentioned"", ""DeepBass"": ""Not mentioned"", ""Foldable"": ""Not mentioned"", ""playtime"": ""Not mentioned"", ""ComfortFit"": ""Uncomfortable after prolonged wear"", ""Batterylife"": ""Not mentioned"", ""NoiseCancellation"": ""Not mentioned""}"
170,7,Liam Williams,2,Not very impressed with these headphones. They look nice but the audio quality is subpar for the price. Connection issues are frequent and if I move too far away from my device they disconnect. I feel there are better options available at this price point.,2023-10-01,"{""Mic"": """", ""EQmodes"": """", ""DeepBass"": """", ""Foldable"": """", ""playtime"": """", ""ComfortFit"": """", ""Batterylife"": """", ""NoiseCancellation"": """"}"
171,7,Mia Jones,1,Save your money! These headphones broke within two weeks of use. The sound was not nearly as great as advertised and customer service did not resolve my issues. I cant recommend them to anyone. Disappointed doesnt even begin to cover it!,2023-10-01,"{""Mic"": """", ""EQmodes"": """", ""DeepBass"": """", ""Foldable"": """", ""playtime"": """", ""ComfortFit"": """", ""Batterylife"": """", ""NoiseCancellation"": """"}"
172,8,Sara Johnson,5,These Echoris Bluetooth headphones are simply amazing! The sound quality is phenomenal giving me rich bass and clear treble. Ive used them during my runs and Ive experienced zero issues with connectivity thanks to Bluetooth 5.3. The battery lasts an impressive 16 hours which is perfect for my long workouts. Highly recommend for anyone who needs reliable headphones for exercise!,2023-10-01,"{""Mic"": ""Not mentioned"", ""EQmodes"": ""Not mentioned"", ""DeepBass"": ""Rich bass"", ""Foldable"": ""Not mentioned"", ""playtime"": ""16 hours"", ""ComfortFit"": ""Not mentioned"", ""Batterylife"": ""16 hours"", ""NoiseCancellation"": ""Not mentioned""}"
173,8,Michael Thompson,5,Best workout headphones Ive ever owned! The design snugly fits in my ears and the adjustable ear hooks make a huge difference during my intense HIIT sessions. The sound clarity is superb making my music sound richer while I push through my goals. Plus the IPX7 waterproof rating is a lifesaver; I dont stress when I sweat. Definitely worth every penny!,2023-10-01,"{""Mic"": """", ""EQmodes"": """", ""DeepBass"": """", ""Foldable"": """", ""playtime"": """", ""ComfortFit"": ""The design snugly fits in my ears, and the adjustable ear hooks make a huge difference during my intense HIIT sessions."", ""Batterylife"": """", ""NoiseCancellation"": """"}"
174,8,Emily Davis,4,I am really pleased with the Echoris Bluetooth headphones overall! The sound quality is great and theyre very comfortable for extended use. I do wish the controls were a bit more intuitive; I occasionally have trouble skipping tracks during a workout. However the 16-hour battery life is amazing and they endured my daily runs without any fuss!,2023-10-01,"{""Mic"": ""Not mentioned"", ""EQmodes"": ""Not mentioned"", ""DeepBass"": ""Not mentioned"", ""Foldable"": ""Not mentioned"", ""playtime"": ""16-hour battery life"", ""ComfortFit"": ""very comfortable for extended use"", ""Batterylife"": ""16-hour battery life"", ""NoiseCancellation"": ""Not mentioned""}"
175,8,James Wilson,4,These headphones are a solid choice for workouts! The bass is deep and the highs are clear. They fit well and stay in place during my runs. My only complaint is that theyre slightly bulky around my neck when not in use and the touch controls can be a bit sensitive. Still for the price I think Echoris nailed it!,2023-10-01,"{""Mic"": ""Not mentioned"", ""EQmodes"": ""Not mentioned"", ""DeepBass"": ""The bass is deep"", ""Foldable"": ""Not mentioned"", ""playtime"": ""Not mentioned"", ""ComfortFit"": ""They fit well and stay in place during runs"", ""Batterylife"": ""Not mentioned"", ""NoiseCancellation"": ""Not mentioned""}"
176,8,Hannah Martinez,3,A good pair of headphones but they have their quirks. The sound is quite good but I noticed some connectivity issues at times especially when my phone is in my pocket. They are comfortable to wear and the battery life is excellent but I expected a little more durability. Im not sure if Ill last long with regular use. Ive had better experiences with other brands.,2023-10-01,"{""Mic"": ""not mentioned"", ""EQmodes"": ""not mentioned"", ""DeepBass"": ""not mentioned"", ""Foldable"": ""not mentioned"", ""playtime"": ""not mentioned"", ""ComfortFit"": ""comfortable to wear"", ""Batterylife"": ""excellent"", ""NoiseCancellation"": ""not mentioned""}"
177,8,Chris Johnson,3,The Echoris Bluetooth headphones are decent but I dont think I would buy them again. While they offer good sound quality the design isnt as sleek as I imagined. Additionally they feel a bit heavy on my ears during longer workouts. They do hold a charge well and I appreciate the waterproof feature but I expected better build quality. Theyre fine for the price but not amazing.,2023-10-01,"{""Mic"": ""Not mentioned."", ""EQmodes"": ""Not mentioned."", ""DeepBass"": ""Not mentioned."", ""Foldable"": ""Not mentioned."", ""playtime"": ""Not explicitly mentioned, but implied to be good as they hold a charge well."", ""ComfortFit"": ""They feel a bit heavy on the ears during longer workouts."", ""Batterylife"": ""They hold a charge well."", ""NoiseCancellation"": ""Not mentioned.""}"
178,8,Olivia Brown,2,Honestly I was hoping for more from these headphones. The sound is average and I experienced some frustrating moments with connectivity dropping unexpectedly. The battery life advertised is true but I found them quite uncomfortable after a while. They fit snugly at first but they began to irritate my ears during longer uses. Not the best purchase for me.,2023-10-01,"{""Mic"": ""Not mentioned."", ""EQmodes"": ""Not mentioned."", ""DeepBass"": ""Not mentioned."", ""Foldable"": ""Not mentioned."", ""playtime"": ""Not mentioned."", ""ComfortFit"": ""Uncomfortable after prolonged use."", ""Batterylife"": ""Advertised battery life is accurate."", ""NoiseCancellation"": ""Not mentioned.""}"
179,8,Daniel Smith,1,Very disappointing purchase. The headphones stopped charging after two weeks of use and their customer service was unresponsive. I was excited about their specifications but the performance didnt live up to the hype. The sound quality was mediocre at best and I had expected more based on the description. Would not recommend this product at all.,2023-10-01,"{""Mic"": ""Not mentioned"", ""EQmodes"": ""Not mentioned"", ""DeepBass"": ""Not mentioned"", ""Foldable"": ""Not mentioned"", ""playtime"": ""Not mentioned"", ""ComfortFit"": ""Not mentioned"", ""Batterylife"": ""Stopped charging after two weeks of use"", ""NoiseCancellation"": ""Not mentioned""}"
180,8,Jessica Lee,5,I absolutely love these Echoris headphones! They provide superb sound quality making my music sound vibrant during workouts. The fit is very comfortable with secure ear hooks that dont bother me even during jogs. I appreciate the sleek design and vibrant color selection. Ive tried several others but these have become my go-to for both workouts and casual listening.,2023-10-01,"{""Mic"": ""Not mentioned"", ""EQmodes"": ""Not mentioned"", ""DeepBass"": ""Not mentioned"", ""Foldable"": ""Not mentioned"", ""playtime"": ""Not mentioned"", ""ComfortFit"": ""The fit is very comfortable with secure ear hooks that don't bother during jogs."", ""Batterylife"": ""Not mentioned"", ""NoiseCancellation"": ""Not mentioned""}"
181,8,Andrew Wilson,2,The Echoris headphones are just okay. While the sound quality is decent the construction feels a bit flimsy. I had issues with the controls not responding sometimes especially when I tried to change tracks while running. The battery life is good but overall I feel like I would have better luck with a more robust pair. Not bad but not great either.,2023-10-01,"{""Mic"": ""not mentioned"", ""EQmodes"": ""not mentioned"", ""DeepBass"": ""not mentioned"", ""Foldable"": ""not mentioned"", ""playtime"": ""not mentioned"", ""ComfortFit"": ""not mentioned"", ""Batterylife"": ""good"", ""NoiseCancellation"": ""not mentioned""}"
182,8,Nina Taylor,3,These headphones are a mixed bag. The audio quality is nice but I found the ear hooks a bit uncomfortable after extended use. They do have good waterproofing which is a plus for my sweaty workouts but the setup process was less than straightforward. I think theyre fine for casual use but I wouldnt rely on them for more intensive training sessions.,2023-10-01,"{""Mic"": """", ""EQmodes"": """", ""DeepBass"": """", ""Foldable"": """", ""playtime"": """", ""ComfortFit"": ""The ear hooks were found to be a bit uncomfortable after extended use."", ""Batterylife"": """", ""NoiseCancellation"": """"}"
183,8,Mark Brown,1,Worst headphones Ive ever purchased! The Bluetooth connection was weak and would drop constantly. After a week the sound quality degraded significantly almost like they cheapened overnight. I reached out to customer service and was met with frustration and no real help. Save your money and look elsewhere; this product is not worth it.,2023-10-01,"{""Mic"": ""Not mentioned"", ""EQmodes"": ""Not mentioned"", ""DeepBass"": ""Not mentioned"", ""Foldable"": ""Not mentioned"", ""playtime"": ""Not mentioned"", ""ComfortFit"": ""Not mentioned"", ""Batterylife"": ""Not mentioned"", ""NoiseCancellation"": ""Not mentioned""}"
184,8,Laura Green,5,I cant say enough good things about these headphones! They are lightweight yet surprisingly sturdy and the sound quality is excellent. I love that theyre waterproof; its a must-have feature for my hardcore gym sessions. The battery life is impressive as well; I can easily go days without needing a recharge. Highly recommended for anyone serious about fitness!,2023-10-01,"{""Mic"": ""Not mentioned"", ""EQmodes"": ""Not mentioned"", ""DeepBass"": ""Not mentioned"", ""Foldable"": ""Not mentioned"", ""playtime"": ""Not explicitly mentioned, but implied to be long due to impressive battery life"", ""ComfortFit"": ""Lightweight yet sturdy"", ""Batterylife"": ""Impressive, can go days without needing a recharge"", ""NoiseCancellation"": ""Not mentioned""}"
185,8,Kevin Adams,3,These headphones perform reasonably well but fall short in some areas. The sound quality is decent and the waterproof feature is great when I sweat. However the comfort level could be improved especially for long periods. Also the Bluetooth range isnt as far as I hoped. Good for casual use but not something Id use during intense workouts.,2023-10-01,"{""Mic"": ""Not mentioned"", ""EQmodes"": ""Not mentioned"", ""DeepBass"": ""Not mentioned"", ""Foldable"": ""Not mentioned"", ""playtime"": ""Not mentioned"", ""ComfortFit"": ""Could be improved, especially for long periods"", ""Batterylife"": ""Not mentioned"", ""NoiseCancellation"": ""Not mentioned""}"
186,8,Paige White,4,The Echoris headphones are quite good for exercising! The audio quality is satisfactory and the battery life is long-lasting. I have to mention that the ear fit is secure which I appreciate. However the initial setup had some glitches where I had to reset them a couple of times. Overall theyre a reliable choice that I would recommend to friends.,2023-10-01,"{""Mic"": ""not mentioned"", ""EQmodes"": ""not mentioned"", ""DeepBass"": ""not mentioned"", ""Foldable"": ""not mentioned"", ""playtime"": ""not mentioned"", ""ComfortFit"": ""secure ear fit"", ""Batterylife"": ""long-lasting"", ""NoiseCancellation"": ""not mentioned""}"
187,8,Tony Harris,5,Ive bought many headphones for my workouts but these Echoris ones are by far the best! The sound is crystal clear and the battery life is unbelievable. Ive used them for hours and hours without needing to recharge. They fit snugly without causing discomfort perfect for running! Ill be recommending these to all my fitness buddies!,2023-10-01,"{""Mic"": ""Not mentioned"", ""EQmodes"": ""Not mentioned"", ""DeepBass"": ""Not mentioned"", ""Foldable"": ""Not mentioned"", ""playtime"": ""hours and hours"", ""ComfortFit"": ""fit snugly without causing discomfort, perfect for running"", ""Batterylife"": ""unbelievable, hours and hours without needing to recharge"", ""NoiseCancellation"": ""Not mentioned""}"
188,8,Rachel Lewis,1,Honestly I regret purchasing these headphones. The build quality feels cheap and they barely lasted a month before the sound started cutting in and out. I was excited about the features but reality hit hard. The return process was an absolute nightmare and I felt ignored by customer support. Total wastage of money!,2023-10-01,"{""Mic"": ""Not mentioned"", ""EQmodes"": ""Not mentioned"", ""DeepBass"": ""Not mentioned"", ""Foldable"": ""Not mentioned"", ""playtime"": ""Not mentioned"", ""ComfortFit"": ""Not mentioned"", ""Batterylife"": ""Not mentioned"", ""NoiseCancellation"": ""Not mentioned""}"
238,10,Jacob Ramirez,5,So glad I chose these headphones! Theyve become my daily essential whether Im at the gym or enjoying my favorite podcast at home. The clarity in sound is breathtaking especially with bass-heavy tracks. These headphones are not just functional; they look great too! I would highly recommend them to anyone serious about quality audio.,2023-10-01,"{""Mic"": """", ""EQmodes"": """", ""DeepBass"": ""Yes"", ""Foldable"": """", ""playtime"": """", ""ComfortFit"": """", ""Batterylife"": """", ""NoiseCancellation"": """"}"
189,8,Isaac Young,5,These Bluetooth headphones exceeded my expectations! The sound quality is impressive the fitting is perfect and I love how comfortable they are during my workouts. The battery life lasts forever and they charge quickly which is extremely convenient. Overall a fantastic product that I highly recommend to anyone into fitness!,2023-10-01,"{""Mic"": ""Not mentioned"", ""EQmodes"": ""Not mentioned"", ""DeepBass"": ""Not mentioned"", ""Foldable"": ""Not mentioned"", ""playtime"": ""Not mentioned"", ""ComfortFit"": ""The fitting is perfect, and I love how comfortable they are during my workouts"", ""Batterylife"": ""The battery life lasts forever"", ""NoiseCancellation"": ""Not mentioned""}"
190,8,Sophia King,4,Great headphones for the gym! They sound amazing and fit wonderfully. Just a small issue with the touch controls sometimes misfiring – often changing the song when I didnt want to. Still the overall performance is worth the money spent. I highly recommend them to anyone who exercises frequently!,2023-10-01,"{""Mic"": """", ""EQmodes"": """", ""DeepBass"": """", ""Foldable"": """", ""playtime"": """", ""ComfortFit"": ""fit wonderfully"", ""Batterylife"": """", ""NoiseCancellation"": """"}"
191,8,Carl Scott,1,Awful experience! These headphones died on me within a week. I followed all the care instructions but there was some defect that made them stop charging. Customer service wouldnt help either offering only generic responses. I wish I hadnt wasted my money on these. I expected so much more based on the description but was left thoroughly disappointed.,2023-10-01,"{""Mic"": ""Not applicable"", ""EQmodes"": ""Not applicable"", ""DeepBass"": ""Not applicable"", ""Foldable"": ""Not applicable"", ""playtime"": ""Not applicable"", ""ComfortFit"": ""Not applicable"", ""Batterylife"": ""Not applicable"", ""NoiseCancellation"": ""Not applicable""}"
192,8,Ava Martinez,3,These headphones are okay not great. I loved the waterproof feature perfect for my sweaty workouts. However the connectivity issues were frustrating and I randomly lost sound while in the middle of a track. The comfort level is decent but theres just not enough standout quality to recommend them enthusiastically.,2023-10-01,"{""Mic"": ""Not mentioned"", ""EQmodes"": ""Not mentioned"", ""DeepBass"": ""Not mentioned"", ""Foldable"": ""Not mentioned"", ""playtime"": ""Not mentioned"", ""ComfortFit"": ""Decent"", ""Batterylife"": ""Not mentioned"", ""NoiseCancellation"": ""Not mentioned""}"
193,8,Lucas Robinson,4,I enjoy my Echoris headphones for workouts! The sound quality is impressive and they stay in place during my runs. While they fit snugly I had a small issue with them feeling a bit heavy after prolonged use. The battery life is fantastic and I love the overall design. A strong recommendation to anyone from casual to serious fitness enthusiasts!,2023-10-01,"{""Mic"": ""not mentioned"", ""EQmodes"": ""not mentioned"", ""DeepBass"": ""not mentioned"", ""Foldable"": ""not mentioned"", ""playtime"": ""not mentioned"", ""ComfortFit"": ""fit snugly, but can feel heavy after prolonged use"", ""Batterylife"": ""fantastic"", ""NoiseCancellation"": ""not mentioned""}"
194,8,Megan Clark,2,Honestly I expected better considering the hype. While the sound is passable I experienced notable connectivity problems that marred my workout experience. The battery life is great which is a plus but the overall performance left me underwhelmed. I hesitate to recommend them unless youre just looking for something basic.,2023-10-01,"{""Mic"": ""not mentioned"", ""EQmodes"": ""not mentioned"", ""DeepBass"": ""not mentioned"", ""Foldable"": ""not mentioned"", ""playtime"": ""not mentioned"", ""ComfortFit"": ""not mentioned"", ""Batterylife"": ""great"", ""NoiseCancellation"": ""not mentioned""}"
195,9,Emily Johnson,5,These headphones are an absolute game-changer! The audio quality is phenomenal—crystal clear highs and rich bass that make my running sessions feel like a concert. They stay securely in my ears no matter how intense my workout gets. I also appreciate how lightweight they are; I can barely feel them even after hours of use. Highly recommend for anyone serious about sports and fitness!,2023-10-01,"{""Mic"": ""Not mentioned"", ""EQmodes"": ""Not mentioned"", ""DeepBass"": ""Rich bass"", ""Foldable"": ""Not mentioned"", ""playtime"": ""Not mentioned"", ""ComfortFit"": ""They stay securely in my ears no matter how intense my workout gets"", ""Batterylife"": ""Not mentioned"", ""NoiseCancellation"": ""Not mentioned""}"
196,9,Michael Brown,5,I simply love the Auron XDR-8000! The comfort level is off the charts. Ive used many in-ear headphones before but these are by far the most comfortable ones Ive ever owned. The sound quality is spectacular making every music track a joy to listen to during my jogs. Plus the design is sleek and doesnt scream ‘sports gear. Totally satisfied with this purchase!,2023-10-01,"{""Mic"": """", ""EQmodes"": """", ""DeepBass"": """", ""Foldable"": """", ""playtime"": """", ""ComfortFit"": ""The comfort level is off the charts."", ""Batterylife"": """", ""NoiseCancellation"": """"}"
197,9,Olivia Davis,4,These headphones are quite good! The design is ergonomic and sleek fitting comfortably in my ears. The audio performance is impressive—definitely better than my last pair. However I wish the cord was a bit longer; sometimes it feels restrictive during my workouts. Overall a solid choice for anyone looking for quality sound at this price point.,2023-10-01,"{""Mic"": ""Not mentioned"", ""EQmodes"": ""Not mentioned"", ""DeepBass"": ""Not mentioned"", ""Foldable"": ""Not mentioned"", ""playtime"": ""Not mentioned"", ""ComfortFit"": ""Ergonomic and sleek design, fitting comfortably in ears"", ""Batterylife"": ""Not mentioned"", ""NoiseCancellation"": ""Not mentioned""}"
198,9,James Wilson,4,The Auron XDR-8000 delivers pretty good audio performance especially for the price. I love the lightweight design; its super comfortable for long wear whether Im working out or gaming. The grip is secure which is essential for my runs. My only criticism is that they could use a bit more bass. Still Im happy with my purchase.,2023-10-01,"{""Mic"": ""Not mentioned"", ""EQmodes"": ""Not mentioned"", ""DeepBass"": ""Could use a bit more bass"", ""Foldable"": ""Not mentioned"", ""playtime"": ""Not mentioned"", ""ComfortFit"": ""Lightweight design, super comfortable for long wear"", ""Batterylife"": ""Not mentioned"", ""NoiseCancellation"": ""Not mentioned""}"
199,9,Ava Martinez,3,I have mixed feelings about these headphones. On one hand they fit well and provide decent sound quality for casual use. On the flip side I found them a bit lacking in the bass department which is disappointing for a sports headphone. The build quality seems fine but I was expecting a more robust construction for active use. Overall they do the job but I think there are better options out there.,2023-10-01,"{""Mic"": ""Not mentioned"", ""EQmodes"": ""Not mentioned"", ""DeepBass"": ""Lacking in the bass department"", ""Foldable"": ""Not mentioned"", ""playtime"": ""Not mentioned"", ""ComfortFit"": ""They fit well"", ""Batterylife"": ""Not mentioned"", ""NoiseCancellation"": ""Not mentioned""}"
200,9,Liam Anderson,3,Decent headphones but they didnt quite blow me away. The design is comfortable and they stay put during my runs. However I experienced a few connectivity issues and the user interface for media control was a bit clunky. If youre looking for something strictly for audio while exercising theyre okay but not the best.,2023-10-01,"{""Mic"": """", ""EQmodes"": """", ""DeepBass"": """", ""Foldable"": """", ""playtime"": """", ""ComfortFit"": ""Comfortable design, stays put during runs."", ""Batterylife"": """", ""NoiseCancellation"": """"}"
201,9,Sophia Thompson,2,Im not entirely satisfied with these headphones. They fit fine and the sound is okay but Ive experienced some durability issues. After a few weeks I noticed some wear and tear on the cable which is disappointing for a product marketed as durable. Additionally I had trouble with the comfort during longer sessions. I expected better.,2023-10-01,"{""Mic"": ""Not mentioned"", ""EQmodes"": ""Not mentioned"", ""DeepBass"": ""Not mentioned"", ""Foldable"": ""Not mentioned"", ""playtime"": ""Not mentioned"", ""ComfortFit"": ""Had trouble with comfort during longer sessions"", ""Batterylife"": ""Not mentioned"", ""NoiseCancellation"": ""Not mentioned""}"
202,9,Ethan White,2,Honestly these headphones disappointed me. While the sound quality was average the fit was not secure enough. I had to readjust them constantly during my workout which was really frustrating. Also after a few uses I started hearing a crackling sound in one ear. Overall not great especially considering the price. I wouldnt recommend them.,2023-10-01,"{""Mic"": ""Not mentioned"", ""EQmodes"": ""Not mentioned"", ""DeepBass"": ""Not mentioned"", ""Foldable"": ""Not mentioned"", ""playtime"": ""Not mentioned"", ""ComfortFit"": ""The fit was not secure enough and required constant readjustment."", ""Batterylife"": ""Not mentioned"", ""NoiseCancellation"": ""Not mentioned""}"
203,9,Mia Harris,1,Terrible experience with the Auron XDR-8000. They broke after just a week of light use! The right earpiece stopped working completely and customer support was unresponsive. The build felt cheap which is shocking given the claims of quality. I will not be buying from this brand again and definitely do not recommend these headphones.,2023-10-01,"{""Mic"": ""Not mentioned"", ""EQmodes"": ""Not mentioned"", ""DeepBass"": ""Not mentioned"", ""Foldable"": ""Not mentioned"", ""playtime"": ""Not mentioned"", ""ComfortFit"": ""Not mentioned"", ""Batterylife"": ""Not mentioned"", ""NoiseCancellation"": ""Not mentioned""}"
204,9,Lucas Martin,1,I had high expectations for these headphones but they fell flat. The sound quality was subpar and the design felt uncomfortable after a short period. I also experienced intermittent disconnections which made them virtually unusable during my workouts. Very disappointed overall; I expected much more for the price.,2023-10-01,"{""Mic"": ""Not mentioned"", ""EQmodes"": ""Not mentioned"", ""DeepBass"": ""Not mentioned"", ""Foldable"": ""Not mentioned"", ""playtime"": ""Not mentioned"", ""ComfortFit"": ""Uncomfortable after a short period"", ""Batterylife"": ""Not mentioned"", ""NoiseCancellation"": ""Not mentioned""}"
205,9,Charlotte Lee,5,These are hands down the best sports headphones Ive used! They are so lightweight and comfortable I almost forget I have them on. The audio clarity is fantastic and I can hear my surroundings which is important when Im out running. The ergonomics are spot on! Highly recommended for anyone into fitness.,2023-10-01,"{""Mic"": ""Not mentioned"", ""EQmodes"": ""Not mentioned"", ""DeepBass"": ""Not mentioned"", ""Foldable"": ""Not mentioned"", ""playtime"": ""Not mentioned"", ""ComfortFit"": ""Lightweight and comfortable"", ""Batterylife"": ""Not mentioned"", ""NoiseCancellation"": ""Not mentioned""}"
206,9,Benjamin Hernandez,4,Overall very pleased with my purchase! The audio performance is excellent making the headphones ideal for movies and gaming as well as exercise. They fit comfortably but I wish there were more customization options for fit. Still for the price point this is a solid deal. I would buy them again!,2023-10-01,"{""Mic"": """", ""EQmodes"": """", ""DeepBass"": """", ""Foldable"": """", ""playtime"": """", ""ComfortFit"": ""They fit comfortably."", ""Batterylife"": """", ""NoiseCancellation"": """"}"
207,9,Abigail Clark,4,I really like these headphones! They are very comfortable and I love the minimalist design. The sound quality is great for the price. However the cord could be a little longer for better maneuverability while Im active. Still theyre definitely a good buy for any athlete.,2023-10-01,"{""Mic"": ""Not mentioned"", ""EQmodes"": ""Not mentioned"", ""DeepBass"": ""Not mentioned"", ""Foldable"": ""Not mentioned"", ""playtime"": ""Not mentioned"", ""ComfortFit"": ""Yes"", ""Batterylife"": ""Not mentioned"", ""NoiseCancellation"": ""Not mentioned""}"
208,9,Isaac Lewis,3,These headphones are okay but I expected more. The sound is decent and they do fit comfortably while Im exercising. However I had issues with the cord tangling up and the remote control is not as responsive as I hoped. They get the job done but I think there are definitely better options out there.,2023-10-01,"{""Mic"": ""Not mentioned"", ""EQmodes"": ""Not mentioned"", ""DeepBass"": ""Not mentioned"", ""Foldable"": ""Not mentioned"", ""playtime"": ""Not mentioned"", ""ComfortFit"": ""Yes, they fit comfortably while exercising"", ""Batterylife"": ""Not mentioned"", ""NoiseCancellation"": ""Not mentioned""}"
209,9,Zoe Hall,3,I think these headphones are just average. They are lightweight and have a decent sound quality but after several weeks of use they feel a bit flimsy. They are comfortable for listening but I found them not very suitable for more intense workouts where they kept slipping. They work fine but Im not fully convinced.,2023-10-01,"{""Mic"": """", ""EQmodes"": """", ""DeepBass"": """", ""Foldable"": """", ""playtime"": """", ""ComfortFit"": ""Comfortable for listening, but not suitable for intense workouts."", ""Batterylife"": """", ""NoiseCancellation"": """"}"
210,9,Daniel Young,2,Not impressed with the Auron XDR-8000. While the sound is acceptable the build quality feels cheap and they hurt my ears after extended use. They also dont stay secure during runs. I was hoping for something more reliable but I ended up feeling like I wasted my money.,2023-10-01,"{""Mic"": ""Not mentioned"", ""EQmodes"": ""Not mentioned"", ""DeepBass"": ""Not mentioned"", ""Foldable"": ""Not mentioned"", ""playtime"": ""Not mentioned"", ""ComfortFit"": ""They hurt my ears after extended use and don't stay secure during runs."", ""Batterylife"": ""Not mentioned"", ""NoiseCancellation"": ""Not mentioned""}"
211,9,Ava Wilson,2,I really wanted to love these headphones but unfortunately they didnt meet my expectations. The sound is decent but lacks depth. More importantly they had comfort issues; my ears felt sore after wearing them for too long. You get what you pay for I guess. I wouldnt buy again.,2023-10-01,"{""Mic"": """", ""EQmodes"": """", ""DeepBass"": ""The sound is decent but lacks depth."", ""Foldable"": """", ""playtime"": """", ""ComfortFit"": ""My ears felt sore after wearing them for too long."", ""Batterylife"": """", ""NoiseCancellation"": """"}"
212,9,Henry Walker,1,Absolute waste of money. These headphones stopped working after just a couple of uses. The sound was mediocre from the start and then the right side just died. I reached out to customer service but they were unhelpful and rude. Would not recommend.,2023-10-01,"{""Mic"": ""Not mentioned"", ""EQmodes"": ""Not mentioned"", ""DeepBass"": ""Not mentioned"", ""Foldable"": ""Not mentioned"", ""playtime"": ""Not mentioned"", ""ComfortFit"": ""Not mentioned"", ""Batterylife"": ""Not mentioned"", ""NoiseCancellation"": ""Not mentioned""}"
213,9,Lily Adams,1,Very disappointed with my purchase. I expected better durability but they broke after a week. The sound quality was also lacking and I found them uncomfortable. If youre serious about sports headphones do yourself a favor and look elsewhere. This was not worth the price.,2023-10-01,"{""Mic"": ""Not mentioned"", ""EQmodes"": ""Not mentioned"", ""DeepBass"": ""Not mentioned"", ""Foldable"": ""Not mentioned"", ""playtime"": ""Not mentioned"", ""ComfortFit"": ""Uncomfortable"", ""Batterylife"": ""Not mentioned"", ""NoiseCancellation"": ""Not mentioned""}"
214,9,Alexander Sanchez,5,Absolutely love these headphones! They stay in place perfectly while Im operating at full speed during workouts. The sound quality is exceptional greatly improved over other wired alternatives Ive tried. Moreover they fit comfortably and allow ambient noise which is critical when I run outside. Would 100% recommend to fellow athletes!,2023-10-01,"{""Mic"": ""Not mentioned"", ""EQmodes"": ""Not mentioned"", ""DeepBass"": ""Not mentioned"", ""Foldable"": ""Not mentioned"", ""playtime"": ""Not mentioned"", ""ComfortFit"": ""They fit comfortably"", ""Batterylife"": ""Not mentioned"", ""NoiseCancellation"": ""They allow ambient noise""}"
215,9,Chloe Martin,5,The Auron XDR-8000 exceeded my expectations! I love how lightweight and comfortable they are and the sound quality is simply amazing. They dont fall out during my workouts which I appreciate. I also love the breathable design that keeps me aware of my surroundings. Worth every penny!,2023-10-01,"{""Mic"": """", ""EQmodes"": """", ""DeepBass"": """", ""Foldable"": """", ""playtime"": """", ""ComfortFit"": ""lightweight and comfortable"", ""Batterylife"": """", ""NoiseCancellation"": """"}"
216,9,Ryan Carter,4,These headphones are a solid choice for anyone seeking audio performance while being active. They fit comfortably and dont slip out. The sound is impressive but theres little too much treble for me. Overall a worthwhile purchase just a few tweaks would make them perfect!,2023-10-01,"{""Mic"": """", ""EQmodes"": """", ""DeepBass"": """", ""Foldable"": """", ""playtime"": """", ""ComfortFit"": ""They fit comfortably and don't slip out."", ""Batterylife"": """", ""NoiseCancellation"": """"}"
217,9,Amelia Robinson,4,Very happy with my purchase. The build quality is decent and they provide good sound performance for workouts. They fit nicely in my ears but I wish the cable was a bit more durable. For the price theyre a great deal perfect for everyday sports use.,2023-10-01,"{""Mic"": """", ""EQmodes"": """", ""DeepBass"": """", ""Foldable"": """", ""playtime"": """", ""ComfortFit"": ""They fit nicely in my ears."", ""Batterylife"": """", ""NoiseCancellation"": """"}"
218,9,Mason Nguyen,3,Good sound quality but I do have a few concerns. The design is good—comfortable enough for extended wear—but Ive noticed some wear around the cable after a few weeks. They can be a bit tough to keep in place if youre doing high-intensity workouts. Theyre okay—just not the best Ive tried.,2023-10-01,"{""Mic"": ""Not mentioned"", ""EQmodes"": ""Not mentioned"", ""DeepBass"": ""Not mentioned"", ""Foldable"": ""Not mentioned"", ""playtime"": ""Not mentioned"", ""ComfortFit"": ""Comfortable enough for extended wear"", ""Batterylife"": ""Not mentioned"", ""NoiseCancellation"": ""Not mentioned""}"
219,10,Alice Johnson,5,These headphones are incredible! From the moment I put them on I knew I made the right choice. The sound quality is unmatched with crystal-clear audio and deep bass that really enhances my music experience. The design is sleek and modern plus theyre super comfortable to wear for long periods. Ive used them during workouts and the IPX4 rating holds up perfectly against sweat! I highly recommend these to anyone looking for high-quality audio gear.,2023-10-01,"{""Mic"": ""Not mentioned"", ""EQmodes"": ""Not mentioned"", ""DeepBass"": ""Deep bass that enhances music experience"", ""Foldable"": ""Not mentioned"", ""playtime"": ""Not mentioned"", ""ComfortFit"": ""Super comfortable to wear for long periods"", ""Batterylife"": ""Not mentioned"", ""NoiseCancellation"": ""Not mentioned""}"
220,10,Michael Brown,5,Wow just wow! The battery life is unreal lasting me over a week of heavy use! I love the active noise cancellation feature; it really allows me to focus when Im working from home. The headphones are lightweight and easy to carry and the foldable design is a game-changer for my commute. Overall these are well worth the investment—best headphones Ive ever owned!,2023-10-01,"{""Mic"": ""Not mentioned"", ""EQmodes"": ""Not mentioned"", ""DeepBass"": ""Not mentioned"", ""Foldable"": ""Yes"", ""playtime"": ""lasting me over a week of heavy use"", ""ComfortFit"": ""lightweight and easy to carry"", ""Batterylife"": ""lasting me over a week of heavy use"", ""NoiseCancellation"": ""active noise cancellation feature""}"
221,10,Sophia Davis,4,Really good headphones! The sound is fantastic and the ANC feature works well. I found them easy to pair with my devices and the Bluetooth connection is strong up to about 30 feet. One small downside is that the ear pads could be a bit softer for long listening sessions. But overall Im very satisfied with my purchase and would recommend them to anyone who values sound quality.,2023-10-01,"{""Mic"": ""Not mentioned"", ""EQmodes"": ""Not mentioned"", ""DeepBass"": ""Not mentioned"", ""Foldable"": ""Not mentioned"", ""playtime"": ""Not mentioned"", ""ComfortFit"": ""Ear pads could be softer for long listening sessions"", ""Batterylife"": ""Not mentioned"", ""NoiseCancellation"": ""ANC feature works well""}"
222,10,Noah Wilson,4,Great product overall! The design is stylish and the headphones are very comfortable to wear. I appreciated the user-friendly controls making it easy to switch between songs and take calls. My only complaint is the initial setup was a tad confusing but once I got the hang of it it was smooth sailing from there. Definitely a solid option for anyone looking for good sound at a reasonable price.,2023-10-01,"{""Mic"": ""Easy to take calls."", ""EQmodes"": """", ""DeepBass"": """", ""Foldable"": """", ""playtime"": """", ""ComfortFit"": ""The headphones are very comfortable to wear."", ""Batterylife"": """", ""NoiseCancellation"": """"}"
223,10,Emma Garcia,3,These headphones are alright but they didnt quite meet my expectations. While the sound quality is decent I expected the ANC to be more effective based on the description. The build quality feels a bit plasticky but they are light and good for travel. They are usable but Im left wishing for a bit more in terms of performance.,2023-10-01,"{""Mic"": ""Not mentioned"", ""EQmodes"": ""Not mentioned"", ""DeepBass"": ""Not mentioned"", ""Foldable"": ""Not mentioned"", ""playtime"": ""Not mentioned"", ""ComfortFit"": ""Light and good for travel"", ""Batterylife"": ""Not mentioned"", ""NoiseCancellation"": ""ANC is not as effective as expected""}"
224,10,Liam Martinez,3,I have mixed feelings about these headphones. The battery life is fantastic but I experienced some connectivity issues with my laptop. The audio quality is good but not as crisp as Id hoped. They look nice and feel comfortable but I wouldnt consider them the best for serious music listening. They serve well for casual use though.,2023-10-01,"{""Mic"": ""not mentioned"", ""EQmodes"": ""not mentioned"", ""DeepBass"": ""not mentioned"", ""Foldable"": ""not mentioned"", ""playtime"": ""not mentioned"", ""ComfortFit"": ""comfortable"", ""Batterylife"": ""fantastic"", ""NoiseCancellation"": ""not mentioned""}"
225,10,Isabella Rodriguez,2,Not what I expected. While the sound quality is decent I was disappointed with the build quality—after a week of use they started feeling loose and creaky. The ANC was subpar and didnt block out as much noise as I wanted. Im not entirely unhappy with my purchase but feel there are better options available at this price point.,2023-10-01,"{""Mic"": ""Not mentioned"", ""EQmodes"": ""Not mentioned"", ""DeepBass"": ""Not mentioned"", ""Foldable"": ""Not mentioned"", ""playtime"": ""Not mentioned"", ""ComfortFit"": ""Started feeling loose after a week of use"", ""Batterylife"": ""Not mentioned"", ""NoiseCancellation"": ""Subpar, didn't block out much noise""}"
226,10,James Lee,2,These headphones have potential but they really miss the mark on a few things. The comfort level is okay but I found myself adjusting them constantly during longer use. The battery life is impressive but the audio sometimes cuts out for a second or two which is frustrating. Theyre okay for casual listening but I wouldnt recommend them for anyone looking for a reliable long-term product.,2023-10-01,"{""Mic"": ""not mentioned"", ""EQmodes"": ""not mentioned"", ""DeepBass"": ""not mentioned"", ""Foldable"": ""not mentioned"", ""playtime"": ""not mentioned"", ""ComfortFit"": ""okay, but requires constant adjustment during longer use"", ""Batterylife"": ""impressive"", ""NoiseCancellation"": ""not mentioned""}"
227,10,Ava White,1,Complete disappointment. The headphones stopped connecting to my phone after only two weeks of use and customer support was a nightmare to deal with. The audio quality was good when they worked but I cant justify this purchase based on my experience. I was really looking forward to using these for workouts and now they just sit in my drawer. Would not recommend at all!,2023-10-01,"{""Mic"": ""Not mentioned"", ""EQmodes"": ""Not mentioned"", ""DeepBass"": ""Not mentioned"", ""Foldable"": ""Not mentioned"", ""playtime"": ""Not mentioned"", ""ComfortFit"": ""Not mentioned"", ""Batterylife"": ""Not mentioned"", ""NoiseCancellation"": ""Not mentioned""}"
228,10,Ethan Clark,1,Honestly these are the worst headphones Ive ever bought. Right out of the box there were issues—poor sound quality and they didnt stay connected. The customer service was unresponsive making it even more frustrating. I thought I was getting a good deal but I ended up regretting my choice completely. Save your money!,2023-10-01,"{""Mic"": ""Not mentioned"", ""EQmodes"": ""Not mentioned"", ""DeepBass"": ""Not mentioned"", ""Foldable"": ""Not mentioned"", ""playtime"": ""Not mentioned"", ""ComfortFit"": ""Not mentioned"", ""Batterylife"": ""Not mentioned"", ""NoiseCancellation"": ""Not mentioned""}"
229,10,Mia Hall,5,Absolutely love these headphones! The high-resolution audio is just breathtaking. I have used many headphones before but this one clearly stands out. They are incredibly comfortable especially during long flights and the active noise cancellation really shields out the rush of the airport. Plus they pair with my devices in no time—Im beyond impressed!,2023-10-01,"{""Mic"": """", ""EQmodes"": """", ""DeepBass"": """", ""Foldable"": """", ""playtime"": """", ""ComfortFit"": ""incredibly comfortable, especially during long flights"", ""Batterylife"": """", ""NoiseCancellation"": ""active noise cancellation really shields out the rush of the airport""}"
230,10,Aiden Young,4,These headphones are really good for the price! The portability is a big plus for me; I often travel and love that they fold up nicely. The sound is good and the microphone quality has impressed my colleagues during video calls. My only issue is that the controls can be a bit confusing at first but Ive grown more comfortable with them after a few uses.,2023-10-01,"{""Mic"": ""Yes"", ""EQmodes"": ""Not mentioned"", ""DeepBass"": ""Not mentioned"", ""Foldable"": ""Yes"", ""playtime"": ""Not mentioned"", ""ComfortFit"": ""Not mentioned"", ""Batterylife"": ""Not mentioned"", ""NoiseCancellation"": ""Not mentioned""}"
231,10,Isabella Thompson,4,Nice headphones! They look great and sound even better. The ANC feature really does help filter out external noise making them great for my daily commutes. Occasionally I have to reconnect via Bluetooth which can be a little annoying but overall Im happy with the performance. I would recommend them especially for their comfort during long usage.,2023-10-01,"{""Mic"": ""Not mentioned"", ""EQmodes"": ""Not mentioned"", ""DeepBass"": ""Not mentioned"", ""Foldable"": ""Not mentioned"", ""playtime"": ""Not mentioned"", ""ComfortFit"": ""Comfortable during long usage"", ""Batterylife"": ""Not mentioned"", ""NoiseCancellation"": ""Active Noise Cancellation (ANC) feature is present""}"
232,10,Logan King,3,These headphones are decent but dont quite live up to the hype. While the ease of use is commendable and pairing was straightforward the ANC wasnt as effective as I had hoped. They are comfortable to wear but the sound lacks depth especially when compared to pricier models Ive owned. I guess theyre fine for casual listening.,2023-10-01,"{""Mic"": ""Not mentioned"", ""EQmodes"": ""Not mentioned"", ""DeepBass"": ""Sound lacks depth"", ""Foldable"": ""Not mentioned"", ""playtime"": ""Not mentioned"", ""ComfortFit"": ""Comfortable to wear"", ""Batterylife"": ""Not mentioned"", ""NoiseCancellation"": ""ANC wasn't as effective as hoped""}"
233,10,Chloe Scott,3,I found these headphones to be just average. The battery life is excellent but the ear pads could use more cushioning for long listening sessions. And while the ANC works to some extent it didnt completely block out external sounds as I expected. Not a bad purchase but definitely not the best experience Ive had.,2023-10-01,"{""Mic"": ""not mentioned"", ""EQmodes"": ""not mentioned"", ""DeepBass"": ""not mentioned"", ""Foldable"": ""not mentioned"", ""playtime"": ""not mentioned"", ""ComfortFit"": ""ear pads could use more cushioning for long listening sessions"", ""Batterylife"": ""excellent"", ""NoiseCancellation"": ""works to some extent, but didn't completely block out external sounds""}"
234,10,Lucas Lewis,2,The design is nice but thats where the positives end. The sound quality is lacking and the ANC feature didnt perform well at all for me. I was disappointed given the price point. They are good for basic usage but if youre looking for high-quality audio I would suggest looking elsewhere.,2023-10-01,"{""Mic"": """", ""EQmodes"": """", ""DeepBass"": """", ""Foldable"": """", ""playtime"": """", ""ComfortFit"": """", ""Batterylife"": """", ""NoiseCancellation"": ""The ANC feature didn't perform well.""}"
235,10,Grace Nelson,2,These headphones didnt meet my expectations. The battery lasts long but the comfort level isnt great—my ears get sore after prolonged use. Also the ANC is not effective enough to block out my loud neighbors. They work fine for casual use but I wouldnt buy them again.,2023-10-01,"{""Mic"": ""Not mentioned."", ""EQmodes"": ""Not mentioned."", ""DeepBass"": ""Not mentioned."", ""Foldable"": ""Not mentioned."", ""playtime"": ""Not mentioned."", ""ComfortFit"": ""The comfort level isn't great—my ears get sore after prolonged use."", ""Batterylife"": ""The battery lasts long."", ""NoiseCancellation"": ""The ANC is not effective enough to block out loud neighbors.""}"
236,10,Oliver Wright,5,Incredible value for money! I was blown away by the sound quality; it exceeds that of much pricier headphones. The design is chic and they fit well even for my larger ears. The battery life is also impressive. Honestly I couldnt be happier—these headphones have significantly improved my daily music experience!,2023-10-01,"{""Mic"": ""not mentioned"", ""EQmodes"": ""not mentioned"", ""DeepBass"": ""not mentioned"", ""Foldable"": ""not mentioned"", ""playtime"": ""not mentioned"", ""ComfortFit"": ""fit well, even for larger ears"", ""Batterylife"": ""impressive"", ""NoiseCancellation"": ""not mentioned""}"
237,10,Emma Robinson,1,Very disappointed! The sound quality was below average and battery life wasnt as long as advertised. They stopped working altogether after three weeks and reaching out to customer support was frustrating—no response for days! I was really excited about these headphones but theyve turned out to be a complete waste of money.,2023-10-01,"{""Mic"": ""Not mentioned."", ""EQmodes"": ""Not mentioned."", ""DeepBass"": ""Not mentioned."", ""Foldable"": ""Not mentioned."", ""playtime"": ""Not mentioned."", ""ComfortFit"": ""Not mentioned."", ""Batterylife"": ""Battery life wasn't as long as advertised."", ""NoiseCancellation"": ""Not mentioned.""}"
239,10,Lily Hughes,3,Overall Im feeling pretty neutral about my purchase. The headphones are solid for day-to-day tasks but the sound leaves a little to be desired when compared to higher-end options. The ANC is okay but not perfect. They fit well though and dont feel heavy which is a plus for any prolonged use.,2023-10-01,"{""Mic"": ""Not mentioned"", ""EQmodes"": ""Not mentioned"", ""DeepBass"": ""Not mentioned"", ""Foldable"": ""Not mentioned"", ""playtime"": ""Not mentioned"", ""ComfortFit"": ""They fit well and don't feel heavy"", ""Batterylife"": ""Not mentioned"", ""NoiseCancellation"": ""The ANC is okay but not perfect""}"
240,10,Charlotte Morris,4,Quite impressed with these headphones! They were easy to set up and offer decent sound quality but I experienced a bit of distortion at higher volumes. I love the adjustable headband and how snugly they fit. Theyve been perfect for my daily walks but I still feel they could improve on clarity at max volume.,2023-10-01,"{""Mic"": """", ""EQmodes"": """", ""DeepBass"": """", ""Foldable"": """", ""playtime"": """", ""ComfortFit"": ""Adjustable headband and snug fit"", ""Batterylife"": """", ""NoiseCancellation"": """"}"
241,10,Elijah Johnson,2,These headphones were a letdown. The build quality feels cheap and flimsy leading me to worry about their longevity. While they perform adequately in terms of battery life the sound lacks the richness I expected. I wouldnt recommend them for serious listening as they just dont deliver the quality I was promised.,2023-10-01,"{""Mic"": ""not mentioned"", ""EQmodes"": ""not mentioned"", ""DeepBass"": ""not mentioned"", ""Foldable"": ""not mentioned"", ""playtime"": ""not mentioned"", ""ComfortFit"": ""not mentioned"", ""Batterylife"": ""adequate"", ""NoiseCancellation"": ""not mentioned""}"
242,10,Sophia Fisher,1,Avoid these headphones if you want something reliable. After just a couple of uses they started malfunctioning dropping connection frequently. Sound quality was average at best when they actually worked. I encountered a lot of issues with customer support which only added to my frustration. Save your money and buy something else.,2023-10-01,"{""Mic"": ""Not mentioned"", ""EQmodes"": ""Not mentioned"", ""DeepBass"": ""Not mentioned"", ""Foldable"": ""Not mentioned"", ""playtime"": ""Not mentioned"", ""ComfortFit"": ""Not mentioned"", ""Batterylife"": ""Not mentioned"", ""NoiseCancellation"": ""Not mentioned""}"
243,11,Emily Johnson,5,These Auron Bluetooth headphones are a game changer! The sound quality is simply incredible—crystal clear highs and deep bass that make my music come alive. Ive used other brands before but nothing compares to the customizable EQ settings on these. They are so comfortable to wear for long hours whether Im working out or listening during my commute. Highly recommend these to anyone who loves quality sound!,2023-10-01,"{""Mic"": ""Not mentioned"", ""EQmodes"": ""Yes"", ""DeepBass"": ""Yes"", ""Foldable"": ""Not mentioned"", ""playtime"": ""Not mentioned"", ""ComfortFit"": ""Yes"", ""Batterylife"": ""Not mentioned"", ""NoiseCancellation"": ""Not mentioned""}"
244,11,David Smith,5,Absolutely thrilled with my purchase! The battery life is insane; I can go almost a week without charging! The design is sleek and they are incredibly lightweight. I love using them for video calls as the microphone quality is top-notch. Plus they seamlessly connect to my devices without a hitch. A must-have for anyone looking for great performance and comfort.,2023-10-01,"{""Mic"": ""top-notch microphone quality"", ""EQmodes"": ""Not mentioned"", ""DeepBass"": ""Not mentioned"", ""Foldable"": ""Not mentioned"", ""playtime"": ""almost a week"", ""ComfortFit"": ""incredibly lightweight"", ""Batterylife"": ""almost a week without charging"", ""NoiseCancellation"": ""Not mentioned""}"
245,11,Sarah Brown,4,I really like these headphones! The sound quality is impressive and the build feels sturdy. They fit comfortably over my ears perfect for long listening sessions. Only downside is the microphone doesnt work in wired mode which can be a bit inconvenient. Overall great headphones at this price point. I would definitely recommend them!,2023-10-01,"{""Mic"": ""The microphone doesn't work in wired mode."", ""EQmodes"": ""Not mentioned"", ""DeepBass"": ""Not mentioned"", ""Foldable"": ""Not mentioned"", ""playtime"": ""Not mentioned"", ""ComfortFit"": ""They fit comfortably over my ears, perfect for long listening sessions."", ""Batterylife"": ""Not mentioned"", ""NoiseCancellation"": ""Not mentioned""}"
246,11,Michael Green,4,Great headphones with a nice design and solid sound. The Bluetooth connection is stable and I love the fact that I can connect two devices at once. However the charging time is a bit longer than Id like and while theyre comfortable I wish the ear cups had a tad bit more padding. Still a solid buy for music lovers!,2023-10-01,"{""Mic"": ""Not mentioned"", ""EQmodes"": ""Not mentioned"", ""DeepBass"": ""Not mentioned"", ""Foldable"": ""Not mentioned"", ""playtime"": ""Not mentioned"", ""ComfortFit"": ""Comfortable, but ear cups could use more padding"", ""Batterylife"": ""Not mentioned"", ""NoiseCancellation"": ""Not mentioned""}"
247,11,Jessica Martinez,3,These headphones have decent sound quality but Im slightly disappointed with the comfort level. The ear cups are a bit snug for my ears during extended use. However the battery life is fantastic lasting days on a single charge. The overall functionality is good but I believe there are better options for long-term wear.,2023-10-01,"{""Mic"": ""Not mentioned"", ""EQmodes"": ""Not mentioned"", ""DeepBass"": ""Not mentioned"", ""Foldable"": ""Not mentioned"", ""playtime"": ""Not mentioned"", ""ComfortFit"": ""Slightly disappointing, ear cups are snug for extended use"", ""Batterylife"": ""Fantastic, lasting days on a single charge"", ""NoiseCancellation"": ""Not mentioned""}"
248,11,Brian Wilson,3,I have mixed feelings about these headphones. On one hand the sound quality is impressive especially for music genres like EDM and hip-hop. On the flip side the design feels a bit bulkier than I anticipated and they do get slightly uncomfortable after a couple of hours. If youre just looking for good sound on the go they do the job.,2023-10-01,"{""Mic"": ""Not mentioned"", ""EQmodes"": ""Not mentioned"", ""DeepBass"": ""Sound quality is impressive, especially for music genres like EDM and hip-hop"", ""Foldable"": ""Not mentioned"", ""playtime"": ""Not mentioned"", ""ComfortFit"": ""They get slightly uncomfortable after a couple of hours"", ""Batterylife"": ""Not mentioned"", ""NoiseCancellation"": ""Not mentioned""}"
249,11,Nina Kumar,2,The sound is good but I faced some major issues. The connection drops occasionally which is frustrating. I also encountered some hiccups with the EQ settings as not all of them seem to make a noticeable difference. They look nice but I expected better reliability for the price. Theyre okay but I might look for better options.,2023-10-01,"{""Mic"": ""Not mentioned"", ""EQmodes"": ""The EQ settings have issues, as not all of them seem to make a noticeable difference."", ""DeepBass"": ""Not mentioned"", ""Foldable"": ""Not mentioned"", ""playtime"": ""Not mentioned"", ""ComfortFit"": ""Not mentioned"", ""Batterylife"": ""Not mentioned"", ""NoiseCancellation"": ""Not mentioned""}"
250,11,Thomas Taylor,2,Not as impressed as I hoped to be. The build feels a bit cheap despite the attractive look. The sound quality is decent but my headphones started to lose connection frequently just a few weeks in. I reached out to customer service but I found them to be rather unhelpful. I wouldnt recommend if youre looking for durability.,2023-10-01,"{""Mic"": ""Not mentioned"", ""EQmodes"": ""Not mentioned"", ""DeepBass"": ""Not mentioned"", ""Foldable"": ""Not mentioned"", ""playtime"": ""Not mentioned"", ""ComfortFit"": ""Not mentioned"", ""Batterylife"": ""Not mentioned"", ""NoiseCancellation"": ""Not mentioned""}"
251,11,Laura Adams,1,Im really disappointed with this purchase. After just a week the headphones stopped connecting correctly and the sound crackles constantly. I tried reaching out to support but they havent been responsive. For the price I expected much more. These will be going back—definitely not worth the hassle.,2023-10-01,"{""Mic"": ""Not mentioned"", ""EQmodes"": ""Not mentioned"", ""DeepBass"": ""Not mentioned"", ""Foldable"": ""Not mentioned"", ""playtime"": ""Not mentioned"", ""ComfortFit"": ""Not mentioned"", ""Batterylife"": ""Not mentioned"", ""NoiseCancellation"": ""Not mentioned""}"
252,11,Kevin White,1,Terrible experience overall. The battery barely holds a charge even after a full night of charging. The headphones are also quite uncomfortable especially when worn for long periods. I was excited about the features but ended up frustrated with poor performance. Save your money and find a more reliable brand.,2023-10-01,"{""Mic"": ""Not mentioned."", ""EQmodes"": ""Not mentioned."", ""DeepBass"": ""Not mentioned."", ""Foldable"": ""Not mentioned."", ""playtime"": ""Not mentioned."", ""ComfortFit"": ""The headphones are quite uncomfortable, especially when worn for long periods."", ""Batterylife"": ""The battery barely holds a charge even after a full night of charging."", ""NoiseCancellation"": ""Not mentioned.""}"
253,11,Olivia Clark,5,Wow! Just wow! These headphones are fantastic in every way. The sound clarity is exceptional and I love how customizable the EQ options are. Ive used them for everything from workouts to online classes and theyve delivered every time. The comfort level is great too I hardly notice Im wearing them after hours! Highly recommend!,2023-10-01,"{""Mic"": ""Not mentioned"", ""EQmodes"": ""I love how customizable the EQ options are."", ""DeepBass"": ""Not mentioned"", ""Foldable"": ""Not mentioned"", ""playtime"": ""Not mentioned"", ""ComfortFit"": ""The comfort level is great too, I hardly notice I'm wearing them after hours!"", ""Batterylife"": ""Not mentioned"", ""NoiseCancellation"": ""Not mentioned""}"
254,11,Ethan Scott,4,Good headphones overall. The sound quality is impressive especially for the price. I also appreciate the long battery life. The only real issue I have is that the ear cups could offer more cushioning as they can get a bit warm after prolonged usage. But for the cost and quality Id say theyre a great option!,2023-10-01,"{""Mic"": ""not mentioned"", ""EQmodes"": ""not mentioned"", ""DeepBass"": ""not mentioned"", ""Foldable"": ""not mentioned"", ""playtime"": ""not mentioned"", ""ComfortFit"": ""ear cups could offer more cushioning"", ""Batterylife"": ""long"", ""NoiseCancellation"": ""not mentioned""}"
255,11,Sophia Lewis,3,Decent for casual listening but there are some quirks. The sound is clear but theres a slight latency when watching videos which can be annoying. Theyre comfortable enough for short sessions but I wouldnt want to wear them for hours on end. Good value if youre on a budget but keep your expectations in check.,2023-10-01,"{""Mic"": ""Not mentioned"", ""EQmodes"": ""Not mentioned"", ""DeepBass"": ""Not mentioned"", ""Foldable"": ""Not mentioned"", ""playtime"": ""Not mentioned"", ""ComfortFit"": ""Comfortable for short sessions, not for extended use"", ""Batterylife"": ""Not mentioned"", ""NoiseCancellation"": ""Not mentioned""}"
256,11,Mason Hall,2,I was not impressed with these headphones. The sound quality is just okay and the connection sometimes drops. I had hoped they would perform better during workouts but they feel a bit heavy and cumbersome. Theyre passable but I think Ill be looking for something else soon.,2023-10-01,"{""Mic"": """", ""EQmodes"": """", ""DeepBass"": """", ""Foldable"": """", ""playtime"": """", ""ComfortFit"": ""They feel a bit heavy and cumbersome."", ""Batterylife"": """", ""NoiseCancellation"": """"}"
257,11,Abigail Young,2,Auron headphones look great but the performance falls short. The audio can be inconsistent and Ive noticed that the EQ doesnt always produce the desired results. They might be fine for casual use but for anyone serious about their sound I would look elsewhere.,2023-10-01,"{""Mic"": """", ""EQmodes"": ""The EQ doesn't always produce the desired results."", ""DeepBass"": """", ""Foldable"": """", ""playtime"": """", ""ComfortFit"": """", ""Batterylife"": """", ""NoiseCancellation"": """"}"
258,11,Daniel Harris,1,Absolutely not worth the hype. The sound quality began to decline after just a few days. The Bluetooth connection was unreliable and often dropped leading to a very frustrating experience. I attempted to contact customer support and they were less than helpful. This purchase was a waste of money.,2023-10-01,"{""Mic"": ""Not mentioned"", ""EQmodes"": ""Not mentioned"", ""DeepBass"": ""Not mentioned"", ""Foldable"": ""Not mentioned"", ""playtime"": ""Not mentioned"", ""ComfortFit"": ""Not mentioned"", ""Batterylife"": ""Not mentioned"", ""NoiseCancellation"": ""Not mentioned""}"
259,11,Emma King,5,These headphones are fantastic! The sound quality is superb; I love how I can tailor the EQ settings to my liking. They are so comfortable I wear them for hours while studying. I also appreciate the long battery life. Overall they have exceeded my expectations and I highly recommend them to anyone looking for quality headphones.,2023-10-01,"{""Mic"": ""not mentioned"", ""EQmodes"": ""tailor the EQ settings"", ""DeepBass"": ""not mentioned"", ""Foldable"": ""not mentioned"", ""playtime"": ""not mentioned"", ""ComfortFit"": ""comfortable"", ""Batterylife"": ""long battery life"", ""NoiseCancellation"": ""not mentioned""}"
260,11,Liam Wright,4,Ive enjoyed using these for a few weeks now. The sound is great and the battery life is impressive. I just wish it was a little easier to navigate the EQ settings. They look sleek and modern but a slightly more comfortable fit would make them perfect. Overall very happy with my purchase!,2023-10-01,"{""Mic"": ""not mentioned"", ""EQmodes"": ""a little easier to navigate the EQ settings"", ""DeepBass"": ""not mentioned"", ""Foldable"": ""not mentioned"", ""playtime"": ""not mentioned"", ""ComfortFit"": ""slightly more comfortable fit would make them perfect"", ""Batterylife"": ""impressive"", ""NoiseCancellation"": ""not mentioned""}"
261,11,Ava Lewis,3,Theyre okay but I feel like I can find better options out there. The sound quality varies depending on the connection and I had some issues initially with setup. They do the job and provide decent sound but if youre looking for something top-tier these may not be it. A bit of a mixed bag.,2023-10-01,"{""Mic"": """", ""EQmodes"": """", ""DeepBass"": """", ""Foldable"": """", ""playtime"": """", ""ComfortFit"": """", ""Batterylife"": """", ""NoiseCancellation"": """"}"
262,11,Noah Reed,4,Overall good headphones. The sound is great and I love how they look. Ive had them for a couple of months now and theyre still holding up well. However the instructions for using the EQ settings could be clearer. Minor issues aside Id recommend them to friends!,2023-10-01,"{""Mic"": """", ""EQmodes"": ""The EQ settings are mentioned but the instructions for using them could be clearer."", ""DeepBass"": """", ""Foldable"": """", ""playtime"": """", ""ComfortFit"": """", ""Batterylife"": """", ""NoiseCancellation"": """"}"
263,11,Grace Scott,1,Super disappointed—these headphones have been nothing but trouble. They started losing connectivity after just a few days and the sound quality deteriorated quickly. I expected better especially with the hype surrounding them. Very unimpressed and would not recommend anyone to buy these.,2023-10-01,"{""Mic"": """", ""EQmodes"": """", ""DeepBass"": """", ""Foldable"": """", ""playtime"": """", ""ComfortFit"": """", ""Batterylife"": """", ""NoiseCancellation"": """"}"
264,11,Jacob Wood,5,I am thoroughly impressed with these headphones! The sound quality is amazing allowing me to really dive deep into my music. The battery life is insane; I can go several days without needing to charge. They are lightweight and super comfortable making them perfect for my long gaming sessions. Highly recommended!,2023-10-01,"{""Mic"": ""Not mentioned"", ""EQmodes"": ""Not mentioned"", ""DeepBass"": ""amazing sound quality"", ""Foldable"": ""Not mentioned"", ""playtime"": ""Not mentioned"", ""ComfortFit"": ""lightweight and super comfortable"", ""Batterylife"": ""several days without needing to charge"", ""NoiseCancellation"": ""Not mentioned""}"
265,11,Chloe Gonzalez,5,In love with these headphones! The sound is crystal clear and the bass is just right. The touch controls are super easy to use. They sit comfortably on my ears which is important since I wear them during long work-from-home days. I cant recommend them enough if youre looking for quality!,2023-10-01,"{""Mic"": """", ""EQmodes"": """", ""DeepBass"": ""The bass is just right."", ""Foldable"": """", ""playtime"": """", ""ComfortFit"": ""They sit comfortably on my ears, which is important since I wear them during long work-from-home days."", ""Batterylife"": """", ""NoiseCancellation"": """"}"
266,12,Emily Johnson,5,I absolutely love the Harmova wireless sport headphones! The open-ear design is so comfortable that I can wear them all day without any discomfort. Theyre incredibly lightweight and the sound quality is simply amazing. Ive used other brands before but the clarity and richness in the audio surpass all of them. Also they pair effortlessly with my iPhone. Highly recommend these for anyone who enjoys outdoor activities!,2023-10-01,"{""Mic"": ""Not mentioned"", ""EQmodes"": ""Not mentioned"", ""DeepBass"": ""Not mentioned"", ""Foldable"": ""Not mentioned"", ""playtime"": ""Not mentioned"", ""ComfortFit"": ""The open-ear design is so comfortable that I can wear them all day without any discomfort."", ""Batterylife"": ""Not mentioned"", ""NoiseCancellation"": ""Not mentioned""}"
267,12,Michael Brown,4,These headphones are really great! The sound quality is impressive especially given their price point. They fit nicely and stay secure even during my runs. The only downside is the charging cable; it feels a bit delicate. Still Im very satisfied with my purchase and would suggest them to friends looking for budget-friendly yet high-performing headphones.,2023-10-01,"{""Mic"": ""Not mentioned"", ""EQmodes"": ""Not mentioned"", ""DeepBass"": ""Not mentioned"", ""Foldable"": ""Not mentioned"", ""playtime"": ""Not mentioned"", ""ComfortFit"": ""They fit nicely and stay secure even during runs."", ""Batterylife"": ""Not mentioned"", ""NoiseCancellation"": ""Not mentioned""}"
268,12,Isabella Martinez,5,Wow! These headphones are just what I needed! The battery life is incredible—up to 10 hours—and the fast charging means Im never without my music. The open-ear design lets me hear my surroundings which is perfect for cycling. Plus theyre waterproof so Ive used them in the rain without any problems. Best headphones Ive owned!,2023-10-01,"{""Mic"": ""Not mentioned"", ""EQmodes"": ""Not mentioned"", ""DeepBass"": ""Not mentioned"", ""Foldable"": ""Not mentioned"", ""playtime"": ""up to 10 hours"", ""ComfortFit"": ""open-ear design"", ""Batterylife"": ""up to 10 hours"", ""NoiseCancellation"": ""Not mentioned""}"
269,12,Jacob Williams,3,The Harmova headphones have their pluses and minuses. I really enjoy the sound quality and how comfortable they are during workouts. However the volume control isnt intuitive and took me some time to figure out. They serve their purpose well but I feel they couldve done better with the user interface. Overall a decent buy but with room for improvement.,2023-10-01,"{""Mic"": """", ""EQmodes"": """", ""DeepBass"": """", ""Foldable"": """", ""playtime"": """", ""ComfortFit"": ""Yes"", ""Batterylife"": """", ""NoiseCancellation"": """"}"
270,12,Laura Garcia,2,I had high hopes for these headphones based on the description but they let me down. While the sound quality is decent the fit isnt great—it keeps slipping during my runs. Additionally the battery doesnt last as long as advertised for my use case. Ive had better experiences with other brands. I think Ill look into something else next time.,2023-10-01,"{""Mic"": ""Not mentioned."", ""EQmodes"": ""Not mentioned."", ""DeepBass"": ""Not mentioned."", ""Foldable"": ""Not mentioned."", ""playtime"": ""Not mentioned."", ""ComfortFit"": ""The fit isn't great—it keeps slipping during runs."", ""Batterylife"": ""The battery doesn't last as long as advertised."", ""NoiseCancellation"": ""Not mentioned.""}"
271,12,Daniel Lee,1,Very disappointed with the Harmova wireless sport headphones. They stopped working just two weeks after purchase! Customer service was frustrating to deal with and I felt ignored. The open design is nice but it cant make up for their unreliability. I wouldnt recommend them to anyone looking for a dependable product. Save your money!,2023-10-01,"{""Mic"": ""Not mentioned"", ""EQmodes"": ""Not mentioned"", ""DeepBass"": ""Not mentioned"", ""Foldable"": ""Not mentioned"", ""playtime"": ""Not mentioned"", ""ComfortFit"": ""The open design is nice"", ""Batterylife"": ""Not mentioned"", ""NoiseCancellation"": ""Not mentioned""}"
272,12,Olivia Taylor,4,These headphones are pretty solid! They have a sleek design and provide good sound quality. I especially love the fact that theyre waterproof which is perfect for my gym sessions. The only issue is the setup—it took me a while to navigate the Bluetooth connections. Once I got them working though they have been a fantastic addition to my workouts and commuting.,2023-10-01,"{""Mic"": """", ""EQmodes"": """", ""DeepBass"": """", ""Foldable"": """", ""playtime"": """", ""ComfortFit"": """", ""Batterylife"": """", ""NoiseCancellation"": """"}"
273,12,Ethan White,5,Absolutely fantastic headphones! The build quality is outstanding and they feel so lightweight. I particularly appreciate the air conduction technology; it really makes a difference during my early morning runs when I need to hear my surroundings. The battery life is also phenomenal! I highly recommend these to fellow fitness enthusiasts—great value for the price.,2023-10-01,"{""Mic"": ""Not mentioned"", ""EQmodes"": ""Not mentioned"", ""DeepBass"": ""Not mentioned"", ""Foldable"": ""Not mentioned"", ""playtime"": ""Not mentioned"", ""ComfortFit"": ""lightweight"", ""Batterylife"": ""phenomenal"", ""NoiseCancellation"": ""Not mentioned""}"
274,12,Mia Scott,3,The Harmova headphones are okay but nothing to write home about. The sound quality is fine for casual listening; however they cant compete with more premium brands. I enjoy the open-ear design but sometimes I feel like the audio leaks too much. They serve well for gym use but not ideal if youre looking for high-end sound quality.,2023-10-01,"{""Mic"": ""Not mentioned"", ""EQmodes"": ""Not mentioned"", ""DeepBass"": ""Not mentioned"", ""Foldable"": ""Not mentioned"", ""playtime"": ""Not mentioned"", ""ComfortFit"": ""Open-ear design"", ""Batterylife"": ""Not mentioned"", ""NoiseCancellation"": ""Not mentioned""}"
275,12,James Harris,2,Not the best experience with these headphones. The open-ear design is unique but they tend to fall off my ears during workouts. While the audio quality is decent I expected a bit more durability. Ive dealt with better affordable options before. Disappointed with my purchase overall.,2023-10-01,"{""Mic"": """", ""EQmodes"": """", ""DeepBass"": """", ""Foldable"": """", ""playtime"": """", ""ComfortFit"": ""The headphones tend to fall off during workouts."", ""Batterylife"": """", ""NoiseCancellation"": """"}"
276,12,Chloe Evans,1,Awful product! The sound quality was subpar and they felt flimsy. They didnt fit well and constantly slipped. After a week they stopped charging! Customer service was unhelpful and didnt resolve my issues. I regret this purchase and wouldnt recommend them to anyone!,2023-10-01,"{""Mic"": ""Not mentioned"", ""EQmodes"": ""Not mentioned"", ""DeepBass"": ""Not mentioned"", ""Foldable"": ""Not mentioned"", ""playtime"": ""Not mentioned"", ""ComfortFit"": ""Didn't fit well and constantly slipped"", ""Batterylife"": ""Stopped charging after a week"", ""NoiseCancellation"": ""Not mentioned""}"
277,12,Matthew King,5,I am thoroughly impressed with the Harmova sport headphones! The sound quality is top-notch and the comfort level is like none Ive experienced before. I can wear them for extended periods without worrying about ear fatigue. They perform exceptionally well during runs and cycling making them my go-to headphones. Strongly recommend!,2023-10-01,"{""Mic"": ""Not mentioned"", ""EQmodes"": ""Not mentioned"", ""DeepBass"": ""Not mentioned"", ""Foldable"": ""Not mentioned"", ""playtime"": ""Not mentioned"", ""ComfortFit"": ""The comfort level is like none experienced before, can be worn for extended periods without ear fatigue."", ""Batterylife"": ""Not mentioned"", ""NoiseCancellation"": ""Not mentioned""}"
278,12,Sophia Hall,4,Great headphones overall! The IPX6 water resistance gives me peace of mind when I sweat during workouts. They are comfortable and lightweight but I wish the manual provided better detail on the initial setup. The sound is impressive for the price and Ive gotten compliments on how stylish they look!,2023-10-01,"{""Mic"": """", ""EQmodes"": """", ""DeepBass"": """", ""Foldable"": """", ""playtime"": """", ""ComfortFit"": ""comfortable and lightweight"", ""Batterylife"": """", ""NoiseCancellation"": """"}"
279,12,Liam Allen,2,While the design is appealing I was let down by the sound quality. Its just average for my taste and the sensitivity to fit could be better. They sometimes feel loose especially when Im active. I think they have potential but I expected more based on the hype.,2023-10-01,"{""Mic"": """", ""EQmodes"": """", ""DeepBass"": """", ""Foldable"": """", ""playtime"": """", ""ComfortFit"": ""They sometimes feel loose, especially when I'm active."", ""Batterylife"": """", ""NoiseCancellation"": """"}"
280,12,Ella Nelson,3,Not bad for casual listening but Ive had better headphones. The open-ear design is a great concept but I feel the sound can leak too much. Theyre comfortable but I have encountered some connectivity issues when pairing with my devices. Overall they get the job done but I wont repurchase.,2023-10-01,"{""Mic"": ""Not mentioned"", ""EQmodes"": ""Not mentioned"", ""DeepBass"": ""Not mentioned"", ""Foldable"": ""Not mentioned"", ""playtime"": ""Not mentioned"", ""ComfortFit"": ""Comfortable"", ""Batterylife"": ""Not mentioned"", ""NoiseCancellation"": ""Not mentioned""}"
281,12,Aiden Carter,5,These headphones are a game changer! As someone who loves jogging outdoors the open-ear feature definitely elevates the experience allowing me to stay aware of my surroundings. The sound quality is exceptional and the battery life is fantastic. Theyve become an essential part of my workout gear!,2023-10-01,"{""Mic"": ""Not mentioned"", ""EQmodes"": ""Not mentioned"", ""DeepBass"": ""Not mentioned"", ""Foldable"": ""Not mentioned"", ""playtime"": ""Not mentioned"", ""ComfortFit"": ""open-ear feature"", ""Batterylife"": ""fantastic"", ""NoiseCancellation"": ""Not mentioned""}"
282,12,Charlotte Young,4,I really like these headphones! Theyre lightweight and have a modern design that fits my aesthetic. The sound quality is good though I wouldve preferred slightly more bass. Setup was straightforward which is a big plus. Overall a great purchase that I would recommend with some reservations.,2023-10-01,"{""Mic"": ""Not mentioned"", ""EQmodes"": ""Not mentioned"", ""DeepBass"": ""Slightly less than preferred"", ""Foldable"": ""Not mentioned"", ""playtime"": ""Not mentioned"", ""ComfortFit"": ""Lightweight and modern design"", ""Batterylife"": ""Not mentioned"", ""NoiseCancellation"": ""Not mentioned""}"
283,12,Benjamin Wright,1,Im beyond frustrated with these headphones! They never connected properly despite following all the troubleshooting steps. The sound was inconsistent and they felt uncomfortable. They are not worth the money I spent. I expected much more based on the promotional material. Never buying Harmova again!,2023-10-01,"{""Mic"": ""Not mentioned"", ""EQmodes"": ""Not mentioned"", ""DeepBass"": ""Not mentioned"", ""Foldable"": ""Not mentioned"", ""playtime"": ""Not mentioned"", ""ComfortFit"": ""Uncomfortable"", ""Batterylife"": ""Not mentioned"", ""NoiseCancellation"": ""Not mentioned""}"
284,12,Amelia Green,5,Absolutely amazing! The Harmova headphones exceeded my expectations in every way. They are so comfortable and practically weightless! The sound is crisp and clear and Ive found that the battery lasts quite long even with heavy use. I took them out on a rainy day and they held up perfectly. Highly recommended for daily use!,2023-10-01,"{""Mic"": ""Not mentioned"", ""EQmodes"": ""Not mentioned"", ""DeepBass"": ""Not mentioned"", ""Foldable"": ""Not mentioned"", ""playtime"": ""Not mentioned"", ""ComfortFit"": ""so comfortable and practically weightless"", ""Batterylife"": ""lasts quite long even with heavy use"", ""NoiseCancellation"": ""Not mentioned""}"
285,12,Oliver Adams,4,Very happy with this purchase. They fit my ears well and dont cause any discomfort even after hours of wear. I love the lightweight and sleek design. The sound quality is impressive for the price. A minor downside is that they could be louder for my taste but overall they perform exceptionally well.,2023-10-01,"{""Mic"": ""Not mentioned"", ""EQmodes"": ""Not mentioned"", ""DeepBass"": ""Not mentioned"", ""Foldable"": ""Not mentioned"", ""playtime"": ""Not mentioned"", ""ComfortFit"": ""They fit my ears well and don't cause any discomfort even after hours of wear."", ""Batterylife"": ""Not mentioned"", ""NoiseCancellation"": ""Not mentioned""}"
286,12,Sofia Baker,3,These headphones are decent but I think they could improve in clarity. I appreciate the open-ear design but it lets too much ambient sound in. Sometimes it can be distracting. They do perform well for casual use and the battery life is impressive. Just not what I was hoping for in terms of sound quality.,2023-10-01,"{""Mic"": ""not mentioned"", ""EQmodes"": ""not mentioned"", ""DeepBass"": ""not mentioned"", ""Foldable"": ""not mentioned"", ""playtime"": ""not mentioned"", ""ComfortFit"": ""open-ear design"", ""Batterylife"": ""impressive"", ""NoiseCancellation"": ""lets too much ambient sound in""}"
287,12,Lucas Mitchell,2,I wanted to love these headphones but Ive encountered so many connectivity issues that its become frustrating. The fit is comfortable but the sound quality doesnt justify the issues Ive faced. They arent even on par with cheaper alternatives Ive used before. Unfortunately Id recommend looking elsewhere.,2023-10-01,"{""Mic"": """", ""EQmodes"": """", ""DeepBass"": """", ""Foldable"": """", ""playtime"": """", ""ComfortFit"": ""comfortable"", ""Batterylife"": """", ""NoiseCancellation"": """"}"
288,12,Grace Carter,1,Horrible product! They broke after only a few uses and customer service was useless. I had high hopes based on the product description but it seems like I got a defective pair. Save your money—these headphones are not worth it!,2023-10-01,"{""Mic"": """", ""EQmodes"": """", ""DeepBass"": """", ""Foldable"": """", ""playtime"": """", ""ComfortFit"": """", ""Batterylife"": """", ""NoiseCancellation"": """"}"
289,13,Emily Johnson,5,Absolutely blown away by these headphones! The deep bass is phenomenal and Ive never experienced noise cancellation like this before. I used them during my subway commute and it felt like I was in a completely different world. Plus the battery life is incredible — 100 hours means I can go a whole week without charging them! Highly recommend to anyone who loves music.,2023-10-01,"{""Mic"": ""Not mentioned"", ""EQmodes"": ""Not mentioned"", ""DeepBass"": ""Phenomenal"", ""Foldable"": ""Not mentioned"", ""playtime"": ""100 hours"", ""ComfortFit"": ""Not mentioned"", ""Batterylife"": ""100 hours"", ""NoiseCancellation"": ""Exceptional""}"
290,13,Michael Brown,5,These Lumeon headphones are a game changer! The design is not only stylish but also comfortable for long listening sessions. I love the option to switch between Bluetooth and the AUX cable. The sound quality is crystal clear and the noise cancellation really helps during work hours. I cant imagine using anything else now.,2023-10-01,"{""Mic"": ""Not mentioned"", ""EQmodes"": ""Not mentioned"", ""DeepBass"": ""Not mentioned"", ""Foldable"": ""Not mentioned"", ""playtime"": ""Not mentioned"", ""ComfortFit"": ""Comfortable for long listening sessions"", ""Batterylife"": ""Not mentioned"", ""NoiseCancellation"": ""Yes, effective during work hours""}"
291,13,Sarah Williams,4,Really good headphones with a few minor quirks. I love the comfort and how lightweight they are making them perfect for long hours of use. The audio quality is stellar but sometimes the Bluetooth connection is a bit finicky. Still I think they provide excellent value for the price and would recommend them.,2023-10-01,"{""Mic"": ""Not mentioned"", ""EQmodes"": ""Not mentioned"", ""DeepBass"": ""Not mentioned"", ""Foldable"": ""Not mentioned"", ""playtime"": ""Not mentioned"", ""ComfortFit"": ""Comfortable and lightweight, suitable for long hours of use"", ""Batterylife"": ""Not mentioned"", ""NoiseCancellation"": ""Not mentioned""}"
292,13,David Smith,3,Overall decent performance but I faced some challenges. The sound quality is good but I found the noise cancellation to be less effective than expected in really noisy environments. The battery life is impressive but I wished the headset had clearer instructions for setup. Its good for day-to-day use but might not meet all users needs.,2023-10-01,"{""Mic"": ""not mentioned"", ""EQmodes"": ""not mentioned"", ""DeepBass"": ""not mentioned"", ""Foldable"": ""not mentioned"", ""playtime"": ""not mentioned"", ""ComfortFit"": ""not mentioned"", ""Batterylife"": ""impressive"", ""NoiseCancellation"": ""less effective than expected in really noisy environments""}"
293,13,Jessica Taylor,2,I had high hopes for these headphones but they fell short. The build quality feels a bit cheap and I noticed some rattling during playback. The sound is acceptable but Ive had better experiences with competitors. Theyre okay for casual use but I wouldnt recommend them for serious audiophiles.,2023-10-01,"{""Mic"": ""Not mentioned"", ""EQmodes"": ""Not mentioned"", ""DeepBass"": ""Not mentioned"", ""Foldable"": ""Not mentioned"", ""playtime"": ""Not mentioned"", ""ComfortFit"": ""Not mentioned"", ""Batterylife"": ""Not mentioned"", ""NoiseCancellation"": ""Not mentioned""}"
294,13,Chris Davis,1,Very disappointed with these headphones. They stopped working after just one month and the customer support was unhelpful when I reached out. The noise cancellation was inconsistent and I really struggled with the connectivity issues. Save your money; there are much better options out there.,2023-10-01,"{""Mic"": ""Not mentioned"", ""EQmodes"": ""Not mentioned"", ""DeepBass"": ""Not mentioned"", ""Foldable"": ""Not mentioned"", ""playtime"": ""Not mentioned"", ""ComfortFit"": ""Not mentioned"", ""Batterylife"": ""Not mentioned"", ""NoiseCancellation"": ""Inconsistent""}"
295,13,Laura Wilson,5,Love love love these headphones! The sound clarity is fantastic especially the bass which really enhances my music experience. I appreciate how comfortable they are for long hours. Plus the rapid charging feature is a lifesaver! Definitely worth the investment for both casual listeners and audiophiles.,2023-10-01,"{""Mic"": ""Not mentioned"", ""EQmodes"": ""Not mentioned"", ""DeepBass"": ""Fantastic bass enhancing music experience"", ""Foldable"": ""Not mentioned"", ""playtime"": ""Not mentioned"", ""ComfortFit"": ""Comfortable for long hours"", ""Batterylife"": ""Rapid charging feature"", ""NoiseCancellation"": ""Not mentioned""}"
296,13,Matthew Moore,4,Great headphones overall! The audio performance is top-notch but I did notice a slight delay when watching videos over Bluetooth. The comfort level is impressive and I can wear them all day without discomfort. Just wish the battery life was a bit longer but its still quite good for daily use.,2023-10-01,"{""Mic"": ""Not mentioned"", ""EQmodes"": ""Not mentioned"", ""DeepBass"": ""Not mentioned"", ""Foldable"": ""Not mentioned"", ""playtime"": ""Not explicitly mentioned, but implied to be good for daily use"", ""ComfortFit"": ""Impressive, can be worn all day without discomfort"", ""Batterylife"": ""Good for daily use, but could be longer"", ""NoiseCancellation"": ""Not mentioned""}"
297,13,Michelle Taylor,3,Good product but not without issues. The sound quality is decent especially for the price but I found the noise cancellation lacking in very loud environments. Battery life is fantastic and I loved using the AUX cable when the battery ran low. Its an okay option but I expected a bit more.,2023-10-01,"{""Mic"": ""Not mentioned"", ""EQmodes"": ""Not mentioned"", ""DeepBass"": ""Not mentioned"", ""Foldable"": ""Not mentioned"", ""playtime"": ""Not mentioned"", ""ComfortFit"": ""Not mentioned"", ""Batterylife"": ""fantastic"", ""NoiseCancellation"": ""lacking in very loud environments""}"
298,13,Josh Anderson,2,Unfortunately these headphones didnt meet my expectations. The audio quality is mediocre and I experienced connection issues regularly. Theyre comfortable but not worth the price based on my experience. They work fine for casual listening but I wouldnt recommend them for serious audio consumers.,2023-10-01,"{""Mic"": """", ""EQmodes"": """", ""DeepBass"": """", ""Foldable"": """", ""playtime"": """", ""ComfortFit"": ""comfortable"", ""Batterylife"": """", ""NoiseCancellation"": """"}"
299,13,Karen Martinez,5,Incredible headphones! The comfort is superb and the sound quality is exactly what I was looking for. I love taking them on trips because of the immense battery life. The noise cancellation works wonders in busy environments. Easily the best headphones Ive owned so far!,2023-10-01,"{""Mic"": ""Not mentioned"", ""EQmodes"": ""Not mentioned"", ""DeepBass"": ""Not mentioned"", ""Foldable"": ""Not mentioned"", ""playtime"": ""Not mentioned"", ""ComfortFit"": ""superb"", ""Batterylife"": ""immense"", ""NoiseCancellation"": ""works wonders in busy environments""}"
300,13,George Clark,1,Terrible purchase. The headphones died just after a month of use and customer service offered little help. I really wanted to love them since the sound was good but if they dont last whats the point? I would not recommend them to anyone.,2023-10-01,"{""Mic"": ""Not mentioned"", ""EQmodes"": ""Not mentioned"", ""DeepBass"": ""Not mentioned"", ""Foldable"": ""Not mentioned"", ""playtime"": ""Not mentioned"", ""ComfortFit"": ""Not mentioned"", ""Batterylife"": ""died just after a month of use"", ""NoiseCancellation"": ""Not mentioned""}"
521,22,Derek H.,2,Disappointing purchase. The watch started freezing within two months and the app is frustratingly slow. Really wanted to enjoy the fitness features but Ive already considered returning it due to these issues. Id suggest looking elsewhere for a more dependable option.,2023-10-01,"{""Mic"": """", ""EQmodes"": """", ""DeepBass"": """", ""Foldable"": """", ""playtime"": """", ""ComfortFit"": """", ""Batterylife"": """", ""NoiseCancellation"": """"}"
301,13,Samantha Miller,3,Decent headphones but they have their drawbacks. The build quality feels a bit flimsy and while the sound is good I found that the isolation wasnt as strong as advertised. I enjoyed the lightweight design but not sure if Ill keep them long-term.,2023-10-01,"{""Mic"": ""Not mentioned"", ""EQmodes"": ""Not mentioned"", ""DeepBass"": ""Not mentioned"", ""Foldable"": ""Not mentioned"", ""playtime"": ""Not mentioned"", ""ComfortFit"": ""Lightweight design"", ""Batterylife"": ""Not mentioned"", ""NoiseCancellation"": ""Isolation not as strong as advertised""}"
302,13,David Wilson,2,Not very impressed with these headphones. They look nice but the sound quality doesnt match the hype. I noticed some distortion at higher volumes. Also the battery life didnt live up to the promises. They work okay but I regret not spending a bit more for a better option.,2023-10-01,"{""Mic"": ""Not mentioned."", ""EQmodes"": ""Not mentioned."", ""DeepBass"": ""Not mentioned."", ""Foldable"": ""Not mentioned."", ""playtime"": ""Not mentioned."", ""ComfortFit"": ""Not mentioned."", ""Batterylife"": ""The battery life didn't live up to the promises."", ""NoiseCancellation"": ""Not mentioned.""}"
303,13,Gloria Young,5,A fantastic product! The noise cancellation is remarkable and they are extremely comfortable for longer listening sessions. They pair easily with multiple devices and having both Bluetooth and AUX options is a big plus. These headphones are a must-have for high-quality audio experiences!,2023-10-01,"{""Mic"": ""Not mentioned"", ""EQmodes"": ""Not mentioned"", ""DeepBass"": ""Not mentioned"", ""Foldable"": ""Not mentioned"", ""playtime"": ""Not mentioned"", ""ComfortFit"": ""Extremely comfortable for longer listening sessions"", ""Batterylife"": ""Not mentioned"", ""NoiseCancellation"": ""Remarkable""}"
304,13,Robert Lewis,4,These headphones are really good! They perform well in terms of audio quality and comfort. However the noise cancellation could be improved as I sometimes hear external sounds. Overall though Im happy with the purchase and find them good for daily use.,2023-10-01,"{""Mic"": """", ""EQmodes"": """", ""DeepBass"": """", ""Foldable"": """", ""playtime"": """", ""ComfortFit"": ""They perform well in terms of comfort."", ""Batterylife"": """", ""NoiseCancellation"": ""The noise cancellation could be improved, as external sounds are sometimes heard.""}"
305,13,Emma Harris,3,Mediocre performance overall. While the design is modern and appealing the sound quality didnt impress me as I expected. The battery life is decent but I had some issues with the wireless connection dropping. Not bad for casual use but definitely not worth the premium price.,2023-10-01,"{""Mic"": ""not mentioned"", ""EQmodes"": ""not mentioned"", ""DeepBass"": ""not mentioned"", ""Foldable"": ""not mentioned"", ""playtime"": ""not mentioned"", ""ComfortFit"": ""not mentioned"", ""Batterylife"": ""decent"", ""NoiseCancellation"": ""not mentioned""}"
306,13,James Hall,2,The headphones are just okay. They look stylish but Ive had connectivity issues that can be frustrating. Also the audio quality isnt as rich as I hoped especially in the bass department. Id recommend looking into other options before settling on these.,2023-10-01,"{""Mic"": ""Not mentioned"", ""EQmodes"": ""Not mentioned"", ""DeepBass"": ""The audio quality isn't as rich as I hoped, especially in the bass department."", ""Foldable"": ""Not mentioned"", ""playtime"": ""Not mentioned"", ""ComfortFit"": ""Not mentioned"", ""Batterylife"": ""Not mentioned"", ""NoiseCancellation"": ""Not mentioned""}"
307,13,Patricia Walker,5,Amazing sound quality and comfort! I love how lightweight they are – I barely notice Im wearing them during long listening sessions. The battery life is incredible; I can go days without needing to charge them. Overall a fantastic pair of headphones that I would absolutely recommend!,2023-10-01,"{""Mic"": ""Not mentioned"", ""EQmodes"": ""Not mentioned"", ""DeepBass"": ""Not mentioned"", ""Foldable"": ""Not mentioned"", ""playtime"": ""Not mentioned"", ""ComfortFit"": ""lightweight; barely notice I'm wearing them during long listening sessions"", ""Batterylife"": ""incredible; I can go days without needing to charge them"", ""NoiseCancellation"": ""Not mentioned""}"
308,13,Steve Wright,1,Very disappointing! They broke within a week of use. I was really looking forward to enjoying them but the sound quality was subpar and they were uncomfortable after a short time. Customer service felt unhelpful and slow in responding to my concerns.,2023-10-01,"{""Mic"": ""Not mentioned"", ""EQmodes"": ""Not mentioned"", ""DeepBass"": ""Not mentioned"", ""Foldable"": ""Not mentioned"", ""playtime"": ""Not mentioned"", ""ComfortFit"": ""Uncomfortable after a short time"", ""Batterylife"": ""Not mentioned"", ""NoiseCancellation"": ""Not mentioned""}"
309,13,Nancy Edwards,3,These headphones have their pros and cons. The sound quality is decent but not outstanding. The noise cancellation works decently but not as well as I had hoped. They fit comfortably and I like the design but there are definitely better options for this price.,2023-10-01,"{""Mic"": """", ""EQmodes"": """", ""DeepBass"": """", ""Foldable"": """", ""playtime"": """", ""ComfortFit"": ""They fit comfortably"", ""Batterylife"": """", ""NoiseCancellation"": ""The noise cancellation works decently but not as well as I had hoped""}"
310,13,Henry Thompson,2,Not as great as I expected. The headphones look nice but the sound quality isnt impressive. I noticed they lose connection frequently which is very frustrating. They might work fine for casual listening but I would not trust them for more serious audio use.,2023-10-01,"{""Mic"": """", ""EQmodes"": """", ""DeepBass"": """", ""Foldable"": """", ""playtime"": """", ""ComfortFit"": """", ""Batterylife"": """", ""NoiseCancellation"": """"}"
311,13,Lisa Kelly,5,I cant recommend these enough! Excellent sound quality superb noise cancellation and they are incredibly comfortable. I have used them while traveling and during long work sessions and they perform wonderfully every time. A solid investment for anyone serious about music.,2023-10-01,"{""Mic"": """", ""EQmodes"": """", ""DeepBass"": """", ""Foldable"": """", ""playtime"": """", ""ComfortFit"": ""incredibly comfortable"", ""Batterylife"": """", ""NoiseCancellation"": ""superb noise cancellation""}"
312,13,Daniel Carter,4,Really satisfied with these headphones. Great sound quality very comfy to wear and I appreciate the dual connectivity options. However the noise cancellation for high decibel environments wasnt quite strong enough for me. Still a great buy overall.,2023-10-01,"{""Mic"": ""Not mentioned"", ""EQmodes"": ""Not mentioned"", ""DeepBass"": ""Not mentioned"", ""Foldable"": ""Not mentioned"", ""playtime"": ""Not mentioned"", ""ComfortFit"": ""Very comfy to wear"", ""Batterylife"": ""Not mentioned"", ""NoiseCancellation"": ""Not strong enough for high decibel environments""}"
313,13,Jessica Collins,3,Average headphones. They look good and are comfortable but I was hoping for better sound quality. The battery life is solid but the Bluetooth connection can be erratic. They work okay for casual listening but I wouldnt take them on a long trip.,2023-10-01,"{""Mic"": ""not mentioned"", ""EQmodes"": ""not mentioned"", ""DeepBass"": ""not mentioned"", ""Foldable"": ""not mentioned"", ""playtime"": ""not mentioned"", ""ComfortFit"": ""comfortable"", ""Batterylife"": ""solid"", ""NoiseCancellation"": ""not mentioned""}"
314,13,Brian Nguyen,2,I was excited about these but they didnt live up to the hype. The audio quality isnt impressive and I experienced inconsistent noise cancellation. I like the design but overall I feel theres better value elsewhere in the market.,2023-10-01,"{""Mic"": """", ""EQmodes"": """", ""DeepBass"": """", ""Foldable"": """", ""playtime"": """", ""ComfortFit"": """", ""Batterylife"": """", ""NoiseCancellation"": ""inconsistent""}"
315,14,Alice Johnson,5,I absolutely love these Vyron E7 headphones! The noise-cancelling technology is stellar making my daily commute so much more enjoyable. I can finally tune out the hustle and bustle of the subway. The sound quality is just fantastic; the bass is deep and the clarity is amazing even at higher volumes. Plus they are incredibly comfortable to wear for hours on end. Highly recommend them!,2023-10-01,"{""Mic"": ""Not mentioned"", ""EQmodes"": ""Not mentioned"", ""DeepBass"": ""Deep bass"", ""Foldable"": ""Not mentioned"", ""playtime"": ""Not mentioned"", ""ComfortFit"": ""Incredibly comfortable to wear for hours on end"", ""Batterylife"": ""Not mentioned"", ""NoiseCancellation"": ""Stellar noise-cancelling technology""}"
316,14,Tom Brown,5,These are by far the best headphones Ive owned! The build quality feels premium and I appreciate how lightweight they are—sometimes I forget Im wearing them! The battery life is phenomenal; I often use them on long flights without needing a recharge. The sound is seamless with crisp highs and solid lows. Cant recommend them enough!,2023-10-01,"{""Mic"": ""Not mentioned"", ""EQmodes"": ""Not mentioned"", ""DeepBass"": ""solid lows"", ""Foldable"": ""Not mentioned"", ""playtime"": ""Not explicitly mentioned, but implied to last long flights"", ""ComfortFit"": ""lightweight, sometimes forget wearing them"", ""Batterylife"": ""phenomenal; suitable for long flights without recharge"", ""NoiseCancellation"": ""Not mentioned""}"
317,14,Emma Davis,4,Very good headphones overall! The ANC truly works wonders especially when Im at work. The only minor issue is that the touch controls can sometimes be a bit sensitive; Ive accidentally skipped songs a few times. The design is sleek and modern which is a plus. Definitely worth the investment for anyone who needs a bit of quiet in their life!,2023-10-01,"{""Mic"": """", ""EQmodes"": """", ""DeepBass"": """", ""Foldable"": """", ""playtime"": """", ""ComfortFit"": """", ""Batterylife"": """", ""NoiseCancellation"": ""Active Noise Cancellation (ANC) is effective.""}"
318,14,Lisa Wang,3,Im quite mixed about the Vyron headphones. They do sound great and the comfort level is impressive which is important for long hours of listening. However I had a hard time with the initial setup—it took longer than expected and the instructions could be clearer. The ANC feature is decent but doesnt completely block out all background noise. Good but not exceptional.,2023-10-01,"{""Mic"": ""Not mentioned"", ""EQmodes"": ""Not mentioned"", ""DeepBass"": ""Not mentioned"", ""Foldable"": ""Not mentioned"", ""playtime"": ""Not mentioned"", ""ComfortFit"": ""Impressive comfort level"", ""Batterylife"": ""Not mentioned"", ""NoiseCancellation"": ""Decent ANC feature""}"
319,14,Jeff Miller,4,I enjoy these headphones but they arent without their flaws. The audio clarity is splendid and I do find them quite comfortable even after extended use. However the battery life is not as long as advertised; I often find myself charging them more frequently than I would like. Still they do provide solid sound for an overall great listening experience especially for the price.,2023-10-01,"{""Mic"": ""Not mentioned."", ""EQmodes"": ""Not mentioned."", ""DeepBass"": ""Not mentioned."", ""Foldable"": ""Not mentioned."", ""playtime"": ""Not mentioned."", ""ComfortFit"": ""The headphones are quite comfortable, even after extended use."", ""Batterylife"": ""The battery life is not as long as advertised; the user often finds themselves charging them more frequently than they would like."", ""NoiseCancellation"": ""Not mentioned.""}"
320,14,Sarah Thompson,1,Super disappointed with these headphones. The ANC feature was a letdown—it did not cancel noise as effectively as I had hoped especially on airplanes. After just one week the headphones stopped connecting via Bluetooth. Customer support was unhelpful and slow in responding. I wouldnt recommend buying these; there are better options available.,2023-10-01,"{""Mic"": ""Not mentioned"", ""EQmodes"": ""Not mentioned"", ""DeepBass"": ""Not mentioned"", ""Foldable"": ""Not mentioned"", ""playtime"": ""Not mentioned"", ""ComfortFit"": ""Not mentioned"", ""Batterylife"": ""Not mentioned"", ""NoiseCancellation"": ""ANC feature was a letdown—it did not cancel noise effectively""}"
321,14,Michael Green,5,Fantastic product! The sound quality far exceeds my expectations. I mainly use them for gaming and music and I couldnt be happier. Plus the comfort is superb! Ive had them on for hours while studying and they dont hurt at all. Setup was a breeze and the Bluetooth range is impressive. Highly recommend for anyone serious about audio!,2023-10-01,"{""Mic"": ""Not mentioned"", ""EQmodes"": ""Not mentioned"", ""DeepBass"": ""Not mentioned"", ""Foldable"": ""Not mentioned"", ""playtime"": ""Not mentioned"", ""ComfortFit"": ""The comfort is superb, and they don't hurt even after hours of use."", ""Batterylife"": ""Not mentioned"", ""NoiseCancellation"": ""Not mentioned""}"
322,14,Jessica Taylor,2,I wanted to like these headphones but theyve left me feeling underwhelmed. While the sound quality is decent the noise cancellation feature didnt seem very effective in our busy household. They are comfortable but my main complaint is that the battery drains quicker than anticipated and I find myself charging them too often. There are better options at this price point.,2023-10-01,"{""Mic"": ""Not mentioned."", ""EQmodes"": ""Not mentioned."", ""DeepBass"": ""Not mentioned."", ""Foldable"": ""Not mentioned."", ""playtime"": ""Not mentioned."", ""ComfortFit"": ""They are comfortable."", ""Batterylife"": ""The battery drains quicker than anticipated."", ""NoiseCancellation"": ""The noise cancellation feature didn't seem very effective.""}"
323,14,David Lee,3,They are okay headphones. I like the design; they look modern and stylish and they feel great on. However the usability is somewhat confusing at first with all the controls. I think the ANC could use some improvements as well; I still hear a lot of background noise. Ultimately theyre average. I wouldnt say theyre a must-buy but they get the job done.,2023-10-01,"{""Mic"": ""Not mentioned"", ""EQmodes"": ""Not mentioned"", ""DeepBass"": ""Not mentioned"", ""Foldable"": ""Not mentioned"", ""playtime"": ""Not mentioned"", ""ComfortFit"": ""They feel great on"", ""Batterylife"": ""Not mentioned"", ""NoiseCancellation"": ""ANC could use some improvements""}"
324,14,Hannah Clarke,1,Absolute junk! I bought these for the noise-cancelling feature and it failed miserably. They started malfunctioning after just a month of use and they never provided the promised battery life. Customer support was a nightmare; I reached out several times and received no help. I deeply regret this purchase and would advise others to steer clear.,2023-10-01,"{""Mic"": ""Not mentioned"", ""EQmodes"": ""Not mentioned"", ""DeepBass"": ""Not mentioned"", ""Foldable"": ""Not mentioned"", ""playtime"": ""Not mentioned"", ""ComfortFit"": ""Not mentioned"", ""Batterylife"": ""Failed to provide promised battery life"", ""NoiseCancellation"": ""Failed miserably""}"
325,14,Oliver Harris,5,Im blown away by the quality of these headphones! The sound is rich and the noise cancellation feature offers the perfect way to zone out during work. They are incredibly light and comfortable—perfect for long listening sessions. The battery life is also very impressive. I cant believe I waited this long to invest in a pair like this; highly recommended!,2023-10-01,"{""Mic"": ""not mentioned"", ""EQmodes"": ""not mentioned"", ""DeepBass"": ""not mentioned"", ""Foldable"": ""not mentioned"", ""playtime"": ""not mentioned"", ""ComfortFit"": ""incredibly light and comfortable"", ""Batterylife"": ""very impressive"", ""NoiseCancellation"": ""offers the perfect way to zone out during work""}"
326,14,Emma White,3,The Vyron E7 headphones are decent but I was expecting a bit more based on the hype. The design is sleek and modern but I had some troubles with the Bluetooth connectivity—its not as reliable as Id like. However once connected the sound quality is quite good. I think theres potential but it could easily be improved.,2023-10-01,"{""Mic"": """", ""EQmodes"": """", ""DeepBass"": """", ""Foldable"": """", ""playtime"": """", ""ComfortFit"": """", ""Batterylife"": """", ""NoiseCancellation"": """"}"
327,14,James Young,4,Great sound quality! These headphones work incredibly well for music and calls. Im particularly impressed with how clear my voice sounds during phone calls. However I find the ear pads could be a bit thicker for the ultimate comfort especially during long listening sessions. Still they perform well and are a good value for what you pay.,2023-10-01,"{""Mic"": ""Clear voice during phone calls"", ""EQmodes"": ""Not mentioned"", ""DeepBass"": ""Not mentioned"", ""Foldable"": ""Not mentioned"", ""playtime"": ""Not mentioned"", ""ComfortFit"": ""Ear pads could be thicker for ultimate comfort"", ""Batterylife"": ""Not mentioned"", ""NoiseCancellation"": ""Not mentioned""}"
328,14,Lily Martin,5,These are amazing headphones! The noise cancellation works perfectly blocking out all the annoying sounds while I work from home. The sound quality is top-notch with wonderful bass that I adore. They fit snugly without being uncomfortable; I can wear them for hours and feel great. I would definitely recommend these to any audiophile!,2023-10-01,"{""Mic"": ""Not mentioned"", ""EQmodes"": ""Not mentioned"", ""DeepBass"": ""The sound quality is top-notch, with wonderful bass that I adore."", ""Foldable"": ""Not mentioned"", ""playtime"": ""Not mentioned"", ""ComfortFit"": ""They fit snugly without being uncomfortable; I can wear them for hours and feel great."", ""Batterylife"": ""Not mentioned"", ""NoiseCancellation"": ""The noise cancellation works perfectly, blocking out all the annoying sounds while I work from home.""}"
329,14,William King,1,Disappointing purchase! The headphones started off well but after a few weeks the left ear started to fail. The sound became very muffled and the battery life is a joke—it barely lasts a few hours. Customer service wasnt helpful at all. I feel like I wasted my money and would not recommend these headphones.,2023-10-01,"{""Mic"": ""Not mentioned"", ""EQmodes"": ""Not mentioned"", ""DeepBass"": ""Not mentioned"", ""Foldable"": ""Not mentioned"", ""playtime"": ""barely lasts a few hours"", ""ComfortFit"": ""Not mentioned"", ""Batterylife"": ""barely lasts a few hours"", ""NoiseCancellation"": ""Not mentioned""}"
330,14,Chloe Scott,5,Im rarely this impressed with a product. The Vyron headphones deliver amazing sound quality with deep bass and clear treble. I often use them while traveling and the ANC feature is perfect for blocking out plane noise! Setup was a breeze and they are ridiculously comfortable. Highly recommend for anyone serious about their audio!,2023-10-01,"{""Mic"": ""Not mentioned"", ""EQmodes"": ""Not mentioned"", ""DeepBass"": ""Deep bass"", ""Foldable"": ""Not mentioned"", ""playtime"": ""Not mentioned"", ""ComfortFit"": ""Ridiculously comfortable"", ""Batterylife"": ""Not mentioned"", ""NoiseCancellation"": ""Active Noise Cancellation (ANC)""}"
331,14,Ethan Adams,2,The sound quality is good but the complications with connectivity make these headphones hard to enjoy. Ive had to fiddle with the Bluetooth connection multiple times. They are comfortable enough but I expected better for the price. If you need something reliable for everyday use these may not be your best bet.,2023-10-01,"{""Mic"": """", ""EQmodes"": """", ""DeepBass"": """", ""Foldable"": """", ""playtime"": """", ""ComfortFit"": ""comfortable enough"", ""Batterylife"": """", ""NoiseCancellation"": """"}"
332,14,Natalie Carter,3,I have mixed feelings about these headphones. The sound quality is nice and they look great but my main issue lies in the build quality. They feel a bit flimsy and I worry about long-term durability. The battery is decent but not as lasted as advertised which is disappointing. Overall theyre satisfactory but not without their drawbacks.,2023-10-01,"{""Mic"": ""Not mentioned"", ""EQmodes"": ""Not mentioned"", ""DeepBass"": ""Not mentioned"", ""Foldable"": ""Not mentioned"", ""playtime"": ""Not mentioned"", ""ComfortFit"": ""Not mentioned"", ""Batterylife"": ""decent but not as lasted as advertised"", ""NoiseCancellation"": ""Not mentioned""}"
333,14,Daniel Johnson,5,Just wow! The Vyron headphones exceeded my expectations! I initially bought them to use during long flights and I couldnt be happier. The sound isolation is perfect for creating a personal oasis in noisy environments. The build quality is sturdy and they look great too. Ive already recommended them to friends!,2023-10-01,"{""Mic"": """", ""EQmodes"": """", ""DeepBass"": """", ""Foldable"": """", ""playtime"": """", ""ComfortFit"": """", ""Batterylife"": """", ""NoiseCancellation"": ""The sound isolation is perfect for creating a personal oasis in noisy environments.""}"
334,14,Sophia Brown,4,Very comfortable and good sound quality but the setup was slightly confusing for me. Once I figured it out I enjoyed them immensely. They really excel in noise cancellation providing a peaceful environment for listening. My only complaint is the touch controls; they can be a little too sensitive at times. But overall Im very pleased with my purchase!,2023-10-01,"{""Mic"": ""Not mentioned"", ""EQmodes"": ""Not mentioned"", ""DeepBass"": ""Not mentioned"", ""Foldable"": ""Not mentioned"", ""playtime"": ""Not mentioned"", ""ComfortFit"": ""Very comfortable"", ""Batterylife"": ""Not mentioned"", ""NoiseCancellation"": ""They really excel in noise cancellation""}"
335,14,Henry Martinez,3,I find the Vyron headphones just average. The sound quality is fine but they dont quite compare to others Ive had in the past. The ANC works reasonably well but isnt as good as I had hoped. Comfort is decent but the ear pads could be thicker for longer sessions. They serve a purpose but arent my first choice.,2023-10-01,"{""Mic"": """", ""EQmodes"": """", ""DeepBass"": """", ""Foldable"": """", ""playtime"": """", ""ComfortFit"": ""Comfort is decent, but the ear pads could be thicker for longer sessions."", ""Batterylife"": """", ""NoiseCancellation"": ""The ANC works reasonably well but isn't as good as I had hoped.""}"
336,14,Mia Robinson,1,These headphones did not live up to their hype. The noise-cancelling feature is ineffective and after using them for a month they developed a crackling noise in one ear. It seems like I got a faulty pair but dealing with customer service was frustrating. I cannot recommend these at all there are much better options out there for the same price.,2023-10-01,"{""Mic"": ""Not mentioned"", ""EQmodes"": ""Not mentioned"", ""DeepBass"": ""Not mentioned"", ""Foldable"": ""Not mentioned"", ""playtime"": ""Not mentioned"", ""ComfortFit"": ""Not mentioned"", ""Batterylife"": ""Not mentioned"", ""NoiseCancellation"": ""Ineffective""}"
337,14,Jacob Lewis,4,Great headphones overall! The sound quality is impressive and I love the ANC feature for busy environments. They fit well and are comfortable for long use though I did experience some minor connectivity issues with Bluetooth. Nevertheless Im satisfied with my purchase and would definitely recommend them to others looking for a solid performance.,2023-10-01,"{""Mic"": ""Not mentioned"", ""EQmodes"": ""Not mentioned"", ""DeepBass"": ""Not mentioned"", ""Foldable"": ""Not mentioned"", ""playtime"": ""Not mentioned"", ""ComfortFit"": ""They fit well and are comfortable for long use"", ""Batterylife"": ""Not mentioned"", ""NoiseCancellation"": ""I love the ANC feature for busy environments""}"
338,15,Alice Johnson,5,I am absolutely in love with the Auron ANC headphones! The noise cancellation is phenomenal it truly does block out almost all external sounds making my commutes so much more enjoyable. The sound quality is rich and immersive; I didnt realize how good my favorite songs could sound. Plus theyre incredibly comfortable to wear for long hours. I highly recommend these for anyone looking for top-tier headphones!,2023-10-01,"{""Mic"": ""Not mentioned"", ""EQmodes"": ""Not mentioned"", ""DeepBass"": ""Not mentioned"", ""Foldable"": ""Not mentioned"", ""playtime"": ""Not mentioned"", ""ComfortFit"": ""Yes"", ""Batterylife"": ""Not mentioned"", ""NoiseCancellation"": ""Yes""}"
339,15,Brian Smith,5,These headphones are a game changer! The battery life is incredibly long—Ive gone days without recharging even with active noise cancellation. The design is sleek and lightweight making them perfect for travel. I can wear them for hours without any discomfort. Truly worth every penny!,2023-10-01,"{""Mic"": ""Not mentioned"", ""EQmodes"": ""Not mentioned"", ""DeepBass"": ""Not mentioned"", ""Foldable"": ""Not mentioned"", ""playtime"": ""Not explicitly mentioned"", ""ComfortFit"": ""I can wear them for hours without any discomfort"", ""Batterylife"": ""incredibly long—days without recharging"", ""NoiseCancellation"": ""active noise cancellation""}"
340,15,Catherine Adams,4,Overall Im impressed with the Auron noise-cancelling headphones. The sound quality is great and I appreciate the transparent mode for when I need to be aware of my surroundings. However the controls can be a bit finicky at times which can be frustrating. Still the comfort and overall audio experience make it a solid choice.,2023-10-01,"{""Mic"": """", ""EQmodes"": """", ""DeepBass"": """", ""Foldable"": """", ""playtime"": """", ""ComfortFit"": ""Comfort is mentioned as a positive aspect."", ""Batterylife"": """", ""NoiseCancellation"": ""Noise-cancelling feature is mentioned.""}"
341,15,David Brown,4,The Auron headphones have great sound quality and comfort! Ive used them for gaming and music and they perform wonderfully. My only complaint is the touch controls; they can be overly sensitive and sometimes register commands when I dont want them to. But when theyre working well the audio is crisp and clear. Id recommend it just be careful with the controls.,2023-10-01,"{""Mic"": ""Not mentioned"", ""EQmodes"": ""Not mentioned"", ""DeepBass"": ""Not mentioned"", ""Foldable"": ""Not mentioned"", ""playtime"": ""Not mentioned"", ""ComfortFit"": ""Great comfort"", ""Batterylife"": ""Not mentioned"", ""NoiseCancellation"": ""Not mentioned""}"
342,15,Ella White,3,The Auron headphones are decent but have their quirks. The sound quality is good especially at this price point but I found the noise cancellation not as effective in certain environments like crowded cafes. The ear pads are soft and comfortable but they do make my ears a bit warm after extended use. They are a good choice for casual listening but I wouldnt rely on them for total sound isolation.,2023-10-01,"{""Mic"": ""Not mentioned"", ""EQmodes"": ""Not mentioned"", ""DeepBass"": ""Not mentioned"", ""Foldable"": ""Not mentioned"", ""playtime"": ""Not mentioned"", ""ComfortFit"": ""The ear pads are soft and comfortable, but they do make ears a bit warm after extended use."", ""Batterylife"": ""Not mentioned"", ""NoiseCancellation"": ""The noise cancellation is not as effective in certain environments, like crowded cafes.""}"
343,15,Frank Harris,3,These headphones have a good design and decent sound quality but the wireless connection sometimes drops unexpectedly. I enjoy using them for both music and calls but I wish the battery life was a bit better; I find myself charging them more often than I would like. Overall they are average and meet basic needs but theres room for improvement.,2023-10-01,"{""Mic"": ""The user enjoys using them for calls, indicating they have a microphone."", ""EQmodes"": ""Not mentioned."", ""DeepBass"": ""Not mentioned."", ""Foldable"": ""Not mentioned."", ""playtime"": ""The user finds themselves charging them more often than they would like, indicating the playtime might be limited."", ""ComfortFit"": ""Not mentioned."", ""Batterylife"": ""The user wishes the battery life was better, indicating it might not be very long."", ""NoiseCancellation"": ""Not mentioned.""}"
344,15,Grace Lee,1,Honestly I regret buying these headphones. The first pair I received had a faulty battery—it wouldnt hold a charge for more than an hour. Customer service was slow to respond and when they did they were unhelpful. I expected much more for the price; unfortunately I cant recommend them given my experience.,2023-10-01,"{""Mic"": ""Not mentioned."", ""EQmodes"": ""Not mentioned."", ""DeepBass"": ""Not mentioned."", ""Foldable"": ""Not mentioned."", ""playtime"": ""The first pair had a faulty battery that wouldn't hold a charge for more than an hour."", ""ComfortFit"": ""Not mentioned."", ""Batterylife"": ""The first pair had a faulty battery that wouldn't hold a charge for more than an hour."", ""NoiseCancellation"": ""Not mentioned.""}"
345,15,Henry King,1,Very disappointed with this purchase. The noise cancellation doesnt work as advertised and the sound quality is lackluster. I also had trouble with the Bluetooth connectivity; it kept dropping out. I was really looking forward to using these but instead theyve just been a headache. Avoid!,2023-10-01,"{""Mic"": ""Not mentioned"", ""EQmodes"": ""Not mentioned"", ""DeepBass"": ""Not mentioned"", ""Foldable"": ""Not mentioned"", ""playtime"": ""Not mentioned"", ""ComfortFit"": ""Not mentioned"", ""Batterylife"": ""Not mentioned"", ""NoiseCancellation"": ""Doesn't work as advertised""}"
346,15,Irene Scott,2,The Auron headphones look nice and have a good feel but their performance leaves a lot to be desired. The sound quality is not as rich as I hoped especially for bass-heavy music. In addition I encountered some issues with the software sync; it doesnt always connect smoothly to my devices. For casual use they might be okay but I expected better.,2023-10-01,"{""Mic"": ""Not mentioned"", ""EQmodes"": ""Not mentioned"", ""DeepBass"": ""Not as rich as hoped"", ""Foldable"": ""Not mentioned"", ""playtime"": ""Not mentioned"", ""ComfortFit"": ""Good feel"", ""Batterylife"": ""Not mentioned"", ""NoiseCancellation"": ""Not mentioned""}"
347,15,James Carter,2,I wanted to love these headphones because of their great specs but sadly they didnt meet my expectations. The build quality feels a bit cheap and I noticed some creaking noises when adjusting the headband. On top of that the battery doesnt last as long as advertised. They work fine but could definitely be improved.,2023-10-01,"{""Mic"": ""Not mentioned in the document."", ""EQmodes"": ""Not mentioned in the document."", ""DeepBass"": ""Not mentioned in the document."", ""Foldable"": ""Not mentioned in the document."", ""playtime"": ""The battery doesn't last as long as advertised."", ""ComfortFit"": ""The build quality feels a bit cheap, and I noticed some creaking noises when adjusting the headband."", ""Batterylife"": ""The battery doesn't last as long as advertised."", ""NoiseCancellation"": ""Not mentioned in the document.""}"
348,15,Kevin Miller,5,These headphones are outstanding! The combination of comfort sound quality and battery life is unprecedented for the price. Im a frequent traveler and they make long flights so much more enjoyable. The 5-minute quick charge is a lifesaver when Im in a rush. Highly recommend to anyone needing reliable headphones!,2023-10-01,"{""Mic"": ""Not mentioned."", ""EQmodes"": ""Not mentioned."", ""DeepBass"": ""Not mentioned."", ""Foldable"": ""Not mentioned."", ""playtime"": ""Not explicitly mentioned, but implied to be good."", ""ComfortFit"": ""Yes, described as comfortable."", ""Batterylife"": ""Not explicitly mentioned, but implied to be good."", ""NoiseCancellation"": ""Not mentioned.""}"
349,15,Laura Johnson,3,I find the Auron headphones to be decent overall. On the plus side the sound quality is good for the price but they arent amazing at blocking out very loud environments. I also had a bit of trouble with the setup instructions; they could be clearer. I wouldnt say they are bad but dont expect too much either.,2023-10-01,"{""Mic"": """", ""EQmodes"": """", ""DeepBass"": """", ""Foldable"": """", ""playtime"": """", ""ComfortFit"": """", ""Batterylife"": """", ""NoiseCancellation"": ""They aren't amazing at blocking out very loud environments.""}"
350,15,Mike Turner,4,The headphones have stylish aesthetics and good build quality. I really enjoy how lightweight they feel when Im wearing them. In terms of performance they handle music and podcasts beautifully. My only issue has been the touch control sensitivity; I often accidentally skip tracks. If they fix that these would be perfect!,2023-10-01,"{""Mic"": """", ""EQmodes"": """", ""DeepBass"": """", ""Foldable"": """", ""playtime"": """", ""ComfortFit"": ""lightweight"", ""Batterylife"": """", ""NoiseCancellation"": """"}"
351,15,Nina Scott,2,While I appreciate the comfortable fit of the Auron headphones the sound quality isnt as rich as I expected. Ive had better experiences with other brands. Additionally I noticed a slight lag when watching videos. Theyre not bad but I wouldnt recommend them for audiophiles.,2023-10-01,"{""Mic"": """", ""EQmodes"": """", ""DeepBass"": """", ""Foldable"": """", ""playtime"": """", ""ComfortFit"": ""comfortable fit"", ""Batterylife"": """", ""NoiseCancellation"": """"}"
352,15,Oliver Young,5,The Auron headphones completely exceeded my expectations! The noise cancellation is top-notch perfect for my daily train rides. I love how crystal clear the audio is across all genres. Also they are incredibly comfortable for long listening sessions. I couldnt be happier with this purchase!,2023-10-01,"{""Mic"": ""Not mentioned"", ""EQmodes"": ""Not mentioned"", ""DeepBass"": ""Not mentioned"", ""Foldable"": ""Not mentioned"", ""playtime"": ""Not mentioned"", ""ComfortFit"": ""Incredibly comfortable for long listening sessions"", ""Batterylife"": ""Not mentioned"", ""NoiseCancellation"": ""Top-notch""}"
353,15,Patricia Evans,5,These headphones are a joy to use! The sound clarity is amazing and I love the noise cancellation feature. It makes such a difference when trying to concentrate. The design is also very chic and modern—definitely an eye-catcher. Highly recommend!,2023-10-01,"{""Mic"": """", ""EQmodes"": """", ""DeepBass"": """", ""Foldable"": """", ""playtime"": """", ""ComfortFit"": """", ""Batterylife"": """", ""NoiseCancellation"": ""Yes""}"
354,15,Quincy Taylor,1,Really not what I expected. After only a week of light use the left ear stopped working. I reached out to customer support and they were unresponsive. Definitely not worth the hassle. Save your money!,2023-10-01,"{""Mic"": """", ""EQmodes"": """", ""DeepBass"": """", ""Foldable"": """", ""playtime"": """", ""ComfortFit"": """", ""Batterylife"": """", ""NoiseCancellation"": """"}"
355,15,Rachel Clark,2,The Auron headphones were a mixed bag for me. On one hand they are comfortable and look nice but on the other the sound just doesnt match up to my expectations. Theres definitely a lack of depth in the audio and the battery life doesnt last as long as advertised. I expected better for the price.,2023-10-01,"{""Mic"": ""Not mentioned."", ""EQmodes"": ""Not mentioned."", ""DeepBass"": ""There's definitely a lack of depth in the audio."", ""Foldable"": ""Not mentioned."", ""playtime"": ""Not explicitly mentioned, but the battery life is noted to be less than expected."", ""ComfortFit"": ""They are comfortable."", ""Batterylife"": ""The battery life doesn't last as long as advertised."", ""NoiseCancellation"": ""Not mentioned.""}"
356,15,Sam Ledford,3,I think these headphones are okay. They have good sound quality but the noise cancellation isnt strong enough for my needs. Theyre comfortable to wear but I wish the battery life was longer. Theyre fine for casual listening but I might look for something else for more serious use.,2023-10-01,"{""Mic"": ""Not mentioned."", ""EQmodes"": ""Not mentioned."", ""DeepBass"": ""Not mentioned."", ""Foldable"": ""Not mentioned."", ""playtime"": ""Not mentioned."", ""ComfortFit"": ""The headphones are comfortable to wear."", ""Batterylife"": ""The user wishes the battery life was longer."", ""NoiseCancellation"": ""The noise cancellation isn't strong enough for the user's needs.""}"
357,15,Taylor Morgan,4,Really impressed with these headphones! The audio quality is impressive especially for the price. The quick charge feature is a standout—love how I can get extra playtime in just a few minutes. My only issue has been that the ANC isnt perfect in all environments. Still I would recommend these to friends and family.,2023-10-01,"{""Mic"": ""Not mentioned"", ""EQmodes"": ""Not mentioned"", ""DeepBass"": ""Not mentioned"", ""Foldable"": ""Not mentioned"", ""playtime"": ""Quick charge feature provides extra playtime in just a few minutes"", ""ComfortFit"": ""Not mentioned"", ""Batterylife"": ""Not mentioned"", ""NoiseCancellation"": ""The ANC isn't perfect in all environments""}"
358,15,Ursula Grant,1,I had high hopes for the Auron headphones but they fell short. The sound quality is poor and the active noise cancellation was barely noticeable. On top of that they felt heavy on my ears after just a short period of use. Complete letdown Im regretting this purchase.,2023-10-01,"{""Mic"": ""Not mentioned"", ""EQmodes"": ""Not mentioned"", ""DeepBass"": ""Not mentioned"", ""Foldable"": ""Not mentioned"", ""playtime"": ""Not mentioned"", ""ComfortFit"": ""Heavy on ears after short use"", ""Batterylife"": ""Not mentioned"", ""NoiseCancellation"": ""Barely noticeable""}"
359,15,Victor White,2,The design of the Auron headphones is sleek and modern which I like a lot. However the sound quality isnt all that impressive—its decent but not what I would consider high-end. The battery life also isnt great; I thought it would last longer based on the description. Theyre okay for casual listening but I wouldnt use them for serious audio work.,2023-10-01,"{""Mic"": ""Not mentioned"", ""EQmodes"": ""Not mentioned"", ""DeepBass"": ""Not mentioned"", ""Foldable"": ""Not mentioned"", ""playtime"": ""Not mentioned"", ""ComfortFit"": ""Not mentioned"", ""Batterylife"": ""Not great"", ""NoiseCancellation"": ""Not mentioned""}"
360,15,Wendy Black,5,Absolutely thrilled with these headphones! The sound quality is clear and full and they fit so comfortably that I forget Im even wearing them. Noise cancellation works like a charm especially in coffee shops. A fantastic value for the price!,2023-10-01,"{""Mic"": ""Not mentioned"", ""EQmodes"": ""Not mentioned"", ""DeepBass"": ""Not mentioned"", ""Foldable"": ""Not mentioned"", ""playtime"": ""Not mentioned"", ""ComfortFit"": ""Yes"", ""Batterylife"": ""Not mentioned"", ""NoiseCancellation"": ""Yes""}"
361,15,Xander Simon,3,I have mixed feelings about the Auron ANC headphones. The design is stylish and they fit nicely but I have issues with the wireless connectivity; its sometimes spotty especially over longer distances. They also lack some depth in sound. Overall theyre decent for the price but not the best.,2023-10-01,"{""Mic"": ""Not mentioned"", ""EQmodes"": ""Not mentioned"", ""DeepBass"": ""They lack some depth in sound"", ""Foldable"": ""Not mentioned"", ""playtime"": ""Not mentioned"", ""ComfortFit"": ""They fit nicely"", ""Batterylife"": ""Not mentioned"", ""NoiseCancellation"": ""Not explicitly mentioned, but ANC is in the name""}"
362,15,Zara Johnson,4,Very pleased with these headphones! They feel lightweight and the sound quality is very good for music. The touch controls are sometimes a bit too sensitive but once you get used to it they work fine. I really appreciate the long battery life—perfect for long trips!,2023-10-01,"{""Mic"": ""not mentioned"", ""EQmodes"": ""not mentioned"", ""DeepBass"": ""not mentioned"", ""Foldable"": ""not mentioned"", ""playtime"": ""long trips"", ""ComfortFit"": ""lightweight"", ""Batterylife"": ""long battery life"", ""NoiseCancellation"": ""not mentioned""}"
363,16,Emily Johnson,5,These headphones are a game-changer! The noise cancellation works wonders allowing me to completely block out the chaos of my office. The sound quality is phenomenal with rich bass and Im completely in love with the customizable sound profiles through the app. Also the battery life is beyond impressive—Ive been using them for days without needing a charge. Highly recommend for anyone who values both performance and comfort!,2023-10-01,"{""Mic"": ""Not mentioned"", ""EQmodes"": ""customizable sound profiles through the app"", ""DeepBass"": ""rich bass"", ""Foldable"": ""Not mentioned"", ""playtime"": ""Not explicitly mentioned, but implied to be several days"", ""ComfortFit"": ""Highly recommend for anyone who values both performance and comfort"", ""Batterylife"": ""beyond impressive—I've been using them for days without needing a charge"", ""NoiseCancellation"": ""works wonders, allowing me to completely block out the chaos of my office""}"
364,16,Michael Brown,4,Ive been using the Echoris HT2 for a few weeks now and I must say Im mostly impressed! The build quality feels solid and the comfortable ear cushions make extended wear easy. However I wish the Bluetooth connection had a longer range; I occasionally experience dropouts if I move just a little too far from my device. Overall a strong product and great value for the money!,2023-10-01,"{""Mic"": ""Not mentioned"", ""EQmodes"": ""Not mentioned"", ""DeepBass"": ""Not mentioned"", ""Foldable"": ""Not mentioned"", ""playtime"": ""Not mentioned"", ""ComfortFit"": ""Comfortable ear cushions make extended wear easy"", ""Batterylife"": ""Not mentioned"", ""NoiseCancellation"": ""Not mentioned""}"
365,16,Rebecca Taylor,3,The Echoris HT2 has both strengths and weaknesses. On one hand the audio performance is fantastic with great depth but on the other hand the setup process was confusing. It took me longer than expected to get everything working. Its okay once set up but I think there are more user-friendly options out there. Its a fair purchase if you are patient during the initial setup.,2023-10-01,"{""Mic"": """", ""EQmodes"": """", ""DeepBass"": """", ""Foldable"": """", ""playtime"": """", ""ComfortFit"": """", ""Batterylife"": """", ""NoiseCancellation"": """"}"
366,16,Brian Wilson,2,I wanted to like these headphones but they fell short in a few key areas. The noise cancellation didnt block out as much background sound as I hoped especially when on public transport. They also feel a bit bulky to wear for long periods. While the sound quality is decent its not enough to outweigh the discomfort. I wouldnt recommend them for long listening sessions.,2023-10-01,"{""Mic"": ""Not mentioned"", ""EQmodes"": ""Not mentioned"", ""DeepBass"": ""Not mentioned"", ""Foldable"": ""Not mentioned"", ""playtime"": ""Not mentioned"", ""ComfortFit"": ""Bulky to wear for long periods"", ""Batterylife"": ""Not mentioned"", ""NoiseCancellation"": ""Didn't block out as much background sound as hoped""}"
367,16,Sarah Smith,1,This was a disappointing purchase for me. After just a couple of days the left ear cup stopped working properly. I reached out to customer support but their response was frustratingly slow and unhelpful. I was really looking forward to using these headphones but they havent lived up to their promises. I cant recommend them based on my experience.,2023-10-01,"{""Mic"": ""Not mentioned"", ""EQmodes"": ""Not mentioned"", ""DeepBass"": ""Not mentioned"", ""Foldable"": ""Not mentioned"", ""playtime"": ""Not mentioned"", ""ComfortFit"": ""Not mentioned"", ""Batterylife"": ""Not mentioned"", ""NoiseCancellation"": ""Not mentioned""}"
368,16,William Clark,5,Absolutely love these headphones! They are light and foldable making them perfect for my daily commute. The sound is clear and the bass is so rich! The adjustable ear cups and soft cushions make wearing them for hours completely comfortable. Battery life is also fantastic—Ive never run out of charge! Best headphones Ive owned!,2023-10-01,"{""Mic"": ""Not mentioned"", ""EQmodes"": ""Not mentioned"", ""DeepBass"": ""rich"", ""Foldable"": ""Yes"", ""playtime"": ""Not mentioned"", ""ComfortFit"": ""adjustable ear cups and soft cushions"", ""Batterylife"": ""fantastic"", ""NoiseCancellation"": ""Not mentioned""}"
369,16,Linda Martinez,4,These Echoris headphones have a sleek design which I appreciate. They look modern and perform well bringing out details in my music that I hadnt noticed before. The only downside is that they can sometimes slip off while Im exercising. Overall a fantastic product that provides great value for the price!,2023-10-01,"{""Mic"": """", ""EQmodes"": """", ""DeepBass"": """", ""Foldable"": """", ""playtime"": """", ""ComfortFit"": ""They can sometimes slip off while exercising."", ""Batterylife"": """", ""NoiseCancellation"": """"}"
370,16,Jason Lee,3,The Echoris HT2 headphones sound great but I had a rough start. The setup was not straightforward and the app took a while to get used to. However once I got everything working I enjoyed the sound quality. If they were more intuitive on the setup side Id rate them higher. They are decent but definitely not the best in the market.,2023-10-01,"{""Mic"": """", ""EQmodes"": """", ""DeepBass"": """", ""Foldable"": """", ""playtime"": """", ""ComfortFit"": """", ""Batterylife"": """", ""NoiseCancellation"": """"}"
371,16,Catherine King,2,I was quite excited to try these headphones but they didnt meet my expectations. While the sound is good the fit is not great—my ears start to hurt after a short time. Plus the noise cancellation feature doesnt work as well as advertised. I feel like I could find better comfort and performance elsewhere.,2023-10-01,"{""Mic"": """", ""EQmodes"": """", ""DeepBass"": """", ""Foldable"": """", ""playtime"": """", ""ComfortFit"": ""The fit is not great—my ears start to hurt after a short time."", ""Batterylife"": """", ""NoiseCancellation"": ""The noise cancellation feature doesn't work as well as advertised.""}"
372,16,Matthew Turner,1,Im very disappointed with my experience. After a week of use the headphones started making weird noises and the battery life dramatically dropped. I followed all the troubleshooting steps provided but nothing worked. Contacting customer support was a hassle and ultimately unhelpful. I cant believe I wasted money on these.,2023-10-01,"{""Mic"": ""Not mentioned."", ""EQmodes"": ""Not mentioned."", ""DeepBass"": ""Not mentioned."", ""Foldable"": ""Not mentioned."", ""playtime"": ""Not mentioned."", ""ComfortFit"": ""Not mentioned."", ""Batterylife"": ""The battery life dramatically dropped after a week of use."", ""NoiseCancellation"": ""Not mentioned.""}"
373,16,Anna Hernandez,5,These headphones are an absolute must-have! The sound quality is immaculate with deep bass and the active noise cancellation is superb. I often use these while traveling and they make a notable difference on planes and trains. The 62-hour battery life is a game changer. I highly recommend these to anyone who wants comfort and noise cancellation!,2023-10-01,"{""Mic"": ""Not mentioned"", ""EQmodes"": ""Not mentioned"", ""DeepBass"": ""Yes"", ""Foldable"": ""Not mentioned"", ""playtime"": ""62-hour"", ""ComfortFit"": ""Yes"", ""Batterylife"": ""62-hour"", ""NoiseCancellation"": ""Yes""}"
374,16,Chris Scott,4,Really impressed with these headphones! The build quality is solid and the audio clarity is premium. The only minor issue I experienced was with the controls; at times they can be a bit unresponsive. Overall they are great headphones especially for the price. Would definitely recommend for music lovers.,2023-10-01,"{""Mic"": """", ""EQmodes"": """", ""DeepBass"": """", ""Foldable"": """", ""playtime"": """", ""ComfortFit"": """", ""Batterylife"": """", ""NoiseCancellation"": """"}"
375,16,Natalie Adams,3,I found these headphones to be quite average. The sound quality is decent but the noise cancellation was not as effective as I expected in louder environments. They are comfortable which is a plus but given the mixed performance Id suggest looking around at other options before settling on these.,2023-10-01,"{""Mic"": """", ""EQmodes"": """", ""DeepBass"": """", ""Foldable"": """", ""playtime"": """", ""ComfortFit"": ""comfortable"", ""Batterylife"": """", ""NoiseCancellation"": ""not as effective as expected in louder environments""}"
376,16,Jacob Green,2,While these headphones look good and have good sound quality the comfort is a major issue for me. After wearing them for over an hour I felt some discomfort. The noise cancellation is also not as strong as advertised. I had high hopes but unfortunately it didnt work out. They might suit some users but I wouldnt repurchase.,2023-10-01,"{""Mic"": ""Not mentioned"", ""EQmodes"": ""Not mentioned"", ""DeepBass"": ""Not mentioned"", ""Foldable"": ""Not mentioned"", ""playtime"": ""Not mentioned"", ""ComfortFit"": ""Discomfort after wearing for over an hour"", ""Batterylife"": ""Not mentioned"", ""NoiseCancellation"": ""Not as strong as advertised""}"
377,16,Sophia White,1,I had high expectations for the Echoris HT2 but it has been a letdown. The first day they worked fine but soon I started experiencing connectivity issues. They would randomly disconnect from my phone and the customer support has been non-responsive. I regret buying these and wouldnt recommend them to anyone.,2023-10-01,"{""Mic"": """", ""EQmodes"": """", ""DeepBass"": """", ""Foldable"": """", ""playtime"": """", ""ComfortFit"": """", ""Batterylife"": """", ""NoiseCancellation"": """"}"
378,16,Ryan Young,5,Best headphones Ive owned by far! The sound is crystal clear and the bass is just amazing. The noise cancellation is perfect for my noisy office and I can wear them all day without any discomfort. Battery life is exceptional; I rarely have to think about charging them. Cant recommend them enough!,2023-10-01,"{""Mic"": ""not mentioned"", ""EQmodes"": ""not mentioned"", ""DeepBass"": ""amazing"", ""Foldable"": ""not mentioned"", ""playtime"": ""not mentioned"", ""ComfortFit"": ""can wear them all day without any discomfort"", ""Batterylife"": ""exceptional"", ""NoiseCancellation"": ""perfect for my noisy office""}"
379,16,Amber Robinson,4,Great product overall! The noise cancellation does a wonderful job especially in busy environments. The headphones look nice and are light enough to wear for long periods. My only gripe is that the app for customizable settings can take a moment to understand fully. Nonetheless they are a great deal!,2023-10-01,"{""Mic"": """", ""EQmodes"": ""The app for customizable settings."", ""DeepBass"": """", ""Foldable"": """", ""playtime"": """", ""ComfortFit"": ""The headphones are light enough to wear for long periods."", ""Batterylife"": """", ""NoiseCancellation"": ""The noise cancellation does a wonderful job, especially in busy environments.""}"
380,16,Tom Harrison,3,These headphones deliver decent sound quality but I found the noise cancellation lacking during street use. The comfort level is okay but I think they could be improved for longer wear. If youre looking for something stylish and okay sounding they might work for you but I expected better.,2023-10-01,"{""Mic"": """", ""EQmodes"": """", ""DeepBass"": """", ""Foldable"": """", ""playtime"": """", ""ComfortFit"": ""okay, but could be improved for longer wear"", ""Batterylife"": """", ""NoiseCancellation"": ""lacking during street use""}"
381,16,Grace Taylor,2,I initially loved these headphones but have faced issues. The noise cancellation isnt great in loud places and theyre not comfortable for long wear. I was hoping for something fantastic based on reviews and sadly Im left feeling unsatisfied. They do the job but could be so much better.,2023-10-01,"{""Mic"": ""Not mentioned"", ""EQmodes"": ""Not mentioned"", ""DeepBass"": ""Not mentioned"", ""Foldable"": ""Not mentioned"", ""playtime"": ""Not mentioned"", ""ComfortFit"": ""Not comfortable for long wear"", ""Batterylife"": ""Not mentioned"", ""NoiseCancellation"": ""Not great in loud places""}"
382,16,Ethan Baker,1,Extremely disappointed with this product. After less than two weeks of light use they stopped working. The sound quality was mediocre at best. I tried contacting customer service but they were slow to respond. Save your money and look elsewhere!,2023-10-01,"{""Mic"": """", ""EQmodes"": """", ""DeepBass"": """", ""Foldable"": """", ""playtime"": """", ""ComfortFit"": """", ""Batterylife"": """", ""NoiseCancellation"": """"}"
383,16,Chloe Thompson,5,Incredible headphones! The sound clarity is unbelievable and the noise cancelling feature is a lifesaver during long flights. They are also incredibly comfortable to wear for hours. I love the fact that they can fold up and fit easily in my bag. Highly recommended for travelers!,2023-10-01,"{""Mic"": ""Not mentioned"", ""EQmodes"": ""Not mentioned"", ""DeepBass"": ""Not mentioned"", ""Foldable"": ""Yes"", ""playtime"": ""Not mentioned"", ""ComfortFit"": ""Yes"", ""Batterylife"": ""Not mentioned"", ""NoiseCancellation"": ""Yes""}"
384,16,David Wilson,4,I like these headphones a lot! They sound great and do a good job at blocking out unwanted noise. The app is a nice touch for tweaking the sound profiles even if it takes a bit to figure it out. The only downside is that I wish the headphones had a slightly longer Bluetooth range. Overall a strong product!,2023-10-01,"{""Mic"": ""Not mentioned"", ""EQmodes"": ""Yes, via app"", ""DeepBass"": ""Not mentioned"", ""Foldable"": ""Not mentioned"", ""playtime"": ""Not mentioned"", ""ComfortFit"": ""Not mentioned"", ""Batterylife"": ""Not mentioned"", ""NoiseCancellation"": ""Yes""}"
385,16,Lily Harris,3,These headphones are good but not amazing. The audio quality is solid but sometimes the fit feels a bit loose. The noise cancellation works decently—better for music than for conversations. If youre on a budget they might be a decent choice but I might explore other options next time.,2023-10-01,"{""Mic"": """", ""EQmodes"": """", ""DeepBass"": """", ""Foldable"": """", ""playtime"": """", ""ComfortFit"": ""sometimes the fit feels a bit loose"", ""Batterylife"": """", ""NoiseCancellation"": ""The noise cancellation works decently—better for music than for conversations.""}"
386,16,Oliver Martinez,2,While the sound is nice the comfort just isnt there for me. After a short while I start to feel pressure around my ears. The noise cancellation is also not quite effective for outside noise; I was expecting more given the product description. I think I will have to keep looking for a better alternative.,2023-10-01,"{""Mic"": """", ""EQmodes"": """", ""DeepBass"": """", ""Foldable"": """", ""playtime"": """", ""ComfortFit"": ""The comfort is not satisfactory, as the user feels pressure around their ears after a short while."", ""Batterylife"": """", ""NoiseCancellation"": ""The noise cancellation is not quite effective for outside noise.""}"
387,16,Samantha Wright,1,Complete letdown. I received my headphones and they didnt even charge properly. The sound was okay until I tried to use the noise cancellation and it just failed. Customer service has not responded to my requests for a replacement. Definitely wont be buying from Echoris again.,2023-10-01,"{""Mic"": ""Not mentioned"", ""EQmodes"": ""Not mentioned"", ""DeepBass"": ""Not mentioned"", ""Foldable"": ""Not mentioned"", ""playtime"": ""Not mentioned"", ""ComfortFit"": ""Not mentioned"", ""Batterylife"": ""Not mentioned"", ""NoiseCancellation"": ""Failed""}"
388,17,Emily Johnson,5,Im blown away by these headphones! The Active Noise Cancellation is phenomenal; it truly blocks out the world around me. The sound quality is unmatched especially with the Bass Amplify technology really enhancing my music experience. Plus theyre super comfortable for long listening sessions. Ive worn them for hours while working from home and I barely notice them. Highly recommend!,2023-10-01,"{""Mic"": ""Not mentioned"", ""EQmodes"": ""Not mentioned"", ""DeepBass"": ""Bass Amplify technology enhances music experience"", ""Foldable"": ""Not mentioned"", ""playtime"": ""Not mentioned"", ""ComfortFit"": ""Super comfortable for long listening sessions"", ""Batterylife"": ""Not mentioned"", ""NoiseCancellation"": ""Active Noise Cancellation is phenomenal""}"
389,17,Michael Brown,5,These are by far the best wireless headphones Ive ever owned! The sound is crystal clear with deep bass perfect for my daily podcasts and music playlists. The battery life is incredible; I can easily get through a week of commutes without recharging. The memory foam ear cups are also a game-changer—no discomfort at all. Worth every penny!,2023-10-01,"{""Mic"": ""Not mentioned"", ""EQmodes"": ""Not mentioned"", ""DeepBass"": ""The sound is crystal clear with deep bass"", ""Foldable"": ""Not mentioned"", ""playtime"": ""Not mentioned"", ""ComfortFit"": ""The memory foam ear cups are also a game-changer—no discomfort at all"", ""Batterylife"": ""incredible; I can easily get through a week of commutes without recharging"", ""NoiseCancellation"": ""Not mentioned""}"
390,17,Sarah Davis,4,Really great headphones! I love the design and the way they fit over my ears; it feels like they were custom-made for me. The noise cancellation works well in most environments though it struggles a bit with very high-frequency noises. Battery life is excellent and I appreciate the quick charge feature. If it wasnt for some minor annoyance with the setup instructions these would be perfect!,2023-10-01,"{""Mic"": ""Not mentioned"", ""EQmodes"": ""Not mentioned"", ""DeepBass"": ""Not mentioned"", ""Foldable"": ""Not mentioned"", ""playtime"": ""Not mentioned"", ""ComfortFit"": ""Feels custom-made"", ""Batterylife"": ""Excellent"", ""NoiseCancellation"": ""Works well in most environments, struggles with very high-frequency noises""}"
391,17,David Wilson,4,Overall these headphones perform quite well. I really enjoy the sound quality and the active noise cancellation feature gets a thumbs up from me. Theyre comfortable enough for long listening periods but I did find them a bit bulky compared to other headphones Ive used. Still I would recommend these for anyone looking for great sound and battery life.,2023-10-01,"{""Mic"": ""not mentioned"", ""EQmodes"": ""not mentioned"", ""DeepBass"": ""not mentioned"", ""Foldable"": ""not mentioned"", ""playtime"": ""not mentioned"", ""ComfortFit"": ""comfortable enough for long listening periods"", ""Batterylife"": ""great"", ""NoiseCancellation"": ""active noise cancellation feature gets a thumbs up""}"
392,17,Jessica Martinez,3,I find these headphones to be pretty decent. The sound quality is great; however I was a bit disappointed with the noise cancellation when I first used them on a crowded train. Theyre also heavier than I expected which makes them a little uncomfortable after a couple of hours. But the battery life is fantastic! Just might not be my top pick.,2023-10-01,"{""Mic"": ""Not mentioned"", ""EQmodes"": ""Not mentioned"", ""DeepBass"": ""Not mentioned"", ""Foldable"": ""Not mentioned"", ""playtime"": ""Not mentioned"", ""ComfortFit"": ""a little uncomfortable after a couple of hours"", ""Batterylife"": ""fantastic"", ""NoiseCancellation"": ""a bit disappointing""}"
393,17,Brian Lee,3,These headphones are good for the price but have some quirks. The ANC feature is decent though sometimes the sound can seem a bit muffled in noisy environments. I also had some trouble with compatibility when trying to connect to older devices. The overall sound quality is impressive but the usability issues bring them down a notch for me.,2023-10-01,"{""Mic"": """", ""EQmodes"": """", ""DeepBass"": """", ""Foldable"": """", ""playtime"": """", ""ComfortFit"": """", ""Batterylife"": """", ""NoiseCancellation"": ""Decent, but can make sound seem muffled in noisy environments.""}"
394,17,Karen Taylor,2,I wanted to love these headphones but unfortunately they fell short. The Active Noise Cancellation didnt meet my expectations; I could still hear a lot of surrounding noise. Also the ear cups feel a bit cheap and dont provide the comfort I was looking for. For the price I expected better durability. They might suit someone who doesnt mind frequent adjustments.,2023-10-01,"{""Mic"": """", ""EQmodes"": """", ""DeepBass"": """", ""Foldable"": """", ""playtime"": """", ""ComfortFit"": ""The ear cups feel a bit cheap and don't provide the comfort I was looking for."", ""Batterylife"": """", ""NoiseCancellation"": ""The Active Noise Cancellation didn't meet my expectations; I could still hear a lot of surrounding noise.""}"
395,17,James Anderson,2,Not what I expected at all. While the sound quality is decent the build feels a little flimsy and after a couple of weeks I noticed the plastic components starting to wear down. The battery life claims are overstated; I find myself charging them more often than Id like. I wont buy these again.,2023-10-01,"{""Mic"": """", ""EQmodes"": """", ""DeepBass"": """", ""Foldable"": """", ""playtime"": """", ""ComfortFit"": """", ""Batterylife"": ""The battery life claims are overstated; I find myself charging them more often than I'd like."", ""NoiseCancellation"": """"}"
396,17,Linda White,1,Complete disappointment. They stopped working after only a month of use. The sound quality was great initially but then they started cutting out mid-song. I tried reaching customer support but they were unhelpful and slow to respond. I wish I hadnt invested my money in these headphones.,2023-10-01,"{""Mic"": ""Not mentioned"", ""EQmodes"": ""Not mentioned"", ""DeepBass"": ""Not mentioned"", ""Foldable"": ""Not mentioned"", ""playtime"": ""Not mentioned"", ""ComfortFit"": ""Not mentioned"", ""Batterylife"": ""Not mentioned"", ""NoiseCancellation"": ""Not mentioned""}"
397,17,Robert Clark,1,I was really excited about these headphones but they did not live up to the hype. The ANC feature barely works and the sound quality has been inconsistent from day one. Im also not a fan of how heavy they felt after a short period of use. Total letdown wouldnt recommend to anyone.,2023-10-01,"{""Mic"": ""Not mentioned"", ""EQmodes"": ""Not mentioned"", ""DeepBass"": ""Not mentioned"", ""Foldable"": ""Not mentioned"", ""playtime"": ""Not mentioned"", ""ComfortFit"": ""Heavy after short use"", ""Batterylife"": ""Not mentioned"", ""NoiseCancellation"": ""Barely works""}"
456,19,Oliver Hall,4,The Nexvo WH-CH720N headphones tick most boxes for me – the sound is vibrant and they are lightweight. However the touch sensors are a bit too sensitive which can lead to accidental skips in music. Nevertheless they are effective for both work and leisure and Id recommend them as they are quite stylish and modern.,2023-10-01,"{""Mic"": """", ""EQmodes"": """", ""DeepBass"": """", ""Foldable"": """", ""playtime"": """", ""ComfortFit"": """", ""Batterylife"": """", ""NoiseCancellation"": """"}"
398,17,Nancy Hernandez,5,Absolutely love these headphones! They were so easy to set up and the sound is out of this world. Ive tried many brands but the clarity and bass response on these is unmatched. Theyre also so comfortable that I can wear them all day while working or during my workouts. Couldnt be happier!,2023-10-01,"{""Mic"": """", ""EQmodes"": """", ""DeepBass"": ""the clarity and bass response on these is unmatched."", ""Foldable"": """", ""playtime"": """", ""ComfortFit"": ""They're also so comfortable that I can wear them all day while working or during my workouts."", ""Batterylife"": """", ""NoiseCancellation"": """"}"
399,17,Philip Scott,4,Happy with my purchase overall! The sound quality is great and the battery life is impressive. I love that I can wear them for long stretches without discomfort. They performed well with calls too. My only complaint would be that they cant connect to two devices simultaneously which can be a hassle at times.,2023-10-01,"{""Mic"": ""Performed well with calls"", ""EQmodes"": ""Not mentioned"", ""DeepBass"": ""Not mentioned"", ""Foldable"": ""Not mentioned"", ""playtime"": ""Not mentioned"", ""ComfortFit"": ""I can wear them for long stretches without discomfort"", ""Batterylife"": ""impressive"", ""NoiseCancellation"": ""Not mentioned""}"
400,17,Sophia Rodriguez,3,Good headphones but theres room for improvement. The noise cancellation feature is functional but not as great as I was hoping. Sometimes it lets in sound from loud environments. They are comfortable though and sound quality-wise they deliver what Id expect at this price range. I might look for alternatives next time.,2023-10-01,"{""Mic"": ""Not mentioned"", ""EQmodes"": ""Not mentioned"", ""DeepBass"": ""Not mentioned"", ""Foldable"": ""Not mentioned"", ""playtime"": ""Not mentioned"", ""ComfortFit"": ""Comfortable"", ""Batterylife"": ""Not mentioned"", ""NoiseCancellation"": ""Functional but not great""}"
401,17,Daniel Hall,2,For the price I expected more out of these headphones. The sound quality is decent but the ANC is not very effective at all. I also noticed the ear cups feel a little too tight after wearing them for an extended period. Ill be exploring other options before I consider repurchasing.,2023-10-01,"{""Mic"": ""Not mentioned"", ""EQmodes"": ""Not mentioned"", ""DeepBass"": ""Not mentioned"", ""Foldable"": ""Not mentioned"", ""playtime"": ""Not mentioned"", ""ComfortFit"": ""The ear cups feel a little too tight after extended wear"", ""Batterylife"": ""Not mentioned"", ""NoiseCancellation"": ""The ANC is not very effective""}"
402,17,Linda Young,5,These headphones changed the game for me! The sound quality is phenomenal and the ANC feature has made my daily commute so much more enjoyable. I cant believe I went without these for so long. The comfort is outstanding too especially with long Zoom calls. Highly recommended!,2023-10-01,"{""Mic"": ""Not mentioned"", ""EQmodes"": ""Not mentioned"", ""DeepBass"": ""Not mentioned"", ""Foldable"": ""Not mentioned"", ""playtime"": ""Not mentioned"", ""ComfortFit"": ""The comfort is outstanding"", ""Batterylife"": ""Not mentioned"", ""NoiseCancellation"": ""The ANC feature is mentioned""}"
403,17,Tom Baker,4,Great experience overall with these headphones! The build quality is nice and solid and I particularly love the battery life—62 hours is no joke! I did notice that sometimes the ANC would pick up on wind noise while walking but thats a minor issue. Definitely a good buy for long listening sessions.,2023-10-01,"{""Mic"": ""Not mentioned"", ""EQmodes"": ""Not mentioned"", ""DeepBass"": ""Not mentioned"", ""Foldable"": ""Not mentioned"", ""playtime"": ""62 hours"", ""ComfortFit"": ""Not mentioned"", ""Batterylife"": ""62 hours"", ""NoiseCancellation"": ""Active Noise Cancellation (ANC) is mentioned, with a note about wind noise.""}"
404,17,Jessica Adams,3,These headphones are a mixed bag for me. I love the sound and the battery life but the comfort is lacking; the ear cups while cushy at first become uncomfortable after hours of wear. The noise cancellation works well enough for casual use but I expected more for my money. Theyre decent but I might explore other options next time.,2023-10-01,"{""Mic"": ""Not mentioned."", ""EQmodes"": ""Not mentioned."", ""DeepBass"": ""Not mentioned."", ""Foldable"": ""Not mentioned."", ""playtime"": ""Not mentioned."", ""ComfortFit"": ""The comfort is lacking; ear cups become uncomfortable after hours of wear."", ""Batterylife"": ""The battery life is loved by the user."", ""NoiseCancellation"": ""The noise cancellation works well enough for casual use, but the user expected more.""}"
405,17,Albert Diaz,2,Not the quality I was hoping for. While the sound can be good the noise cancellation doesnt work well in busy settings. Ive had some issues with the Bluetooth connection dropping intermittently which is frustrating. I wanted something reliable but Im not sure Ill stick with this brand.,2023-10-01,"{""Mic"": """", ""EQmodes"": """", ""DeepBass"": """", ""Foldable"": """", ""playtime"": """", ""ComfortFit"": """", ""Batterylife"": """", ""NoiseCancellation"": ""doesn't work well in busy settings""}"
406,17,Chloe King,5,Amazing headphones! The noise cancellation is top-notch blocking out all the chatter around me during my commute. The sound quality is incredible; I can finally enjoy music the way its meant to be heard. Theyre also incredibly comfortable—I often forget Im wearing them! I would happily recommend these to anyone!,2023-10-01,"{""Mic"": ""Not mentioned"", ""EQmodes"": ""Not mentioned"", ""DeepBass"": ""Not mentioned"", ""Foldable"": ""Not mentioned"", ""playtime"": ""Not mentioned"", ""ComfortFit"": ""Yes"", ""Batterylife"": ""Not mentioned"", ""NoiseCancellation"": ""Yes""}"
407,17,Steven Miller,5,These headphones are fantastic! Right out of the box they felt premium. The sound quality blew me away especially the bass response! Ive also enjoyed having such long battery life; I dont have to worry about frequent charging. Use them for gaming and music and they excel at both! Truly worth the investment.,2023-10-01,"{""Mic"": ""not mentioned"", ""EQmodes"": ""not mentioned"", ""DeepBass"": ""excellent bass response"", ""Foldable"": ""not mentioned"", ""playtime"": ""not mentioned"", ""ComfortFit"": ""premium feel"", ""Batterylife"": ""long battery life"", ""NoiseCancellation"": ""not mentioned""}"
408,17,Madison Evans,4,I really like these headphones. They look great and have solid battery life. The ANC feature is helpful but it doesnt block all sounds especially high-pitched ones. Still they sound fantastic and I appreciate that they are lightweight for prolonged use at my desk. Just a couple of tweaks would make them perfect!,2023-10-01,"{""Mic"": ""not mentioned"", ""EQmodes"": ""not mentioned"", ""DeepBass"": ""not mentioned"", ""Foldable"": ""not mentioned"", ""playtime"": ""not mentioned"", ""ComfortFit"": ""lightweight for prolonged use"", ""Batterylife"": ""solid"", ""NoiseCancellation"": ""helpful, but doesn't block all sounds""}"
409,17,Austin Green,3,Im on the fence about these headphones. The sound quality is great with a rich bass and theyre fairly comfortable for use. However the noise cancellation isnt as effective as I hoped and theres been connectivity issues with my laptop. They work well overall but I feel there might be better options for the price.,2023-10-01,"{""Mic"": ""Not mentioned"", ""EQmodes"": ""Not mentioned"", ""DeepBass"": ""Rich bass"", ""Foldable"": ""Not mentioned"", ""playtime"": ""Not mentioned"", ""ComfortFit"": ""Fairly comfortable for use"", ""Batterylife"": ""Not mentioned"", ""NoiseCancellation"": ""Not as effective as hoped""}"
410,17,Nancy Carter,2,Not overly impressed with these headphones. They sounded great at first but the ANC quit working after a few uses which was my main reason for the purchase. They also feel a bit flimsy. I wish I could love this product but given my expectations its falling short.,2023-10-01,"{""Mic"": ""Not mentioned"", ""EQmodes"": ""Not mentioned"", ""DeepBass"": ""Not mentioned"", ""Foldable"": ""Not mentioned"", ""playtime"": ""Not mentioned"", ""ComfortFit"": ""Not mentioned"", ""Batterylife"": ""Not mentioned"", ""NoiseCancellation"": ""ANC quit working after a few uses""}"
411,18,Emily Johnson,5,I am beyond impressed with the Auron headphones! The Active Noise Cancellation feature is simply amazing; it really blocks out all the background noise making my commuting experience so much more enjoyable. The sound quality is top-notch – the bass is deep yet clear and I can truly appreciate the highs and lows in my favorite songs. They are super comfortable too perfect for my long listening sessions. I highly recommend these to anyone looking for an immersive audio experience!,2023-10-01,"{""Mic"": ""Not mentioned"", ""EQmodes"": ""Not mentioned"", ""DeepBass"": ""Deep yet clear"", ""Foldable"": ""Not mentioned"", ""playtime"": ""Not mentioned"", ""ComfortFit"": ""Super comfortable, perfect for long listening sessions"", ""Batterylife"": ""Not mentioned"", ""NoiseCancellation"": ""Active Noise Cancellation feature is amazing, blocks out background noise""}"
412,18,Michael Chen,5,These headphones have changed the way I listen to music! The battery life is incredible; I never have to worry about recharging them during the week. The comfort level is outstanding with the memory foam ear cups and I appreciate how lightweight they feel. I can wear them for hours without any discomfort. Plus the voice clarity during calls is crystal clear. The Auron headphones are definitely worth every penny!,2023-10-01,"{""Mic"": ""voice clarity during calls is crystal clear"", ""EQmodes"": ""Not mentioned"", ""DeepBass"": ""Not mentioned"", ""Foldable"": ""Not mentioned"", ""playtime"": ""Not mentioned"", ""ComfortFit"": ""outstanding with the memory foam ear cups, and lightweight"", ""Batterylife"": ""incredible; I never have to worry about recharging them during the week"", ""NoiseCancellation"": ""Not mentioned""}"
413,18,Sarah Parker,4,I really enjoy my Auron headphones! The noise cancellation works excellently when Im on public transport. I did notice a slightly lesser sound quality in wired mode which was a bit disappointing. However in wireless mode the sound is fantastic! They fit snugly and I can wear them for hours. Just a few minor issues here and there; overall Im very satisfied with my purchase.,2023-10-01,"{""Mic"": ""Not mentioned"", ""EQmodes"": ""Not mentioned"", ""DeepBass"": ""Not mentioned"", ""Foldable"": ""Not mentioned"", ""playtime"": ""Not mentioned"", ""ComfortFit"": ""They fit snugly, and I can wear them for hours."", ""Batterylife"": ""Not mentioned"", ""NoiseCancellation"": ""The noise cancellation works excellently when on public transport.""}"
414,18,David Evans,4,Great headphones overall! The design is sleek and modern which I love. They are easy to use with intuitive controls. The only downside I found is that the ANC feature doesnt activate when using the wired mode. Other than that the battery life is impressive and I havent experienced any issues with connectivity. A solid pick for the price!,2023-10-01,"{""Mic"": ""Not mentioned"", ""EQmodes"": ""Not mentioned"", ""DeepBass"": ""Not mentioned"", ""Foldable"": ""Not mentioned"", ""playtime"": ""Not mentioned"", ""ComfortFit"": ""Not mentioned"", ""Batterylife"": ""impressive"", ""NoiseCancellation"": ""ANC feature doesn't activate when using the wired mode""}"
415,18,Jessica Green,3,Decent headphones but not without flaws. While the noise cancellation does its job I found that the sound quality isnt as rich as I hoped especially at higher volumes. Theyre comfortable but my ears can get a bit warm after long use. I think there are better options available in this price range that offer more for the same amount.,2023-10-01,"{""Mic"": ""Not mentioned"", ""EQmodes"": ""Not mentioned"", ""DeepBass"": ""Not mentioned"", ""Foldable"": ""Not mentioned"", ""playtime"": ""Not mentioned"", ""ComfortFit"": ""Comfortable, but ears can get warm after long use"", ""Batterylife"": ""Not mentioned"", ""NoiseCancellation"": ""Does its job""}"
416,18,Carlos Rodriguez,3,These headphones have a lot going for them – great sound and decent battery life but I expected a bit more from the ANC. It works but not as well as some other brands Ive tried. I do like the build quality though and they look really sleek. If youre not a heavy user these could be a good option but I wish they were more competitive with sound isolation.,2023-10-01,"{""Mic"": ""not mentioned"", ""EQmodes"": ""not mentioned"", ""DeepBass"": ""not mentioned"", ""Foldable"": ""not mentioned"", ""playtime"": ""not mentioned"", ""ComfortFit"": ""not mentioned"", ""Batterylife"": ""decent"", ""NoiseCancellation"": ""works, but not as well as some other brands""}"
417,18,Rachel Adams,2,I wanted to love these headphones but they fell short for me. The ANC feature just didnt perform as I expected; I still hear quite a bit of background noise. Additionally the controls can be a bit finicky at times. They are comfortable but I found the sound quality to be below average overall. I wouldnt recommend them for serious audiophiles.,2023-10-01,"{""Mic"": """", ""EQmodes"": """", ""DeepBass"": """", ""Foldable"": """", ""playtime"": """", ""ComfortFit"": ""Comfortable"", ""Batterylife"": """", ""NoiseCancellation"": ""ANC feature didn't perform as expected""}"
418,18,Thomas White,2,Ive had a frustrating experience with the Auron headphones. The ear cups are nice and soft but the sound quality is mediocre. The ANC feature is also quite weak; it doesnt block out as much noise as advertised. Ive reached out to customer support regarding this but they were not very helpful. Definitely wont buy again.,2023-10-01,"{""Mic"": """", ""EQmodes"": """", ""DeepBass"": """", ""Foldable"": """", ""playtime"": """", ""ComfortFit"": ""The ear cups are nice and soft."", ""Batterylife"": """", ""NoiseCancellation"": ""The ANC feature is also quite weak; it doesn't block out as much noise as advertised.""}"
419,18,Linda Smith,1,Completely disappointed with these headphones! They stopped working after just a few weeks and I followed all the care instructions. Customer service was a complete nightmare and was not helpful at all when I tried to sort out the issue. I cant believe I invested in these; they definitely do not live up to the hype.,2023-10-01,"{""Mic"": """", ""EQmodes"": """", ""DeepBass"": """", ""Foldable"": """", ""playtime"": """", ""ComfortFit"": """", ""Batterylife"": """", ""NoiseCancellation"": """"}"
420,18,Brian Miller,1,Terrible experience from day one. The sound quality was subpar and the ANC feature was practically non-existent. I tried connecting them to multiple devices but they frequently lost connection during use. The worst part was the lack of proper support when I reached out for help. I regret purchasing these headphones completely.,2023-10-01,"{""Mic"": ""Not mentioned"", ""EQmodes"": ""Not mentioned"", ""DeepBass"": ""Not mentioned"", ""Foldable"": ""Not mentioned"", ""playtime"": ""Not mentioned"", ""ComfortFit"": ""Not mentioned"", ""Batterylife"": ""Not mentioned"", ""NoiseCancellation"": ""Practically non-existent""}"
573,24,Yara Wright,1,Terrible product! It stopped working completely after a couple of weeks and the customer service experience was frustrating. I was looking forward to using its health features but it turned out to be a dud. Definitely do not recommend this smartwatch to anyone!,2023-10-01,"{""Mic"": """", ""EQmodes"": """", ""DeepBass"": """", ""Foldable"": """", ""playtime"": """", ""ComfortFit"": """", ""Batterylife"": """", ""NoiseCancellation"": """"}"
421,18,Sophia Brown,5,Absolutely love my Auron headphones! The memory foam ear cups are a dream and I can wear them all day without discomfort. The ANC feature is amazing for blocking out distractions especially when Im working from home. Coupled with the impressive battery life I can listen to music for hours without any interruptions. Highly recommend for anyone needing quality over-ear headphones!,2023-10-01,"{""Mic"": ""Not mentioned"", ""EQmodes"": ""Not mentioned"", ""DeepBass"": ""Not mentioned"", ""Foldable"": ""Not mentioned"", ""playtime"": ""listen to music for hours"", ""ComfortFit"": ""memory foam ear cups are a dream, and I can wear them all day without discomfort"", ""Batterylife"": ""impressive battery life"", ""NoiseCancellation"": ""amazing for blocking out distractions""}"
422,18,Jason Clark,5,These headphones are fantastic! I use them daily for work calls and the built-in microphone provides crystal-clear audio. The sound quality is unbelievable and the bass really hits you! Plus the design looks really sleek and modern. The setup was a breeze too. If youre looking for a new pair of headphones these are the ones to get!,2023-10-01,"{""Mic"": ""Yes, built-in microphone with crystal-clear audio"", ""EQmodes"": ""Not mentioned"", ""DeepBass"": ""Yes, the bass is described as really hitting you"", ""Foldable"": ""Not mentioned"", ""playtime"": ""Not mentioned"", ""ComfortFit"": ""Not mentioned"", ""Batterylife"": ""Not mentioned"", ""NoiseCancellation"": ""Not mentioned""}"
423,18,Megan Parker,4,Auron headphones have exceeded my expectations! The sound quality is rich and immersive perfect for my audiophile needs. The only downside is the slight heaviness; they can get a bit uncomfortable after several hours of use. However the battery life makes up for it lasting me throughout my workday without needing to recharge. They are a decent value for the price.,2023-10-01,"{""Mic"": ""Not mentioned"", ""EQmodes"": ""Not mentioned"", ""DeepBass"": ""Rich and immersive sound quality"", ""Foldable"": ""Not mentioned"", ""playtime"": ""Not explicitly mentioned, but implied to last a workday"", ""ComfortFit"": ""Slightly heavy and can get uncomfortable after several hours"", ""Batterylife"": ""Lasts throughout a workday"", ""NoiseCancellation"": ""Not mentioned""}"
424,18,Matthew Lewis,3,I have mixed feelings about these headphones; they sound okay but the noise cancellation isnt as effective as I hoped. I sometimes struggle to get a good seal which affects their overall performance. They look good and feel well-built but theres definitely room for improvement in certain areas. Theyre usable but I expected a bit more.,2023-10-01,"{""Mic"": ""Not mentioned"", ""EQmodes"": ""Not mentioned"", ""DeepBass"": ""Not mentioned"", ""Foldable"": ""Not mentioned"", ""playtime"": ""Not mentioned"", ""ComfortFit"": ""Struggles to get a good seal"", ""Batterylife"": ""Not mentioned"", ""NoiseCancellation"": ""Not as effective as hoped""}"
425,18,Olivia Garcia,3,I like the look and feel of these headphones; they have a modern design and are lightweight. However I was quite underwhelmed by the battery life. It seemed good at first but it didnt last as long as Id expected. The sound quality is decent but nothing exceptional. I think I will keep them but I wouldnt buy them again.,2023-10-01,"{""Mic"": ""not mentioned"", ""EQmodes"": ""not mentioned"", ""DeepBass"": ""not mentioned"", ""Foldable"": ""not mentioned"", ""playtime"": ""not mentioned"", ""ComfortFit"": ""lightweight"", ""Batterylife"": ""underwhelming"", ""NoiseCancellation"": ""not mentioned""}"
426,18,Ethan King,2,Not very impressed with the Auron headphones. The ANC feature works but it doesnt block out enough noise for my liking. The sound is okay but Ive used better headphones in this price range. They are comfortable but I expected more features for the cost. I dont think they are worth the investment.,2023-10-01,"{""Mic"": ""Not mentioned"", ""EQmodes"": ""Not mentioned"", ""DeepBass"": ""Not mentioned"", ""Foldable"": ""Not mentioned"", ""playtime"": ""Not mentioned"", ""ComfortFit"": ""Comfortable"", ""Batterylife"": ""Not mentioned"", ""NoiseCancellation"": ""Works but doesn't block out enough noise""}"
427,18,Natalie Hart,2,Disappointing quality and performance overall. The ANC is not nearly as effective as advertised and I found the sound to be lacking depth. They are comfortable for short wears but once I hit the one-hour mark they start to feel heavy. I expected better considering the hype around them.,2023-10-01,"{""Mic"": ""Not mentioned"", ""EQmodes"": ""Not mentioned"", ""DeepBass"": ""Sound lacking depth"", ""Foldable"": ""Not mentioned"", ""playtime"": ""Not mentioned"", ""ComfortFit"": ""Comfortable for short wears, but heavy after one hour"", ""Batterylife"": ""Not mentioned"", ""NoiseCancellation"": ""ANC not effective as advertised""}"
428,18,Samuel Turner,1,I regret this purchase entirely. The headphones stopped working after only a few uses. Customer support was not helpful at all and seemed uninterested in resolving my issue. The built quality felt cheap too leading me to believe that they would break easily. Do yourself a favor and avoid these.,2023-10-01,"{""Mic"": """", ""EQmodes"": """", ""DeepBass"": """", ""Foldable"": """", ""playtime"": """", ""ComfortFit"": """", ""Batterylife"": """", ""NoiseCancellation"": """"}"
429,18,Chloe Scott,1,These headphones are awful! The build quality is subpar with weak materials that broke quickly. Sound quality is not good at all; the bass is underwhelming and calls sound muffled. I wish they had worked out better but they simply dont live up to any claims. Im so disappointed!,2023-10-01,"{""Mic"": ""Calls sound muffled"", ""EQmodes"": ""Not mentioned"", ""DeepBass"": ""Underwhelming"", ""Foldable"": ""Not mentioned"", ""playtime"": ""Not mentioned"", ""ComfortFit"": ""Not mentioned"", ""Batterylife"": ""Not mentioned"", ""NoiseCancellation"": ""Not mentioned""}"
430,18,Daniel Nguyen,5,Incredible headphones! The Active Noise Cancellation truly isolates from the environment and I love the Hi-Fi sound quality. I listen to a variety of genres and the headphones handle everything beautifully! They are comfortable enough for long listening sessions which is a big plus for me. Im so thrilled with my purchase that I recommended them to family and friends!,2023-10-01,"{""Mic"": ""Not mentioned"", ""EQmodes"": ""Not mentioned"", ""DeepBass"": ""Not mentioned"", ""Foldable"": ""Not mentioned"", ""playtime"": ""Not mentioned"", ""ComfortFit"": ""Comfortable for long listening sessions"", ""Batterylife"": ""Not mentioned"", ""NoiseCancellation"": ""Active Noise Cancellation""}"
431,18,Isabella Wright,5,These Auron headphones are a game changer! The battery life lasts forever allowing me to use them throughout my workday without worrying about running out of charge. Plus the sound quality is phenomenal with powerful bass that truly enhances the listening experience. Theyre also lightweight and comfortable making them perfect for my long gaming sessions!,2023-10-01,"{""Mic"": ""Not mentioned."", ""EQmodes"": ""Not mentioned."", ""DeepBass"": ""Powerful bass that enhances the listening experience."", ""Foldable"": ""Not mentioned."", ""playtime"": ""Not explicitly mentioned, but implied to last throughout a workday."", ""ComfortFit"": ""Lightweight and comfortable, suitable for long gaming sessions."", ""Batterylife"": ""The battery life lasts forever, allowing use throughout a workday."", ""NoiseCancellation"": ""Not mentioned.""}"
1097,47,Rachel Adams,1,I had high hopes for this tablet but it was a complete letdown. After just two weeks it stopped charging. I reached out to customer support and they were slow to respond and not helpful at all. I cant recommend the Nexvo C5 after this experience. Very disappointing!,2023-10-01,"{""Mic"": """", ""EQmodes"": """", ""DeepBass"": """", ""Foldable"": """", ""playtime"": """", ""ComfortFit"": """", ""Batterylife"": """", ""NoiseCancellation"": """"}"
432,18,Nathan Hill,4,Im really enjoying my Auron headphones! They have excellent battery life and I love how quickly they connect via Bluetooth. The only issue Ive faced is that they dont fully cancel out higher frequencies which can be distracting sometimes. But overall the comfort and sound quality make them worth the investment!,2023-10-01,"{""Mic"": ""not mentioned"", ""EQmodes"": ""not mentioned"", ""DeepBass"": ""not mentioned"", ""Foldable"": ""not mentioned"", ""playtime"": ""not mentioned"", ""ComfortFit"": ""comfortable"", ""Batterylife"": ""excellent"", ""NoiseCancellation"": ""partial (does not fully cancel out higher frequencies)""}"
433,18,Ella Lewis,4,Great headphones! The design is sleek and they feel premium from the moment you unbox them. The sound quality is excellent; however the noise cancellation could be better for extreme environments. Other than that the battery life is incredible easily lasting through my long days at work. Definitely a good purchase!,2023-10-01,"{""Mic"": ""not mentioned"", ""EQmodes"": ""not mentioned"", ""DeepBass"": ""not mentioned"", ""Foldable"": ""not mentioned"", ""playtime"": ""not mentioned"", ""ComfortFit"": ""sleek design, premium feel"", ""Batterylife"": ""incredible, easily lasting through long days at work"", ""NoiseCancellation"": ""could be better for extreme environments""}"
434,19,Emily Johnson,5,I am absolutely in love with my Nexvo WH-CH720N headphones! The sound quality is unparalleled and the noise cancellation feature truly immerses me in my music. I wear them for hours during my daily commutes and the comfort is just incredible. The design is sleek and lightweight making them easy to carry around. I highly recommend these to anyone looking for top-notch audio experience!,2023-10-01,"{""Mic"": ""Not mentioned"", ""EQmodes"": ""Not mentioned"", ""DeepBass"": ""Not mentioned"", ""Foldable"": ""Not mentioned"", ""playtime"": ""Not mentioned"", ""ComfortFit"": ""The comfort is incredible"", ""Batterylife"": ""Not mentioned"", ""NoiseCancellation"": ""The noise cancellation feature truly immerses the user in music""}"
435,19,Carlos Martinez,5,These headphones have changed my listening experience! The battery life is impressive lasting me a week with daily use and quick charging is a game changer. The sound is crystal clear making even the smallest details in my favorite songs shine. Perfect for my long days at work where I need to drown out distractions. I couldnt be happier!,2023-10-01,"{""Mic"": ""Not mentioned"", ""EQmodes"": ""Not mentioned"", ""DeepBass"": ""Not mentioned"", ""Foldable"": ""Not mentioned"", ""playtime"": ""lasting a week with daily use"", ""ComfortFit"": ""Not mentioned"", ""Batterylife"": ""lasting a week with daily use"", ""NoiseCancellation"": ""Yes, implied by 'drown out distractions'""}"
436,19,Samantha Brown,4,Overall the Nexvo WH-CH720N headphones are great! The build quality feels durable and they are incredibly lightweight. I did notice some discomfort after wearing them for several hours but that might just be me. The performance in terms of noise cancellation is fantastic! Just a few minor concerns keep me from giving them a perfect score. Definitely worth trying out!,2023-10-01,"{""Mic"": ""Not mentioned"", ""EQmodes"": ""Not mentioned"", ""DeepBass"": ""Not mentioned"", ""Foldable"": ""Not mentioned"", ""playtime"": ""Not mentioned"", ""ComfortFit"": ""Some discomfort after several hours"", ""Batterylife"": ""Not mentioned"", ""NoiseCancellation"": ""Fantastic""}"
437,19,Michael Green,3,The headphones are pretty decent but I had some mixed feelings. The sound quality is great but the setup was a bit tricky for a first-time user like me. Once I got the hang of it they performed well but the lack of a water-resistant feature makes me hesitant to use them outdoors. I think there are better options for those who like versatility.,2023-10-01,"{""Mic"": """", ""EQmodes"": """", ""DeepBass"": """", ""Foldable"": """", ""playtime"": """", ""ComfortFit"": """", ""Batterylife"": """", ""NoiseCancellation"": """"}"
438,19,Laura White,2,I was excited to try these headphones but unfortunately they didnt live up to my expectations. The noise cancellation wasnt as effective as I had hoped and I found the ear cushions to be a bit uncomfortable after extended use. Additionally the Bluetooth connectivity was spotty at times. I think they could be improved significantly to enhance user experience.,2023-10-01,"{""Mic"": ""Not mentioned"", ""EQmodes"": ""Not mentioned"", ""DeepBass"": ""Not mentioned"", ""Foldable"": ""Not mentioned"", ""playtime"": ""Not mentioned"", ""ComfortFit"": ""Ear cushions were uncomfortable after extended use"", ""Batterylife"": ""Not mentioned"", ""NoiseCancellation"": ""Noise cancellation wasn't as effective as hoped""}"
439,19,James Black,1,I had high hopes for the Nexvo WH-CH720N but I was ultimately disappointed. They stopped working properly after just a month and customer support was unresponsive when I reached out for help. Theyre not worth the price for me especially since I read reviews that mentioned similar issues. I wouldnt recommend them to anyone.,2023-10-01,"{""Mic"": """", ""EQmodes"": """", ""DeepBass"": """", ""Foldable"": """", ""playtime"": """", ""ComfortFit"": """", ""Batterylife"": """", ""NoiseCancellation"": """"}"
440,19,Sophia Davis,4,These headphones offer fantastic sound quality and effective noise cancellation. I enjoy using them during my workout sessions as they stay securely in place. The only downside is that the touch controls can be a bit erratic sometimes. Still the battery life is phenomenal and overall Im really pleased with my purchase. A solid choice!,2023-10-01,"{""Mic"": ""Not mentioned"", ""EQmodes"": ""Not mentioned"", ""DeepBass"": ""Not mentioned"", ""Foldable"": ""Not mentioned"", ""playtime"": ""Not mentioned"", ""ComfortFit"": ""stay securely in place"", ""Batterylife"": ""phenomenal"", ""NoiseCancellation"": ""effective""}"
441,19,David Anderson,5,Ive tried a variety of wireless headphones but the Nexvo WH-CH720N stands out for its fantastic audio quality and comfort. I love the customizable sound features; they really allow me to tailor my listening experience depending on my environment. The packaging was also impressive – it felt very premium. Highly recommended for anyone serious about their audio!,2023-10-01,"{""Mic"": """", ""EQmodes"": ""Yes"", ""DeepBass"": """", ""Foldable"": """", ""playtime"": """", ""ComfortFit"": ""Yes"", ""Batterylife"": """", ""NoiseCancellation"": """"}"
442,19,Isabella Scott,3,These headphones hit the mark in some areas like sound clarity and the sleek design but I did face some frustrations with setup. I felt the instructions could have been clearer; it took me longer than expected to get them working. Theyre okay for the price but I think I might explore other options if I were to buy again.,2023-10-01,"{""Mic"": """", ""EQmodes"": """", ""DeepBass"": """", ""Foldable"": """", ""playtime"": """", ""ComfortFit"": """", ""Batterylife"": """", ""NoiseCancellation"": """"}"
443,19,Ethan King,2,The Nexvo WH-CH720N has some nice features but overall it was a letdown for me. While the audio quality is decent the headphones dont feel as durable as I hoped. I faced issues with connectivity to my devices – it constantly dropped the connection. Overall it seems like a good concept but the execution was lacking.,2023-10-01,"{""Mic"": """", ""EQmodes"": """", ""DeepBass"": """", ""Foldable"": """", ""playtime"": """", ""ComfortFit"": """", ""Batterylife"": """", ""NoiseCancellation"": """"}"
444,19,Madison Clark,1,I was very disappointed with my purchase. The sound quality was subpar and far below my expectations based on the description. They also felt uncomfortable after short periods of use. Customer support was not helpful when I had issues. I sincerely regret choosing these headphones and would not recommend them.,2023-10-01,"{""Mic"": ""Not mentioned"", ""EQmodes"": ""Not mentioned"", ""DeepBass"": ""Not mentioned"", ""Foldable"": ""Not mentioned"", ""playtime"": ""Not mentioned"", ""ComfortFit"": ""Uncomfortable after short periods of use"", ""Batterylife"": ""Not mentioned"", ""NoiseCancellation"": ""Not mentioned""}"
445,19,Liam Rodriguez,5,These headphones are phenomenal! The lightweight design made me forget I was even wearing them. Not only is the sound fantastic but the noise cancellation is something I appreciate during my daily commute. Ive had them for a couple of months now and the battery life is still going strong. Truly a must-have for music lovers!,2023-10-01,"{""Mic"": ""Not mentioned."", ""EQmodes"": ""Not mentioned."", ""DeepBass"": ""Not mentioned."", ""Foldable"": ""Not mentioned."", ""playtime"": ""Not mentioned."", ""ComfortFit"": ""Lightweight design made the user forget they were wearing them."", ""Batterylife"": ""Battery life is still going strong after a couple of months."", ""NoiseCancellation"": ""Noise cancellation is appreciated during daily commute.""}"
446,19,Ava Lewis,4,Im impressed with the Nexvo WH-CH720N! The noise cancellation works really well when Im on the bus and the audio quality is excellent. However I wish they had more color options. Regardless they are quite comfortable for long listening sessions and the Bluetooth connectivity has been steady. Definitely a recommended buy!,2023-10-01,"{""Mic"": ""Not mentioned"", ""EQmodes"": ""Not mentioned"", ""DeepBass"": ""Not mentioned"", ""Foldable"": ""Not mentioned"", ""playtime"": ""Not mentioned"", ""ComfortFit"": ""Comfortable for long listening sessions"", ""Batterylife"": ""Not mentioned"", ""NoiseCancellation"": ""Works really well""}"
447,19,Benjamin Harris,3,These headphones are okay. The sound quality is pretty good but I find that the noise cancellation doesnt block out all background noise. I also wish they were a bit more comfortable for prolonged use. Overall they work but dont exceed expectations. There are definitely some areas for improvement.,2023-10-01,"{""Mic"": ""Not mentioned"", ""EQmodes"": ""Not mentioned"", ""DeepBass"": ""Not mentioned"", ""Foldable"": ""Not mentioned"", ""playtime"": ""Not mentioned"", ""ComfortFit"": ""Not very comfortable for prolonged use"", ""Batterylife"": ""Not mentioned"", ""NoiseCancellation"": ""Doesn't block out all background noise""}"
448,19,Charlotte Green,2,I had high hopes for these headphones but Ive faced multiple issues. While the design is sleek functionality is where they fall short. They are not very user-friendly especially when trying to connect to devices. After a few weeks the sound quality started to decrease. They dont seem to be reliable for long-term use.,2023-10-01,"{""Mic"": ""Not mentioned"", ""EQmodes"": ""Not mentioned"", ""DeepBass"": ""Not mentioned"", ""Foldable"": ""Not mentioned"", ""playtime"": ""Not mentioned"", ""ComfortFit"": ""Not mentioned"", ""Batterylife"": ""Not mentioned"", ""NoiseCancellation"": ""Not mentioned""}"
449,19,Henry Nelson,1,Abysmal experience! The Nexvo WH-CH720N broke after only two weeks of light use. Customer support was a nightmare; I felt like I was talking to a wall. I really wanted to enjoy them considering the features looked great on paper but in reality they were a huge waste of money. Stay away from this product!,2023-10-01,"{""Mic"": """", ""EQmodes"": """", ""DeepBass"": """", ""Foldable"": """", ""playtime"": """", ""ComfortFit"": """", ""Batterylife"": """", ""NoiseCancellation"": """"}"
450,19,Amelia Wright,5,Absolutely love my Nexvo WH-CH720N headphones! The clarity of sound is simply amazing and the noise cancellation feature required very little adjustment. They feel very well-made and comfortable for all-day wear. Ive used them both at home and on the go and they never disappoint. Highly recommend!,2023-10-01,"{""Mic"": ""Not mentioned"", ""EQmodes"": ""Not mentioned"", ""DeepBass"": ""Not mentioned"", ""Foldable"": ""Not mentioned"", ""playtime"": ""Not mentioned"", ""ComfortFit"": ""Comfortable for all-day wear"", ""Batterylife"": ""Not mentioned"", ""NoiseCancellation"": ""Noise cancellation feature required very little adjustment""}"
451,19,Mason Evans,4,These headphones are great value for money! The sound quality is impressive and the battery life seems never-ending! My only minor complaint is that the touch controls can be a bit finicky. Overall Im very satisfied and would suggest these to anyone looking for comfortable quality headphones.,2023-10-01,"{""Mic"": ""Not mentioned"", ""EQmodes"": ""Not mentioned"", ""DeepBass"": ""Not mentioned"", ""Foldable"": ""Not mentioned"", ""playtime"": ""Not mentioned"", ""ComfortFit"": ""comfortable"", ""Batterylife"": ""seems never-ending"", ""NoiseCancellation"": ""Not mentioned""}"
452,19,Sofia Ramirez,3,The Nexvo WH-CH720N headphones are decent overall. The sound is quite good but I did notice the comfort level can fade after long periods of use. Its frustrating that they dont include a hard case for storage especially with the pricing. A mixed experience for sure as they perform well but can be uncomfortable.,2023-10-01,"{""Mic"": """", ""EQmodes"": """", ""DeepBass"": """", ""Foldable"": """", ""playtime"": """", ""ComfortFit"": ""Comfort level can fade after long periods of use."", ""Batterylife"": """", ""NoiseCancellation"": """"}"
453,19,Evelyn Turner,2,I expected more from the Nexvo WH-CH720N. The battery life is decent but the headphones feel cheap and not very durable. Sometimes they disconnect unexpectedly from my phone which is frustrating during calls. I wish I had opted for a different model instead since Im not fully satisfied with this one.,2023-10-01,"{""Mic"": ""disconnects unexpectedly during calls"", ""EQmodes"": ""not mentioned"", ""DeepBass"": ""not mentioned"", ""Foldable"": ""not mentioned"", ""playtime"": ""not mentioned"", ""ComfortFit"": ""not very durable"", ""Batterylife"": ""decent"", ""NoiseCancellation"": ""not mentioned""}"
454,19,Daniel Martinez,1,Very underwhelming experience with these headphones. They started malfunctioning after less than a month of use. The noise cancellation is ineffective and the customer service offered no solutions when I reached out. I truly regret this purchase and would advise steering clear of these headphones.,2023-10-01,"{""Mic"": """", ""EQmodes"": """", ""DeepBass"": """", ""Foldable"": """", ""playtime"": """", ""ComfortFit"": """", ""Batterylife"": """", ""NoiseCancellation"": ""ineffective""}"
455,19,Scarlett Perez,5,I cant say enough good things about my Nexvo WH-CH720N headphones! They provide fantastic sound quality and the active noise cancellation is mesmerizing. Ive used them during my morning jogs and the comfort doesnt fade. Plus the quick charging feature is a lifesaver. If youre looking for wireless headphones these are a top pick!,2023-10-01,"{""Mic"": ""Not mentioned"", ""EQmodes"": ""Not mentioned"", ""DeepBass"": ""Not mentioned"", ""Foldable"": ""Not mentioned"", ""playtime"": ""Not mentioned"", ""ComfortFit"": ""Comfort doesn't fade"", ""Batterylife"": ""Not mentioned"", ""NoiseCancellation"": ""Active noise cancellation is mesmerizing""}"
574,24,Zachary Allen,4,A solid choice for anyone looking for a fitness tracker. The Nexvo offers a variety of useful features and very accurate fitness tracking. While I did have to fuss a bit with the app in the beginning it has been smooth sailing since then. I wholeheartedly recommend it to fitness enthusiasts!,2023-10-01,"{""Mic"": """", ""EQmodes"": """", ""DeepBass"": """", ""Foldable"": """", ""playtime"": """", ""ComfortFit"": """", ""Batterylife"": """", ""NoiseCancellation"": """"}"
457,20,Alice Johnson,5,I am absolutely in love with the Auron Hesh Evo headphones! The sound quality is crystal clear surpassing what I expected for headphones in this price range. The plush cushions are so comfortable that I can wear them for hours without feeling any discomfort. Plus the battery life is incredible; I can go several days without needing to recharge. The Auron Locator feature is a game changer too — Ive already misplaced them a couple of times but finding them is now so easy! Highly recommend for anyone looking for quality audio on the go.,2023-10-01,"{""Mic"": ""Not mentioned"", ""EQmodes"": ""Not mentioned"", ""DeepBass"": ""Not mentioned"", ""Foldable"": ""Not mentioned"", ""playtime"": ""Not mentioned"", ""ComfortFit"": ""plush cushions are so comfortable that I can wear them for hours without feeling any discomfort"", ""Batterylife"": ""several days without needing to recharge"", ""NoiseCancellation"": ""Not mentioned""}"
458,20,Michael Brown,5,These headphones are stellar! The audio performance is top-notch; I can hear details in my music that I never noticed before. The build quality feels robust and the design is sleek and modern. Setup was a breeze and connecting to my devices was completely seamless. With 38 hours of battery life I can use them all day without worrying about running out of juice. They are worth every penny!,2023-10-01,"{""Mic"": ""Not mentioned"", ""EQmodes"": ""Not mentioned"", ""DeepBass"": ""Not mentioned"", ""Foldable"": ""Not mentioned"", ""playtime"": ""38 hours"", ""ComfortFit"": ""Not mentioned"", ""Batterylife"": ""38 hours"", ""NoiseCancellation"": ""Not mentioned""}"
459,20,Emily Davis,4,Really good headphones overall but there are a couple of minor issues. The sound is excellent but I feel the bass could be a bit stronger for my taste. The design is really nice and they fit well without being too tight. I wish the controls were a little more responsive; sometimes I have to tap a few times to get it to register. But all in all theyre a solid buy for the price!,2023-10-01,"{""Mic"": """", ""EQmodes"": """", ""DeepBass"": ""The bass could be a bit stronger."", ""Foldable"": """", ""playtime"": """", ""ComfortFit"": ""They fit well without being too tight."", ""Batterylife"": """", ""NoiseCancellation"": """"}"
460,20,Christopher Wilson,4,Ive been using the Hesh Evo for a few weeks now and I am mostly impressed. The comfort level is outstanding with its soft cushions which makes them perfect for long listening sessions. The battery life really does last as advertised and I appreciate the quick charge feature. My only complaint is that I experienced a slight lag when watching videos which can be annoying. But for music and gaming they perform very well.,2023-10-01,"{""Mic"": ""Not mentioned."", ""EQmodes"": ""Not mentioned."", ""DeepBass"": ""Not mentioned."", ""Foldable"": ""Not mentioned."", ""playtime"": ""Not explicitly mentioned, but the battery life is described as lasting as advertised."", ""ComfortFit"": ""The comfort level is outstanding with its soft cushions."", ""Batterylife"": ""The battery life lasts as advertised."", ""NoiseCancellation"": ""Not mentioned.""}"
461,20,Sophia Martinez,3,These headphones are okay but not without faults. While the sound quality is impressive the build feels somewhat flimsy — Im not sure how well theyll hold up over time. The battery life is great but the controls are not intuitive at all. It took me a while to figure out how to adjust the volume which is frustrating. They do look nice though and the audio performance is good enough for casual use.,2023-10-01,"{""Mic"": ""Not mentioned"", ""EQmodes"": ""Not mentioned"", ""DeepBass"": ""Not mentioned"", ""Foldable"": ""Not mentioned"", ""playtime"": ""Not mentioned"", ""ComfortFit"": ""Not mentioned"", ""Batterylife"": ""great"", ""NoiseCancellation"": ""Not mentioned""}"
462,20,James Anderson,3,I like the Hesh Evo but I expected better performance given the hype. The audio sounds great for music but the noise isolation isnt as effective as I hoped. Theyre also a bit heavier than I anticipated which can be uncomfortable during longer use. On the positive side the battery life is commendable and the charging time is quick. If youre looking for decent headphones but with some compromises these will do just fine.,2023-10-01,"{""Mic"": ""not mentioned"", ""EQmodes"": ""not mentioned"", ""DeepBass"": ""not mentioned"", ""Foldable"": ""not mentioned"", ""playtime"": ""not mentioned"", ""ComfortFit"": ""a bit heavier than anticipated, which can be uncomfortable during longer use"", ""Batterylife"": ""commendable"", ""NoiseCancellation"": ""noise isolation isn't as effective as hoped""}"
463,20,Charlotte Thomas,2,Unfortunately my experience with the Hesh Evo has been disappointing. The sound quality is decent but the fit isnt very snug causing them to slip off my ears occasionally. I also found the range of connectivity to be quite limited; I had issues pairing with my laptop. The positives include good battery life and a decent charge time but I wouldnt recommend these for anyone looking for a reliable everyday headphone.,2023-10-01,"{""Mic"": ""not mentioned"", ""EQmodes"": ""not mentioned"", ""DeepBass"": ""not mentioned"", ""Foldable"": ""not mentioned"", ""playtime"": ""not mentioned"", ""ComfortFit"": ""not very snug"", ""Batterylife"": ""good"", ""NoiseCancellation"": ""not mentioned""}"
464,20,David Brown,2,I had high hopes for these headphones but they havent lived up to my expectations. While the audio is passable the build quality feels cheap and I noticed some wear and tear after just a few weeks. The controls are erratic and dont always respond as expected. On the bright side they are lightweight which helps with comfort but overall I am not satisfied with my purchase.,2023-10-01,"{""Mic"": ""Not mentioned"", ""EQmodes"": ""Not mentioned"", ""DeepBass"": ""Not mentioned"", ""Foldable"": ""Not mentioned"", ""playtime"": ""Not mentioned"", ""ComfortFit"": ""Lightweight, which helps with comfort"", ""Batterylife"": ""Not mentioned"", ""NoiseCancellation"": ""Not mentioned""}"
465,20,Olivia Jackson,1,I regret buying the Auron Hesh Evo. After just a month the left earcup stopped working entirely which is incredibly frustrating. Customer service was not helpful in resolving my issue. Additionally the sound quality was nothing to rave about; Ive had much better experiences with cheaper brands. I would caution anyone considering this product to look elsewhere.,2023-10-01,"{""Mic"": ""Not mentioned"", ""EQmodes"": ""Not mentioned"", ""DeepBass"": ""Not mentioned"", ""Foldable"": ""Not mentioned"", ""playtime"": ""Not mentioned"", ""ComfortFit"": ""Not mentioned"", ""Batterylife"": ""Not mentioned"", ""NoiseCancellation"": ""Not mentioned""}"
466,20,Daniel Garcia,1,Terrible headphones! They stopped charging after just a few days of use and customer support is a nightmare. Im really let down as I expected something much better based on the specs and reviews. The comfort was okay but that doesnt matter when they dont work. Save your money and avoid these!,2023-10-01,"{""Mic"": ""Not mentioned"", ""EQmodes"": ""Not mentioned"", ""DeepBass"": ""Not mentioned"", ""Foldable"": ""Not mentioned"", ""playtime"": ""Not mentioned"", ""ComfortFit"": ""Comfort was okay"", ""Batterylife"": ""Stopped charging after a few days"", ""NoiseCancellation"": ""Not mentioned""}"
505,22,Alice M.,5,This smartwatch exceeded all my expectations. The high-resolution display is vibrant and clear even in bright sunlight. I appreciate the customizable watch faces; Ive added personal photos which make it truly unique to me. Additionally it syncs flawlessly with my smartphone for calls and messages making it incredibly convenient. This is hands down the best smartwatch Ive owned!,2023-10-01,"{""Mic"": """", ""EQmodes"": """", ""DeepBass"": """", ""Foldable"": """", ""playtime"": """", ""ComfortFit"": """", ""Batterylife"": """", ""NoiseCancellation"": """"}"
467,20,Lily Nguyen,5,Absolutely love the Auron Hesh Evo! The sound quality is nothing short of amazing; I feel like Im hearing my favorite songs for the first time again. The design is sleek and the ear cushions are incredibly soft which makes them perfect for long movies or gaming sessions. Plus the tracking feature is super handy — I never have to worry about misplacing them. Highly recommend!,2023-10-01,"{""Mic"": """", ""EQmodes"": """", ""DeepBass"": """", ""Foldable"": """", ""playtime"": """", ""ComfortFit"": ""The ear cushions are incredibly soft, which makes them perfect for long movies or gaming sessions."", ""Batterylife"": """", ""NoiseCancellation"": """"}"
468,20,Robert Lee,4,Great headphones for the price! The sound is clear and rich really enjoy the music I feel immersed in. The only downside is that they can get a bit warm on the ears after a while. The battery life is brilliant though and they charge quickly. Overall Im quite satisfied and they definitely fulfill my needs for music and gaming.,2023-10-01,"{""Mic"": ""not mentioned"", ""EQmodes"": ""not mentioned"", ""DeepBass"": ""not mentioned"", ""Foldable"": ""not mentioned"", ""playtime"": ""not mentioned"", ""ComfortFit"": ""can get a bit warm on the ears after a while"", ""Batterylife"": ""brilliant"", ""NoiseCancellation"": ""not mentioned""}"
469,20,Amy Rodriguez,4,These headphones are quite good! The sound quality is crisp and for the price I think they offer a lot of value. Theyre also very comfortable even during long conference calls. I just wish the instructions for connecting to multiple devices were clearer because I had a bit of trouble with that. Still overall a solid product!,2023-10-01,"{""Mic"": ""Not mentioned"", ""EQmodes"": ""Not mentioned"", ""DeepBass"": ""Not mentioned"", ""Foldable"": ""Not mentioned"", ""playtime"": ""Not mentioned"", ""ComfortFit"": ""Yes, they are very comfortable"", ""Batterylife"": ""Not mentioned"", ""NoiseCancellation"": ""Not mentioned""}"
470,20,Ethan White,3,The Auron Hesh Evo has its strengths and weaknesses. The audio quality is quite good but the fit isnt perfect for everyone; I find I have to adjust them quite frequently. The battery life is impressive and the quick charge feature is great for those last-minute rushes. However I experienced a few connectivity issues that were frustrating. I still think there are better choices out there but these arent the worst.,2023-10-01,"{""Mic"": ""not mentioned"", ""EQmodes"": ""not mentioned"", ""DeepBass"": ""not mentioned"", ""Foldable"": ""not mentioned"", ""playtime"": ""not mentioned"", ""ComfortFit"": ""not perfect for everyone"", ""Batterylife"": ""impressive"", ""NoiseCancellation"": ""not mentioned""}"
471,20,Chloe Wilson,3,They are decent headphones. The sound isnt as immersive as Id hoped and I wish the bass was more pronounced. Comfort is alright but they do feel a little heavy especially after long use. Battery life is solid and the rapid charge feature really comes in handy. Overall a fair product but I believe theres potential for improvement.,2023-10-01,"{""Mic"": ""not mentioned"", ""EQmodes"": ""not mentioned"", ""DeepBass"": ""not as pronounced as hoped"", ""Foldable"": ""not mentioned"", ""playtime"": ""not mentioned"", ""ComfortFit"": ""alright, but they feel a little heavy after long use"", ""Batterylife"": ""solid"", ""NoiseCancellation"": ""not mentioned""}"
472,20,James Johnson,2,I was excited about the Hesh Evo but I have to say it underwhelms. The construction feels a bit flimsy and after a couple of weeks I noticed some creaking sounds. The sound quality is decent but lacks depth — not what I was hoping for. Battery life is as advertised but overall Im somewhat disappointed. Im sure there are better options for the price point.,2023-10-01,"{""Mic"": ""Not mentioned"", ""EQmodes"": ""Not mentioned"", ""DeepBass"": ""Lacks depth"", ""Foldable"": ""Not mentioned"", ""playtime"": ""Not mentioned"", ""ComfortFit"": ""Not mentioned"", ""Batterylife"": ""Battery life is as advertised"", ""NoiseCancellation"": ""Not mentioned""}"
473,20,Hannah Brown,2,I had high hopes for these headphones but they didnt deliver. The sound quality was okay at first but I began noticing distortions after a few weeks. The fit on my ears isnt great either; they slip during workouts. On the plus side the battery life is excellent and they look attractive but the performance just doesnt match up. I wouldnt recommend them.,2023-10-01,"{""Mic"": ""not mentioned"", ""EQmodes"": ""not mentioned"", ""DeepBass"": ""not mentioned"", ""Foldable"": ""not mentioned"", ""playtime"": ""not mentioned"", ""ComfortFit"": ""not great; they slip during workouts"", ""Batterylife"": ""excellent"", ""NoiseCancellation"": ""not mentioned""}"
474,20,Jack Anderson,1,Awful experience with the Hesh Evo headphones! They stopped working after two weeks and customer support was unresponsive. The comfort was great initially but that did not matter when they failed to function properly. I expected much more from Auron and Im regretting this purchase deeply.,2023-10-01,"{""Mic"": ""Not mentioned"", ""EQmodes"": ""Not mentioned"", ""DeepBass"": ""Not mentioned"", ""Foldable"": ""Not mentioned"", ""playtime"": ""Not mentioned"", ""ComfortFit"": ""The comfort was great initially"", ""Batterylife"": ""Not mentioned"", ""NoiseCancellation"": ""Not mentioned""}"
475,20,Grace Lee,5,These headphones exceeded my expectations! The sound is simply incredible and I love the design — super sleek and comfortable for long listening sessions. The 38-hour battery life is perfect for traveling; Ive used them for days without needing a charge. Plus the Auron Locator is a brilliant feature for someone like me who misplaces things often. Highly recommended!,2023-10-01,"{""Mic"": ""Not mentioned"", ""EQmodes"": ""Not mentioned"", ""DeepBass"": ""Not mentioned"", ""Foldable"": ""Not mentioned"", ""playtime"": ""38-hour battery life"", ""ComfortFit"": ""super sleek and comfortable for long listening sessions"", ""Batterylife"": ""38-hour battery life"", ""NoiseCancellation"": ""Not mentioned""}"
476,20,Mason Thompson,5,I cant say enough good things about these headphones! The build quality is fantastic; they feel sturdy and expensive. The sound quality is out of this world — the 40mm drivers really deliver a rich audio experience. I also appreciate the long battery life for those long flights or game nights. Definitely worth the investment!,2023-10-01,"{""Mic"": ""Not mentioned"", ""EQmodes"": ""Not mentioned"", ""DeepBass"": ""Not mentioned"", ""Foldable"": ""Not mentioned"", ""playtime"": ""Not mentioned"", ""ComfortFit"": ""Not mentioned"", ""Batterylife"": ""long battery life"", ""NoiseCancellation"": ""Not mentioned""}"
477,20,Ava Martinez,4,Really impressed with these headphones. The audio fidelity is fantastic for music lovers and they look stylish too. I had a minor issue with the software initially but it was resolved quickly with updates. My only complaint is they can be a little heavy when using for a long time. But overall a great product that I would recommend to others!,2023-10-01,"{""Mic"": """", ""EQmodes"": """", ""DeepBass"": """", ""Foldable"": """", ""playtime"": """", ""ComfortFit"": ""They can be a little heavy when using for a long time."", ""Batterylife"": """", ""NoiseCancellation"": """"}"
478,20,Noah Harris,4,Great value for the money! Sound quality is rich and I love how comfortable they are. The only downside is that I did experience some connectivity issues initially. However after a firmware update they worked perfectly. Battery life has been fantastic so far; I use them a lot for gaming and havent needed to recharge often at all.,2023-10-01,"{""Mic"": ""Not mentioned"", ""EQmodes"": ""Not mentioned"", ""DeepBass"": ""Not mentioned"", ""Foldable"": ""Not mentioned"", ""playtime"": ""Not mentioned"", ""ComfortFit"": ""Comfortable"", ""Batterylife"": ""Fantastic"", ""NoiseCancellation"": ""Not mentioned""}"
479,21,Emily Johnson,5,I absolutely love my Zephor smartwatch! The large 1.95-inch display makes it easy to read notifications and messages without squinting. The customizable watch faces are a fantastic touch - I change mine daily to suit my outfit. Battery life is impressive; Ive been using it non-stop for five days and still have a charge! Highly recommend this for anyone looking for a stylish and functional watch!,2023-10-01,"{""Mic"": ""Not mentioned"", ""EQmodes"": ""Not mentioned"", ""DeepBass"": ""Not mentioned"", ""Foldable"": ""Not mentioned"", ""playtime"": ""five days"", ""ComfortFit"": ""Not mentioned"", ""Batterylife"": ""five days"", ""NoiseCancellation"": ""Not mentioned""}"
480,21,Michael Davis,5,This smartwatch has everything I need! The call feature is incredibly convenient; I can make and receive calls without my phone which is a game changer during workouts. It tracks my runs and accurately records my distance and calories burned. Plus the sleek design looks great for everyday wear. Definitely worth every penny!,2023-10-01,"{""Mic"": """", ""EQmodes"": """", ""DeepBass"": """", ""Foldable"": """", ""playtime"": """", ""ComfortFit"": """", ""Batterylife"": """", ""NoiseCancellation"": """"}"
481,21,Sarah Williams,4,Overall Im quite satisfied with my purchase! The performance is commendable and tracking my sports activities has been seamless. However I wish the app provided more detailed metrics on my workout sessions. The design is attractive but I found the setup instructions slightly lacking. Once up and running though it has proven to be reliable and very user-friendly.,2023-10-01,"{""Mic"": """", ""EQmodes"": """", ""DeepBass"": """", ""Foldable"": """", ""playtime"": """", ""ComfortFit"": """", ""Batterylife"": """", ""NoiseCancellation"": """"}"
482,21,David Brown,4,Great watch with solid features! The health monitoring capabilities are fantastic; I love that it tracks my heart rate throughout the day and gives me insights into my sleep patterns. My only qualm is that it takes a little while to power on after the battery saving mode kicks in. Otherwise its a stylish and functional addition to my daily routine.,2023-10-01,"{""Mic"": """", ""EQmodes"": """", ""DeepBass"": """", ""Foldable"": """", ""playtime"": """", ""ComfortFit"": """", ""Batterylife"": """", ""NoiseCancellation"": """"}"
483,21,Lisa White,3,The Zephor smartwatch is decent for casual users. It performs well overall though the battery life could be better than 5-7 days since I find myself charging it more often than expected. The aesthetic is appealing and the waterproof feature works perfectly while washing hands. However I encountered some glitches with notification syncing that need improvement.,2023-10-01,"{""Mic"": ""Not mentioned"", ""EQmodes"": ""Not applicable"", ""DeepBass"": ""Not applicable"", ""Foldable"": ""Not applicable"", ""playtime"": ""Not mentioned"", ""ComfortFit"": ""Not mentioned"", ""Batterylife"": ""5-7 days"", ""NoiseCancellation"": ""Not applicable""}"
484,21,James Wilson,3,Im on the fence about this smartwatch. The display is bright and I love the customizable faces but I found the app a bit buggy and not as intuitive as I had hoped. It functions well for fitness tracking but I expected more from the software experience. Its a good watch but there are some areas that could definitely use refinement.,2023-10-01,"{""Mic"": """", ""EQmodes"": """", ""DeepBass"": """", ""Foldable"": """", ""playtime"": """", ""ComfortFit"": """", ""Batterylife"": """", ""NoiseCancellation"": """"}"
485,21,Amanda Martinez,2,While the Zephor smartwatch has some great features I was disappointed overall. The call quality isnt as clear as I expected and Ive experienced lag when receiving notifications. Additionally the fitness tracking seems accurate but the battery drains faster than advertised. It feels like a nice product but it doesnt live up to my expectations.,2023-10-01,"{""Mic"": ""The call quality isn't as clear as expected."", ""EQmodes"": ""Not mentioned."", ""DeepBass"": ""Not mentioned."", ""Foldable"": ""Not mentioned."", ""playtime"": ""Not mentioned."", ""ComfortFit"": ""Not mentioned."", ""Batterylife"": ""The battery drains faster than advertised."", ""NoiseCancellation"": ""Not mentioned.""}"
486,21,Brian Anderson,2,I had high hopes for this smartwatch but it fell short. The build quality seems cheap for the price I paid and the battery life hasnt even lasted three full days for me. Plus the screen sometimes does not respond to touch which is very frustrating. I wouldnt recommend it for serious athletes or tech-savvy users.,2023-10-01,"{""Mic"": ""Not applicable."", ""EQmodes"": ""Not applicable."", ""DeepBass"": ""Not applicable."", ""Foldable"": ""Not applicable."", ""playtime"": ""Not applicable."", ""ComfortFit"": ""Not applicable."", ""Batterylife"": ""Battery life hasn't even lasted three full days."", ""NoiseCancellation"": ""Not applicable.""}"
487,21,Laura Thomas,1,I regret purchasing this smartwatch. After just a week it stopped working entirely! Customer support was unresponsive which added to my frustration. I initially liked the design and display quality but the performance issues overshadowed any positives. I wanted a reliable device to track my workouts and this has been a big disappointment.,2023-10-01,"{""Mic"": """", ""EQmodes"": """", ""DeepBass"": """", ""Foldable"": """", ""playtime"": """", ""ComfortFit"": """", ""Batterylife"": """", ""NoiseCancellation"": """"}"
488,21,Kevin Jackson,1,This has been the worst smartwatch experience Ive ever had. It kept disconnecting from my phone and would refuse to sync my notifications. I was excited about the health features but the heart rate monitor malfunctioned and showed unrealistic readings. I wouldnt recommend this product to anyone - save your money!,2023-10-01,"{""Mic"": """", ""EQmodes"": """", ""DeepBass"": """", ""Foldable"": """", ""playtime"": """", ""ComfortFit"": """", ""Batterylife"": """", ""NoiseCancellation"": """"}"
489,21,Rachel Green,5,Fantastic product! The way it tracks my exercises gives me a boost in motivation and I absolutely love the health insights provided by the app. The call feature is also a plus; I can easily handle calls while jogging. The interface is sleek and easy to navigate. This watch has truly transformed my fitness routine!,2023-10-01,"{""Mic"": ""Yes"", ""EQmodes"": """", ""DeepBass"": """", ""Foldable"": """", ""playtime"": """", ""ComfortFit"": """", ""Batterylife"": """", ""NoiseCancellation"": """"}"
490,21,Chris Hall,4,The Zephor smartwatch is pretty impressive overall. The battery life is great lasting around 6 days for me. I enjoy the various sport modes and how it keeps track of my workouts. However I did struggle a bit with syncing it to my phone initially. Once synced it performed admirably. A solid option for fitness enthusiasts.,2023-10-01,"{""Mic"": ""Not mentioned"", ""EQmodes"": ""Not mentioned"", ""DeepBass"": ""Not mentioned"", ""Foldable"": ""Not mentioned"", ""playtime"": ""6 days"", ""ComfortFit"": ""Not mentioned"", ""Batterylife"": ""6 days"", ""NoiseCancellation"": ""Not mentioned""}"
491,21,Jessica Lee,3,This smartwatch is just okay. It does the basics well like tracking workouts and providing notifications but Ive encountered some issues with the app crashing during use. The screen size is excellent for viewing but I do wish the build was a bit sturdier. It works for my needs but doesnt exceed my expectations.,2023-10-01,"{""Mic"": """", ""EQmodes"": """", ""DeepBass"": """", ""Foldable"": """", ""playtime"": """", ""ComfortFit"": """", ""Batterylife"": """", ""NoiseCancellation"": """"}"
492,21,Matthew White,2,While the Zephor smartwatch has potential it has several drawbacks. The software isnt very user-friendly and I found myself fumbling around too often. The battery life could be improved as I was charging it too frequently for my liking. I think it has nice features but it needs a bit more refinement to be considered reliable.,2023-10-01,"{""Mic"": """", ""EQmodes"": """", ""DeepBass"": """", ""Foldable"": """", ""playtime"": """", ""ComfortFit"": """", ""Batterylife"": ""The battery life could be improved as I was charging it too frequently for my liking."", ""NoiseCancellation"": """"}"
493,21,Samantha Young,2,I wanted to like this watch but there have been too many issues. The call function doesnt pick up often enough which is frustrating during workouts. I do like the tracking features but they dont justify the price when the device fails to perform consistently. Wouldnt recommend unless youre willing to deal with hiccups.,2023-10-01,"{""Mic"": """", ""EQmodes"": """", ""DeepBass"": """", ""Foldable"": """", ""playtime"": """", ""ComfortFit"": """", ""Batterylife"": """", ""NoiseCancellation"": """"}"
494,21,Daniel King,1,Completely dissatisfied with my experience. The smartwatch stopped connecting to my phone only after a week and it wouldnt even turn on afterward. I tried troubleshooting with customer service but they were unhelpful. Its a nice looking device but is worthless if it doesnt function. Im returning it ASAP!,2023-10-01,"{""Mic"": ""Not applicable"", ""EQmodes"": ""Not applicable"", ""DeepBass"": ""Not applicable"", ""Foldable"": ""Not applicable"", ""playtime"": ""Not applicable"", ""ComfortFit"": ""Not applicable"", ""Batterylife"": ""Not applicable"", ""NoiseCancellation"": ""Not applicable""}"
495,21,Sophia Nguyen,5,I adore my Zephor smartwatch! Its beautiful and the large display makes seeing messages easy. What surprised me the most was the fitness tracking accuracy; it has really improved my workout management. I find the call feature extremely useful as well and it makes my workouts so much more efficient. I cant recommend this enough!,2023-10-01,"{""Mic"": """", ""EQmodes"": """", ""DeepBass"": """", ""Foldable"": """", ""playtime"": """", ""ComfortFit"": """", ""Batterylife"": """", ""NoiseCancellation"": """"}"
496,21,Henry Clark,4,A worthy investment! The watch is stylish and lightweight perfect for everyday wear. Setup was straightforward and once it was connected to my phone everything worked seamlessly. My only concern is the responsiveness of the touchscreen; sometimes it feels a little sluggish. Otherwise its a fantastic device for the price.,2023-10-01,"{""Mic"": """", ""EQmodes"": """", ""DeepBass"": """", ""Foldable"": """", ""playtime"": """", ""ComfortFit"": """", ""Batterylife"": """", ""NoiseCancellation"": """"}"
497,21,Megan Hill,3,This smartwatch meets my needs but could be better. The health tracking features are genuinely helpful but the battery life isnt lasting as long as advertised. Some software glitches make it a bit annoying at times. I like the aesthetic but for a smart device I wish it performed at a higher level.,2023-10-01,"{""Mic"": ""Not mentioned."", ""EQmodes"": ""Not mentioned."", ""DeepBass"": ""Not mentioned."", ""Foldable"": ""Not mentioned."", ""playtime"": ""Not mentioned."", ""ComfortFit"": ""Not mentioned."", ""Batterylife"": ""The battery life isn't lasting as long as advertised."", ""NoiseCancellation"": ""Not mentioned.""}"
498,21,Joshua Green,2,Im quite let down by the Zephor smartwatch. The concept is great but the execution isnt so much. While the design is appealing the performance has been inconsistent. It struggles to maintain a connection with my phone and is often slow. Its not entirely worthless but could be improved significantly.,2023-10-01,"{""Mic"": """", ""EQmodes"": """", ""DeepBass"": """", ""Foldable"": """", ""playtime"": """", ""ComfortFit"": """", ""Batterylife"": """", ""NoiseCancellation"": """"}"
499,21,Katherine Allen,1,What a nightmare! This smartwatch started malfunctioning less than a month after buying it. It would shutdown randomly and I couldnt even sync it to my phone half the time. I tried reaching out to customer support but they were unresponsive. Im completely unhappy with my purchase and would advise others to avoid it.,2023-10-01,"{""Mic"": """", ""EQmodes"": """", ""DeepBass"": """", ""Foldable"": """", ""playtime"": """", ""ComfortFit"": """", ""Batterylife"": """", ""NoiseCancellation"": """"}"
500,21,Ethan Baker,5,Incredible product! The Zephor smartwatch has made my life so much easier. From tracking my workouts to answering calls directly from my wrist it does it all with style! The screen is bright and colorful and the customizable faces mean I never get tired of its look. The battery lasts and it holds up well against sweaty workouts making it a perfect companion!,2023-10-01,"{""Mic"": ""Answering calls directly from the wrist"", ""EQmodes"": ""Not mentioned"", ""DeepBass"": ""Not mentioned"", ""Foldable"": ""Not mentioned"", ""playtime"": ""Not mentioned"", ""ComfortFit"": ""Holds up well against sweaty workouts"", ""Batterylife"": ""The battery lasts"", ""NoiseCancellation"": ""Not mentioned""}"
501,21,Olivia Turner,4,My experience with the Zephor smartwatch has been very positive. I love how it tracks my health metrics and provides useful insights. The battery life is solid generally lasting a week for me. My only gripe is occasionally having issues with the app freezing. Overall Im happy with my decision to purchase it.,2023-10-01,"{""Mic"": ""Not mentioned"", ""EQmodes"": ""Not mentioned"", ""DeepBass"": ""Not mentioned"", ""Foldable"": ""Not mentioned"", ""playtime"": ""Not mentioned"", ""ComfortFit"": ""Not mentioned"", ""Batterylife"": ""generally lasting a week"", ""NoiseCancellation"": ""Not mentioned""}"
502,21,David Martinez,3,The Zephor smartwatch is generally good but has its flaws. I appreciate the design and features – they offer a lot for the price. However my device has had minor connectivity issues that made it occasionally frustrating to use. If youre looking for something basic to keep track of workouts it might serve you well.,2023-10-01,"{""Mic"": """", ""EQmodes"": """", ""DeepBass"": """", ""Foldable"": """", ""playtime"": """", ""ComfortFit"": """", ""Batterylife"": """", ""NoiseCancellation"": """"}"
503,21,Grace Lewis,2,I thought this smartwatch would be better based on the reviews but Im not impressed. The fitness tracking is decent but I found the battery drains way too quickly for my liking. Plus I had problems with the notification alerts not coming through. I really wanted to like it but Im quite disappointed with my experience so far.,2023-10-01,"{""Mic"": ""Not mentioned in the document."", ""EQmodes"": ""Not mentioned in the document."", ""DeepBass"": ""Not mentioned in the document."", ""Foldable"": ""Not mentioned in the document."", ""playtime"": ""The user found the battery drains way too quickly."", ""ComfortFit"": ""Not mentioned in the document."", ""Batterylife"": ""The user found the battery drains way too quickly."", ""NoiseCancellation"": ""Not mentioned in the document.""}"
504,22,John D.,5,Im absolutely thrilled with the Vyron smartwatch! The Bluetooth calling feature works seamlessly and I love being able to receive notifications directly on my wrist. The health monitoring capabilities provide real insight into my fitness levels and the battery life is phenomenal – lasting well over a week on a single charge. I would highly recommend this to anyone looking for a stylish yet functional smartwatch!,2023-10-01,"{""Mic"": ""Not mentioned"", ""EQmodes"": ""Not mentioned"", ""DeepBass"": ""Not mentioned"", ""Foldable"": ""Not mentioned"", ""playtime"": ""Not mentioned"", ""ComfortFit"": ""Not mentioned"", ""Batterylife"": ""lasting well over a week on a single charge"", ""NoiseCancellation"": ""Not mentioned""}"
506,22,Tom R.,4,Overall Im really pleased with the Vyron smartwatch. The build quality feels robust and I love the sporty design. The only minor issue is the lack of detailed instructions for some features. Once I figured it out the health tracking features were accurate and useful. Definitely worth the investment for fitness enthusiasts!,2023-10-01,"{""Mic"": """", ""EQmodes"": """", ""DeepBass"": """", ""Foldable"": """", ""playtime"": """", ""ComfortFit"": """", ""Batterylife"": """", ""NoiseCancellation"": """"}"
507,22,Sara L.,4,Great smartwatch! The performance is smooth and fast but I wish the app had more features. The health monitoring is impressive especially the sleep tracking which has helped me adjust my routines. However the charging process could be simpler. Nonetheless its a solid choice for anyone active!,2023-10-01,"{""Mic"": """", ""EQmodes"": """", ""DeepBass"": """", ""Foldable"": """", ""playtime"": """", ""ComfortFit"": """", ""Batterylife"": """", ""NoiseCancellation"": """"}"
508,22,Jason W.,3,The Vyron smartwatch does what it promises – most of the time. The design is stylish and its comfortable to wear but Ive noticed some bugs with the notifications not syncing properly. Its functional for fitness tracking but dont expect it to be flawless. Its good but not outstanding.,2023-10-01,"{""Mic"": """", ""EQmodes"": """", ""DeepBass"": """", ""Foldable"": """", ""playtime"": """", ""ComfortFit"": ""comfortable to wear"", ""Batterylife"": """", ""NoiseCancellation"": """"}"
509,22,Emily H.,3,Decent smartwatch but the setup was a bit complicated for a tech novice like me. The features are impressive especially the health monitoring but Ive experienced some connectivity issues with my phone. Its usable but I believe there are better options that are more user-friendly.,2023-10-01,"{""Mic"": """", ""EQmodes"": """", ""DeepBass"": """", ""Foldable"": """", ""playtime"": """", ""ComfortFit"": """", ""Batterylife"": """", ""NoiseCancellation"": """"}"
510,22,Mark S.,2,I wanted to love this smartwatch but Ive faced multiple problems. The battery life is great but the watch randomly disconnects from my phone. The notifications are hit or miss. It definitely has potential but needs some serious improvements. I wouldnt recommend it for those who need reliability.,2023-10-01,"{""Mic"": ""N/A"", ""EQmodes"": ""N/A"", ""DeepBass"": ""N/A"", ""Foldable"": ""N/A"", ""playtime"": ""N/A"", ""ComfortFit"": ""N/A"", ""Batterylife"": ""great"", ""NoiseCancellation"": ""N/A""}"
511,22,Jessica K.,2,Not what I expected. The features looked great on paper but in practice the performance is lacking. The heart rate monitor seems inaccurate and it doesnt always sync well with the Vyron HealthSync app. For the price I expected more robust functionality. Wish I could return this.,2023-10-01,"{""Mic"": """", ""EQmodes"": """", ""DeepBass"": """", ""Foldable"": """", ""playtime"": """", ""ComfortFit"": """", ""Batterylife"": """", ""NoiseCancellation"": """"}"
512,22,Paul G.,1,I had a terrible experience with the Vyron smartwatch. It stopped charging after a week and customer support was unresponsive. The features I was excited about turned out to be more trouble than they were worth. I do not recommend this product; it simply does not work as advertised.,2023-10-01,"{""Mic"": """", ""EQmodes"": """", ""DeepBass"": """", ""Foldable"": """", ""playtime"": """", ""ComfortFit"": """", ""Batterylife"": """", ""NoiseCancellation"": """"}"
514,22,Lucy F.,5,What a fantastic smartwatch! I love how easy it is to customize the watch faces and the overall design feels premium. The health tracking features are powerful and accurate. Plus the battery life is impressive – I go over a week without needing a recharge. This is perfect for anyone serious about fitness!,2023-10-01,"{""Mic"": """", ""EQmodes"": """", ""DeepBass"": """", ""Foldable"": """", ""playtime"": """", ""ComfortFit"": """", ""Batterylife"": ""Over a week without needing a recharge"", ""NoiseCancellation"": """"}"
515,22,Michael B.,5,Im so glad I chose the Vyron smartwatch! The Bluetooth calling feature is a game changer; it works flawlessly. I also love the health monitoring and the sleep analysis has helped me improve my rest quality. The stylish design and durability make it a must-have for fitness fans!,2023-10-01,"{""Mic"": """", ""EQmodes"": """", ""DeepBass"": """", ""Foldable"": """", ""playtime"": """", ""ComfortFit"": """", ""Batterylife"": """", ""NoiseCancellation"": """"}"
516,22,Nina P.,4,Pretty solid smartwatch! The design is sleek and comfortable to wear though I did struggle a little during setup. Once I got it going the performance was excellent. Health tracking is very insightful though sometimes I wish there were more pre-loaded sports activities. Still Id recommend it!,2023-10-01,"{""Mic"": """", ""EQmodes"": """", ""DeepBass"": """", ""Foldable"": """", ""playtime"": """", ""ComfortFit"": ""comfortable to wear"", ""Batterylife"": """", ""NoiseCancellation"": """"}"
517,22,Zachary J.,4,Love my Vyron smartwatch! The notifications are clear and I appreciate the various sports modes it supports. It has a sleek design that fits any occasion. My only complaint is about the app—it crashes occasionally which is annoying. Overall its a great buy!,2023-10-01,"{""Mic"": """", ""EQmodes"": """", ""DeepBass"": """", ""Foldable"": """", ""playtime"": """", ""ComfortFit"": """", ""Batterylife"": """", ""NoiseCancellation"": """"}"
518,22,Olivia W.,3,Good features but a bit more cumbersome than I hoped. The smartwatch looks great but the battery life doesnt match my heavy usage. It dies faster than I expected especially when using the calling feature frequently. Its decent for casual use but bear that in mind!,2023-10-01,"{""Mic"": ""Not mentioned."", ""EQmodes"": ""Not mentioned."", ""DeepBass"": ""Not mentioned."", ""Foldable"": ""Not mentioned."", ""playtime"": ""Not mentioned."", ""ComfortFit"": ""Not mentioned."", ""Batterylife"": ""The battery life doesn't match heavy usage and dies faster than expected, especially with frequent use of the calling feature."", ""NoiseCancellation"": ""Not mentioned.""}"
519,22,Ethan C.,3,Some great qualities but it falls short on consistency. The heart rate monitor works well but the Bluetooth connection can be spotty at times. The design is very appealing and I enjoy the customizable faces but I was hoping for a more intuitive interface. Im on the fence about recommending it.,2023-10-01,"{""Mic"": """", ""EQmodes"": """", ""DeepBass"": """", ""Foldable"": """", ""playtime"": """", ""ComfortFit"": """", ""Batterylife"": """", ""NoiseCancellation"": """"}"
520,22,Sophie N.,2,I wanted to love this wearable but the accuracy of the health monitoring is questionable. Some features like the sleep tracking were less reliable than I expected. Its also heavier than I anticipated which is off-putting during workouts. Needs improvements to be truly effective.,2023-10-01,"{""Mic"": """", ""EQmodes"": """", ""DeepBass"": """", ""Foldable"": """", ""playtime"": """", ""ComfortFit"": """", ""Batterylife"": """", ""NoiseCancellation"": """"}"
522,22,Rachel T.,1,Absolutely the worst experience! The Vyron smartwatch is riddled with problems; it wont stay charged and the touch interface is laggy. Customer service was non-existent when I reached out for help. I expected far more from a product at this price point. Avoid this if you can!,2023-10-01,"{""Mic"": ""Not mentioned."", ""EQmodes"": ""Not mentioned."", ""DeepBass"": ""Not mentioned."", ""Foldable"": ""Not mentioned."", ""playtime"": ""Not mentioned."", ""ComfortFit"": ""Not mentioned."", ""Batterylife"": ""The Vyron smartwatch won't stay charged."", ""NoiseCancellation"": ""Not mentioned.""}"
523,22,Travis O.,1,Very dissatisfied with my purchase. It does not work as advertised. The features that were supposed to make my life easier ended up causing more frustration. It couldnt even hold a charge through a single day with light use. I feel like I wasted my money!,2023-10-01,"{""Mic"": ""Not mentioned."", ""EQmodes"": ""Not mentioned."", ""DeepBass"": ""Not mentioned."", ""Foldable"": ""Not mentioned."", ""playtime"": ""It couldn't even hold a charge through a single day with light use."", ""ComfortFit"": ""Not mentioned."", ""Batterylife"": ""It couldn't even hold a charge through a single day with light use."", ""NoiseCancellation"": ""Not mentioned.""}"
524,22,Isabella F.,5,This smartwatch is a total game changer! Not only does it look fantastic but the build quality feels top-notch too. I absolutely love the health tracking features that keep me motivated every day. Its smooth responsive and I can make calls without reaching for my phone. An excellent buy for anyone looking for functionality!,2023-10-01,"{""Mic"": """", ""EQmodes"": """", ""DeepBass"": """", ""Foldable"": """", ""playtime"": """", ""ComfortFit"": """", ""Batterylife"": """", ""NoiseCancellation"": """"}"
525,22,Daniel K.,5,Im very impressed with the Vyron smartwatch! The numerous sports modes are fantastic and I particularly appreciate how it tracks my workouts accurately. The design is not only functional but also stylish and the long battery life ensures I dont have to constantly charge it. Highly recommended!,2023-10-01,"{""Mic"": ""Not mentioned"", ""EQmodes"": ""Not mentioned"", ""DeepBass"": ""Not mentioned"", ""Foldable"": ""Not mentioned"", ""playtime"": ""Not mentioned"", ""ComfortFit"": ""Not mentioned"", ""Batterylife"": ""long battery life"", ""NoiseCancellation"": ""Not mentioned""}"
526,22,Sophia R.,4,Im satisfied overall but had some hiccups. The setup was straightforward once I figured out the app – it has a lot of great features particularly for health monitoring. However Ive encountered a couple of bugs with notifications. Still its a fun and functional smartwatch!,2023-10-01,"{""Mic"": ""Not mentioned"", ""EQmodes"": ""Not mentioned"", ""DeepBass"": ""Not mentioned"", ""Foldable"": ""Not mentioned"", ""playtime"": ""Not mentioned"", ""ComfortFit"": ""Not mentioned"", ""Batterylife"": ""Not mentioned"", ""NoiseCancellation"": ""Not mentioned""}"
527,23,Emily Johnson,5,I absolutely love the Nexvo fitness tracker! The build quality is top-notch and the interchangeable bands make it so easy to match my outfits. Ive been using it for a couple of weeks now and the comprehensive health monitoring features are impressive. I especially appreciate how it tracks my sleep patterns—its helped me understand my rest better. Highly recommend this to anyone looking for a reliable fitness companion!,2023-10-01,"{""Mic"": """", ""EQmodes"": """", ""DeepBass"": """", ""Foldable"": """", ""playtime"": """", ""ComfortFit"": """", ""Batterylife"": """", ""NoiseCancellation"": """"}"
528,23,Kevin Smith,5,The Nexvo fitness tracker is everything I hoped for and more! The high-definition display is crystal clear and I find the battery life to be extraordinary—lasts almost a week on a single charge! The sports tracking modes are extensive covering all my workout needs. Ive tried several other brands but this one stands out in terms of user-friendliness and functionality. Definitely worth every penny!,2023-10-01,"{""Mic"": ""N/A"", ""EQmodes"": ""N/A"", ""DeepBass"": ""N/A"", ""Foldable"": ""N/A"", ""playtime"": ""N/A"", ""ComfortFit"": ""N/A"", ""Batterylife"": ""lasts almost a week on a single charge!"", ""NoiseCancellation"": ""N/A""}"
529,23,Linda Brown,1,I had high hopes for the Nexvo fitness tracker but it has been a huge disappointment. After just one week it started malfunctioning and would not sync with my phone correctly. Customer support was unresponsive and I felt stuck with a faulty product. The health tracking features sound great but if it doesnt work whats the point? Avoid this one!,2023-10-01,"{""Mic"": """", ""EQmodes"": """", ""DeepBass"": """", ""Foldable"": """", ""playtime"": """", ""ComfortFit"": """", ""Batterylife"": """", ""NoiseCancellation"": """"}"
530,23,Carlos Martínez,3,The Nexvo tracker does a decent job at tracking my workouts but has some drawbacks. I like the design and the variety of bands but the user interface feels clunky at times. Setting it up was a bit confusing and I encountered occasional syncing issues with my phone. Its not a bad choice for casual use but if youre serious about fitness you may want to look elsewhere.,2023-10-01,"{""Mic"": """", ""EQmodes"": """", ""DeepBass"": """", ""Foldable"": """", ""playtime"": """", ""ComfortFit"": """", ""Batterylife"": """", ""NoiseCancellation"": """"}"
531,23,Megan Thomas,4,I really like my Nexvo fitness tracker! It has a stylish design and I love that it comes with different colored bands. The health monitoring features are impressive and the battery life holds up well. My only complaint is that the app could be more intuitive as Ive encountered some bugs. Overall its a good buy just a few minor hiccups to iron out!,2023-10-01,"{""Mic"": ""Not applicable."", ""EQmodes"": ""Not applicable."", ""DeepBass"": ""Not applicable."", ""Foldable"": ""Not applicable."", ""playtime"": ""Not explicitly mentioned, but the battery life is described as holding up well."", ""ComfortFit"": ""It comes with different colored bands."", ""Batterylife"": ""The battery life holds up well."", ""NoiseCancellation"": ""Not applicable.""}"
532,23,James Wilson,2,While the Nexvo fitness tracker looks nice and has great features Ive faced some issues. The build quality feels a bit flimsy and I worry about its durability over time. The battery life is decent but the notifications from my phone dont always come through clearly. I would say its okay for light use but there are better alternatives out there.,2023-10-01,"{""Mic"": ""Not mentioned"", ""EQmodes"": ""Not mentioned"", ""DeepBass"": ""Not mentioned"", ""Foldable"": ""Not mentioned"", ""playtime"": ""Not mentioned"", ""ComfortFit"": ""Not mentioned"", ""Batterylife"": ""decent"", ""NoiseCancellation"": ""Not mentioned""}"
533,23,Sarah Lee,5,Fantastic product! The Nexvo tracker fits seamlessly into my daily routine. I love the diverse sports tracking modes and its been a great motivator for my workouts. The heart rate monitoring has been accurate and the battery lasts surprisingly long! Plus its lightweight and comfortable to wear during the day and night. Highly recommend it to fitness enthusiasts!,2023-10-01,"{""Mic"": ""Not mentioned."", ""EQmodes"": ""Not mentioned."", ""DeepBass"": ""Not mentioned."", ""Foldable"": ""Not mentioned."", ""playtime"": ""Not mentioned."", ""ComfortFit"": ""It's lightweight and comfortable to wear during the day and night."", ""Batterylife"": ""The battery lasts surprisingly long."", ""NoiseCancellation"": ""Not mentioned.""}"
534,23,Michael Chen,4,The Nexvo fitness tracker impressed me with its sleek aesthetics and functionality. I love the customizable watch faces and that I can upload my photos. However I found the setup instructions a bit unclear which made the initial experience frustrating. That said once its up and running its a solid gadget for anyone looking to monitor their health.,2023-10-01,"{""Mic"": """", ""EQmodes"": """", ""DeepBass"": """", ""Foldable"": """", ""playtime"": """", ""ComfortFit"": """", ""Batterylife"": """", ""NoiseCancellation"": """"}"
535,23,Jessica Martinez,1,This fitness tracker was a total letdown for me. It started glitching after just a few days. I couldnt get the heart rate monitor to work at all and the app kept crashing. I reached out to customer service but they were unhelpful and slow to respond. I wish I had gone with another brand—definitely not worth the money.,2023-10-01,"{""Mic"": """", ""EQmodes"": """", ""DeepBass"": """", ""Foldable"": """", ""playtime"": """", ""ComfortFit"": """", ""Batterylife"": """", ""NoiseCancellation"": """"}"
536,23,David Kim,3,The Nexvo fitness tracker has some good features like heart rate monitoring and various sports modes but its not without its issues. The design is nice but the screen is a bit tougher to read in bright sunlight. I also had some challenges connecting it to my phone which was frustrating. It does the job but I think its overpriced for what it offers.,2023-10-01,"{""Mic"": """", ""EQmodes"": """", ""DeepBass"": """", ""Foldable"": """", ""playtime"": """", ""ComfortFit"": """", ""Batterylife"": """", ""NoiseCancellation"": """"}"
738,31,Lucas Carter,4,Overall a solid smartwatch! I really like the health and fitness functions; theyre quite comprehensive. The battery life is fabulous but I did experience some bugs with the app initially. After a few updates it runs smoothly now. I recommend it for anyone who leads an active lifestyle and wants a reliable watch.,2023-10-01,"{""Mic"": ""Not mentioned"", ""EQmodes"": ""Not mentioned"", ""DeepBass"": ""Not mentioned"", ""Foldable"": ""Not mentioned"", ""playtime"": ""Not mentioned"", ""ComfortFit"": ""Not mentioned"", ""Batterylife"": ""fabulous"", ""NoiseCancellation"": ""Not mentioned""}"
537,23,Patricia Brown,5,I am extremely pleased with my Nexvo fitness tracker. It feels so comfortable on my wrist and the different band colors make it versatile for any occasion. The health monitoring features are insightful and it motivates me to stay active with reminders. The battery life is fantastic—Ive gone days without needing to recharge. Highly recommend this to anyone looking to enhance their fitness journey.,2023-10-01,"{""Mic"": ""Not applicable."", ""EQmodes"": ""Not applicable."", ""DeepBass"": ""Not applicable."", ""Foldable"": ""Not applicable."", ""playtime"": ""Not explicitly mentioned, but implied to be several days."", ""ComfortFit"": ""Feels comfortable on the wrist."", ""Batterylife"": ""Fantastic—days without needing to recharge."", ""NoiseCancellation"": ""Not applicable.""}"
538,23,Robert Garcia,2,I expected a lot more from the Nexvo fitness tracker. While the features are appealing the overall performance fell short. The heart rate monitor seems inaccurate at times and the app can be very slow and unresponsive. Its okay if you dont want anything too advanced but I feel there are better options available for the price.,2023-10-01,"{""Mic"": """", ""EQmodes"": """", ""DeepBass"": """", ""Foldable"": """", ""playtime"": """", ""ComfortFit"": """", ""Batterylife"": """", ""NoiseCancellation"": """"}"
539,23,Samantha Green,4,Overall Im happy with the Nexvo fitness tracker. The build quality feels solid and it looks stylish on my wrist. The sleep tracking feature has been helpful in understanding my patterns. However I wish it had more detailed insights into my workouts. Its a great tool for casual fitness enthusiasts but more serious athletes might find it lacking.,2023-10-01,"{""Mic"": """", ""EQmodes"": """", ""DeepBass"": """", ""Foldable"": """", ""playtime"": """", ""ComfortFit"": """", ""Batterylife"": """", ""NoiseCancellation"": """"}"
540,23,Paul Wilson,1,I regret purchasing the Nexvo fitness tracker; it stopped working within a week. The app was horrible making it hard to track my activities or get support when I needed it. I had issues with the charging as well and the customer service was not helpful at all. Save your money and look for more reliable options!,2023-10-01,"{""Mic"": ""Not applicable"", ""EQmodes"": ""Not applicable"", ""DeepBass"": ""Not applicable"", ""Foldable"": ""Not applicable"", ""playtime"": ""Not applicable"", ""ComfortFit"": ""Not applicable"", ""Batterylife"": ""Not applicable"", ""NoiseCancellation"": ""Not applicable""}"
541,23,Alice Taylor,3,The Nexvo fitness tracker is okay but I have mixed feelings. The design and comfort are great but I found it lacked some advanced features I was hoping for especially in tracking calories. The battery life is impressive though. It works but it could benefit from additional functionality to compete with high-end models.,2023-10-01,"{""Mic"": ""N/A"", ""EQmodes"": ""N/A"", ""DeepBass"": ""N/A"", ""Foldable"": ""N/A"", ""playtime"": ""N/A"", ""ComfortFit"": ""great"", ""Batterylife"": ""impressive"", ""NoiseCancellation"": ""N/A""}"
542,23,Brian Parker,5,I have been using the Nexvo fitness tracker for a month now and it has changed my fitness routine for the better! The heart rate tracking is accurate and I love that it tracks my sleep stages. The interchangeable bands are a fun touch allowing me to match them with my outfit. Its lightweight and the app is easy to navigate. Highly recommend for anyone wanting to monitor their health!,2023-10-01,"{""Mic"": """", ""EQmodes"": """", ""DeepBass"": """", ""Foldable"": """", ""playtime"": """", ""ComfortFit"": ""lightweight"", ""Batterylife"": """", ""NoiseCancellation"": """"}"
543,23,Jennifer Wilson,4,I enjoy using the Nexvo fitness tracker especially the variety of features it offers. The display is clear and I appreciate the long battery life. My only critique would be the syncing process; it can sometimes take a while. But overall it is a solid product that I would recommend to friends and family.,2023-10-01,"{""Mic"": ""Not mentioned"", ""EQmodes"": ""Not mentioned"", ""DeepBass"": ""Not mentioned"", ""Foldable"": ""Not mentioned"", ""playtime"": ""Not mentioned"", ""ComfortFit"": ""Not mentioned"", ""Batterylife"": ""long"", ""NoiseCancellation"": ""Not mentioned""}"
544,23,Charles Robinson,2,The Nexvo fitness tracker has good potential but ultimately disappointed me. The sleep tracking feature was inaccurate showing me as awake for hours when I was clearly sleeping. The design is great but the functionality is lacking. I think its best for people who want basic features but not for serious athletes.,2023-10-01,"{""Mic"": """", ""EQmodes"": """", ""DeepBass"": """", ""Foldable"": """", ""playtime"": """", ""ComfortFit"": """", ""Batterylife"": """", ""NoiseCancellation"": """"}"
545,23,Nancy Scott,5,This fitness tracker is a game changer! Ive used several brands in the past but none compare to the Nexvo. The interface is user-friendly and the health tracking features motivate me to stay active. I also love the battery life; I dont have to charge it every day like others Ive tried. Highly recommended!,2023-10-01,"{""Mic"": ""Not mentioned."", ""EQmodes"": ""Not mentioned."", ""DeepBass"": ""Not mentioned."", ""Foldable"": ""Not mentioned."", ""playtime"": ""Not mentioned."", ""ComfortFit"": ""Not mentioned."", ""Batterylife"": ""I don't have to charge it every day like others I've tried."", ""NoiseCancellation"": ""Not mentioned.""}"
546,23,Walter Harris,1,I had the worst experience with the Nexvo fitness tracker. It wouldnt hold a charge after a few days and it felt flimsy. The build quality is way below my expectations and I tried to reach customer support for help but did not receive a response. I would not recommend this tracker to anyone.,2023-10-01,"{""Mic"": ""Not applicable"", ""EQmodes"": ""Not applicable"", ""DeepBass"": ""Not applicable"", ""Foldable"": ""Not applicable"", ""playtime"": ""Not applicable"", ""ComfortFit"": ""It felt flimsy"", ""Batterylife"": ""It wouldn't hold a charge after a few days"", ""NoiseCancellation"": ""Not applicable""}"
547,23,Rachel Green,3,The Nexvo fitness tracker has some good features but also falls short. The design is sleek and aesthetically pleasing but the accuracy of the health monitoring leaves something to be desired. It works fine for casual fitness tracking but I wouldnt trust it for precise metrics. Not bad for the price but there are certainly improvements needed.,2023-10-01,"{""Mic"": """", ""EQmodes"": """", ""DeepBass"": """", ""Foldable"": """", ""playtime"": """", ""ComfortFit"": """", ""Batterylife"": """", ""NoiseCancellation"": """"}"
548,23,Brian Johnson,4,Im quite impressed with my Nexvo fitness tracker! The range of sports modes is fantastic and the heart rate monitoring helps me stay aware of my stats during workouts. The battery life is another highlight; it easily lasts me a week. My main issue is that the app can be slow and sometimes needs to be restarted. Overall its a worthwhile investment for fitness tracking!,2023-10-01,"{""Mic"": ""Not mentioned"", ""EQmodes"": ""Not mentioned"", ""DeepBass"": ""Not mentioned"", ""Foldable"": ""Not mentioned"", ""playtime"": ""Not mentioned"", ""ComfortFit"": ""Not mentioned"", ""Batterylife"": ""easily lasts a week"", ""NoiseCancellation"": ""Not mentioned""}"
549,23,Diane White,2,I was excited to try the Nexvo fitness tracker but it has some issues. The initial setup was confusing and I struggled to navigate the app. The features are decent but Ive noticed inconsistencies in step tracking that make me question its reliability. Its an okay product but I believe I could find better options that offer more accuracy.,2023-10-01,"{""Mic"": """", ""EQmodes"": """", ""DeepBass"": """", ""Foldable"": """", ""playtime"": """", ""ComfortFit"": """", ""Batterylife"": """", ""NoiseCancellation"": """"}"
550,24,Alice Johnson,5,I am absolutely thrilled with the Nexvo smartwatch! The build quality feels premium and I love the sleek design that matches with any outfit. The health tracking features are incredibly valuable; I can monitor my heart rate and sleep quality effortlessly. The battery life is phenomenal—Ive gone multiple days without needing a charge. I highly recommend it to anyone serious about their health and fitness!,2023-10-01,"{""Mic"": ""Not mentioned"", ""EQmodes"": ""Not mentioned"", ""DeepBass"": ""Not mentioned"", ""Foldable"": ""Not mentioned"", ""playtime"": ""Not mentioned"", ""ComfortFit"": ""Not mentioned"", ""Batterylife"": ""multiple days without needing a charge"", ""NoiseCancellation"": ""Not mentioned""}"
551,24,Brad Thompson,1,Im really disappointed with this smartwatch. It broke just three days after I purchased it and the customer service was unhelpful when I reached out for support. The features sounded great but when it stopped tracking my heart rate correctly I realized it was just a waste of money. I wont recommend this product to anyone.,2023-10-01,"{""Mic"": """", ""EQmodes"": """", ""DeepBass"": """", ""Foldable"": """", ""playtime"": """", ""ComfortFit"": """", ""Batterylife"": """", ""NoiseCancellation"": """"}"
552,24,Chloe Kim,3,This smartwatch has some great features but its not without its problems. While the fitness tracking is generally accurate I found the app to be a bit buggy at times. The design is nice and it fits comfortably on my wrist but the setup process was frustrating and took longer than expected. It serves its purpose but I think I could find a better user experience elsewhere.,2023-10-01,"{""Mic"": """", ""EQmodes"": """", ""DeepBass"": """", ""Foldable"": """", ""playtime"": """", ""ComfortFit"": ""fits comfortably on my wrist"", ""Batterylife"": """", ""NoiseCancellation"": """"}"
553,24,David Martinez,4,Im quite satisfied with my Nexvo smartwatch. The sports tracking functionalities are excellent with plenty of options to choose from. The only downside was the initial setup which could use clearer instructions. Once I got it going I loved how it pairs easily with my phone for notifications. Definitely a solid purchase for the price!,2023-10-01,"{""Mic"": """", ""EQmodes"": """", ""DeepBass"": """", ""Foldable"": """", ""playtime"": """", ""ComfortFit"": """", ""Batterylife"": """", ""NoiseCancellation"": """"}"
554,24,Ella Chen,2,The concept of this smartwatch is impressive but the execution falls short. While the fitness tracking capabilities were decent it didnt consistently sync with my phone. I also found the interface not as user-friendly as I had hoped. Overall its somewhat useful but I expected better functionalities for the price.,2023-10-01,"{""Mic"": """", ""EQmodes"": """", ""DeepBass"": """", ""Foldable"": """", ""playtime"": """", ""ComfortFit"": """", ""Batterylife"": """", ""NoiseCancellation"": """"}"
555,24,Frank Wilson,5,I cant say enough good things about the Nexvo smartwatch! The heart rate and blood pressure monitoring are spot-on providing me with peace of mind about my health. Plus its super easy to operate even for someone who isnt tech-savvy. The battery life lasts me a full week which is a major plus. Highly recommended for anyone looking to blend technology with fitness.,2023-10-01,"{""Mic"": ""Not mentioned"", ""EQmodes"": ""Not mentioned"", ""DeepBass"": ""Not mentioned"", ""Foldable"": ""Not mentioned"", ""playtime"": ""a full week"", ""ComfortFit"": ""Not mentioned"", ""Batterylife"": ""a full week"", ""NoiseCancellation"": ""Not mentioned""}"
557,24,Henry Lewis,4,Overall a great fitness tracker! I use it for my workouts daily and it accurately tracks my steps and calories. The design is sleek and stylish and I love the water resistance. However I did experience some minor issues with the Bluetooth connection dropping occasionally. Despite this I would recommend it for casual fitness enthusiasts!,2023-10-01,"{""Mic"": ""Not mentioned"", ""EQmodes"": ""Not mentioned"", ""DeepBass"": ""Not mentioned"", ""Foldable"": ""Not mentioned"", ""playtime"": ""Not mentioned"", ""ComfortFit"": ""Not mentioned"", ""Batterylife"": ""Not mentioned"", ""NoiseCancellation"": ""Not mentioned""}"
558,24,Ivy Walker,2,The Nexvo smartwatch seemed promising but Ive encountered several issues. The sleep tracking feature doesnt seem very accurate and the app can be glitchy at times. While the aesthetics are appealing I expected more from a fitness tracking device. Not the worst but definitely not a keeper for me.,2023-10-01,"{""Mic"": """", ""EQmodes"": """", ""DeepBass"": """", ""Foldable"": """", ""playtime"": """", ""ComfortFit"": """", ""Batterylife"": """", ""NoiseCancellation"": """"}"
559,24,Jack Brown,5,Absolutely love this smartwatch! Its durable stylish and packed with features that help me stay on top of my health goals. The battery life is impressive lasting me over a week of daily use. Plus the weather updates and reminders have really helped me be more active. I would recommend this to anyone looking for an excellent fitness tracker!,2023-10-01,"{""Mic"": ""Not mentioned"", ""EQmodes"": ""Not mentioned"", ""DeepBass"": ""Not mentioned"", ""Foldable"": ""Not mentioned"", ""playtime"": ""lasting me over a week of daily use"", ""ComfortFit"": ""Not mentioned"", ""Batterylife"": ""lasting me over a week of daily use"", ""NoiseCancellation"": ""Not mentioned""}"
560,24,Kimberly Davis,3,Its a decent smartwatch but it has some quirks. The build quality could be better and I had some trouble with notifications not coming through consistently. On the flip side the fitness tracking works well and it looks nice on my wrist. I might keep using it but Im also considering other options for better reliability.,2023-10-01,"{""Mic"": """", ""EQmodes"": """", ""DeepBass"": """", ""Foldable"": """", ""playtime"": """", ""ComfortFit"": """", ""Batterylife"": """", ""NoiseCancellation"": """"}"
561,24,Liam Young,4,Great smartwatch! The health monitoring features are particularly useful for me as I try to improve my overall wellness. The design is modern and it fits comfortably on my wrist. The only complaint I have is that the app is a bit slow at times. Nevertheless its a solid purchase and definitely worth the investment.,2023-10-01,"{""Mic"": """", ""EQmodes"": """", ""DeepBass"": """", ""Foldable"": """", ""playtime"": """", ""ComfortFit"": ""fits comfortably on my wrist"", ""Batterylife"": """", ""NoiseCancellation"": """"}"
562,24,Mia Turner,1,I regret buying this product. The smartwatch was supposed to help with my fitness tracking but it hardly worked as advertised. It wouldnt connect to my phone properly and after just a week it was unusable. Customer support was a nightmare to contact. Save yourself the trouble and choose a different brand.,2023-10-01,"{""Mic"": """", ""EQmodes"": """", ""DeepBass"": """", ""Foldable"": """", ""playtime"": """", ""ComfortFit"": """", ""Batterylife"": """", ""NoiseCancellation"": """"}"
563,24,Nathan Green,5,This is hands down the best smartwatch Ive ever owned! The features are top-notch; I especially love the breathing exercises which help with stress management. It syncs seamlessly with my phone letting me receive notifications and control music right from my wrist. Plus the battery lasts forever! I heartily recommend the Nexvo to anyone looking to enhance their fitness journey!,2023-10-01,"{""Mic"": ""Not mentioned"", ""EQmodes"": ""Not mentioned"", ""DeepBass"": ""Not mentioned"", ""Foldable"": ""Not mentioned"", ""playtime"": ""Not mentioned"", ""ComfortFit"": ""Not mentioned"", ""Batterylife"": ""The battery lasts forever"", ""NoiseCancellation"": ""Not mentioned""}"
564,24,Olivia White,3,The smartwatch is okay but its not without challenges. I appreciate the variety of sports modes available which keeps my workouts interesting. However I was disappointed by the accuracy of the heart rate monitor; it sometimes gives readings that seem off. Its a useful tool overall but there are definitely areas for improvement.,2023-10-01,"{""Mic"": """", ""EQmodes"": """", ""DeepBass"": """", ""Foldable"": """", ""playtime"": """", ""ComfortFit"": """", ""Batterylife"": """", ""NoiseCancellation"": """"}"
565,24,Paul Adams,4,Impressive features for the price! The Nexvo smartwatch offers excellent heart rate tracking and sleep analysis. I enjoy the daily reminders that help keep me active although the initial setup was a bit tricky. Overall its a good investment for anyone looking to monitor their health and wellness.,2023-10-01,"{""Mic"": """", ""EQmodes"": """", ""DeepBass"": """", ""Foldable"": """", ""playtime"": """", ""ComfortFit"": """", ""Batterylife"": """", ""NoiseCancellation"": """"}"
566,24,Quinn Scott,2,There are pros and cons with the Nexvo smartwatch. While I really like the style and it tracks basic fitness metrics well the battery life is disappointing—it doesnt last as long as advertised. Id hoped for a more reliable product given the positive hype but sadly its not what I expected.,2023-10-01,"{""Mic"": ""N/A"", ""EQmodes"": ""N/A"", ""DeepBass"": ""N/A"", ""Foldable"": ""N/A"", ""playtime"": ""N/A"", ""ComfortFit"": ""N/A"", ""Batterylife"": ""disappointing—it doesn't last as long as advertised"", ""NoiseCancellation"": ""N/A""}"
567,24,Rita Baker,5,What an amazing product! The Nexvo smartwatch is everything I wanted and more. The heart rate and blood pressure tracking give me confidence about my health plus the variety of sports modes keeps me motivated. The design is also classy and comfortable to wear all day. This has definitely helped me to stick to my fitness goals.,2023-10-01,"{""Mic"": """", ""EQmodes"": """", ""DeepBass"": """", ""Foldable"": """", ""playtime"": """", ""ComfortFit"": ""comfortable to wear all day"", ""Batterylife"": """", ""NoiseCancellation"": """"}"
568,24,Samuel Bell,1,Worst purchase Ive made! The smartwatch malfunctioned within a week and then just stopped working altogether. Customer service was unresponsive and did not assist with my issue. The features were appealing but overall it was an utter disappointment. I would not recommend this to anyone.,2023-10-01,"{""Mic"": """", ""EQmodes"": """", ""DeepBass"": """", ""Foldable"": """", ""playtime"": """", ""ComfortFit"": """", ""Batterylife"": """", ""NoiseCancellation"": """"}"
569,24,Tina Evans,4,Ive been using the Nexvo smartwatch for a few weeks and Im quite pleased! The fitness tracking features are very comprehensive. The only issue Ive encountered is some mild inconvenience with the app as it lags sometimes. Overall its a great buy for someone looking to improve their health tracking.,2023-10-01,"{""Mic"": """", ""EQmodes"": """", ""DeepBass"": """", ""Foldable"": """", ""playtime"": """", ""ComfortFit"": """", ""Batterylife"": """", ""NoiseCancellation"": """"}"
570,24,Victor Ramirez,3,The Nexvo smartwatch has a sleek design and a lot of great features. I particularly appreciate the reminders to move which keep me active throughout the day. However I did wish the battery lasted longer since it needs charging every few days. Its a mixed bag but Im still finding it useful!,2023-10-01,"{""Mic"": ""Not applicable"", ""EQmodes"": ""Not applicable"", ""DeepBass"": ""Not applicable"", ""Foldable"": ""Not applicable"", ""playtime"": ""Not applicable"", ""ComfortFit"": ""Not applicable"", ""Batterylife"": ""needs charging every few days"", ""NoiseCancellation"": ""Not applicable""}"
571,24,Wendy Harris,2,The Nexvo has a stylish design but it came with multiple issues. The syncing with my phone can be hit or miss and Ive found the fitness tracking to not be entirely reliable. Given the price point I expected better functionality. Its somewhat useful but I wouldnt recommend it outright.,2023-10-01,"{""Mic"": """", ""EQmodes"": """", ""DeepBass"": """", ""Foldable"": """", ""playtime"": """", ""ComfortFit"": """", ""Batterylife"": """", ""NoiseCancellation"": """"}"
572,24,Xavier King,5,Simply fantastic! The Nexvo smartwatch has changed my daily routine for the better. The build quality is impressive and its packed with helpful features from health monitoring to fitness tracking. The battery life is incredible—I havent charged it in days! I cant imagine going back to life without this gadget.,2023-10-01,"{""Mic"": ""Not mentioned"", ""EQmodes"": ""Not mentioned"", ""DeepBass"": ""Not mentioned"", ""Foldable"": ""Not mentioned"", ""playtime"": ""Not mentioned"", ""ComfortFit"": ""Not mentioned"", ""Batterylife"": ""incredible—I haven't charged it in days!"", ""NoiseCancellation"": ""Not mentioned""}"
575,25,Emily Chen,5,I absolutely love this smartwatch! The build quality is excellent and the design is very stylish. The 1.8-inch touch screen is vibrant and easy to read. It connects perfectly with my phone using Bluetooth 5.3 and I can answer calls without even taking my phone out of my pocket! The variety of sports modes available is impressive and the health monitoring features help me stay on top of my fitness goals. Highly recommend for anyone looking for a reliable fitness tracker!,2023-10-01,"{""Mic"": """", ""EQmodes"": """", ""DeepBass"": """", ""Foldable"": """", ""playtime"": """", ""ComfortFit"": """", ""Batterylife"": """", ""NoiseCancellation"": """"}"
576,25,Thomas Rivera,5,This smartwatch is a game changer! The Alexa integration is smooth and makes managing my schedule a breeze. I especially appreciate the waterproof feature; I wore it while swimming and it performed flawlessly. Battery life is also fantastic; Ive been using it heavily for over a week without needing a recharge. The customizable dials allow me to express my style making it a perfect match for any occasion. Totally worth the investment!,2023-10-01,"{""Mic"": ""Not mentioned"", ""EQmodes"": ""Not mentioned"", ""DeepBass"": ""Not mentioned"", ""Foldable"": ""Not mentioned"", ""playtime"": ""Not mentioned"", ""ComfortFit"": ""Not mentioned"", ""Batterylife"": ""over a week without needing a recharge"", ""NoiseCancellation"": ""Not mentioned""}"
957,41,David Harris,2,Not impressed at all. The tablet froze on me multiple times and the customer service was less than helpful in solving the issues. I thought I could rely on it for quick tasks but the performance has been disappointing. I only give it two stars because the display looks nice when it works.,2023-10-01,"{""Mic"": """", ""EQmodes"": """", ""DeepBass"": """", ""Foldable"": """", ""playtime"": """", ""ComfortFit"": """", ""Batterylife"": """", ""NoiseCancellation"": """"}"
577,25,Jessica Wu,4,I really like my new smartwatch. The performance is great and it has fantastic health monitoring capabilities. I was amazed by the accuracy of the heart rate and SpO2 tracking. The only downside is that the initial setup was slightly confusing but once I got the hang of it everything was smooth sailing. The design is sleek and fits comfortably on my wrist. For the price it offers a lot of value!,2023-10-01,"{""Mic"": """", ""EQmodes"": """", ""DeepBass"": """", ""Foldable"": """", ""playtime"": """", ""ComfortFit"": ""fits comfortably on my wrist"", ""Batterylife"": """", ""NoiseCancellation"": """"}"
578,25,David Johnson,4,Ive been using this smartwatch for a few weeks now and Im impressed overall. The IP68 waterproof rating gives me peace of mind while running in the rain. However I did face some challenges with the companion app; its occasionally buggy and unresponsive. I can overlook that since the watch itself has so many great features. Overall a solid choice and good buy for fitness enthusiasts!,2023-10-01,"{""Mic"": """", ""EQmodes"": """", ""DeepBass"": """", ""Foldable"": """", ""playtime"": """", ""ComfortFit"": """", ""Batterylife"": """", ""NoiseCancellation"": """"}"
579,25,Megan Brown,3,This smartwatch has both pros and cons. On one hand the build quality and design are commendable. It looks great and feels good on the wrist. On the other hand the battery life is a bit disappointing; it doesnt last as long as I expected. I also wish it could reply to messages instead of just showing notifications. While it fulfills my basic needs I might consider other options next time.,2023-10-01,"{""Mic"": ""Not applicable"", ""EQmodes"": ""Not applicable"", ""DeepBass"": ""Not applicable"", ""Foldable"": ""Not applicable"", ""playtime"": ""Not explicitly mentioned"", ""ComfortFit"": ""feels good on the wrist"", ""Batterylife"": ""a bit disappointing; it doesn't last as long as expected"", ""NoiseCancellation"": ""Not applicable""}"
580,25,Peter Smith,3,Its an okay smartwatch but it doesnt quite meet my expectations. The health features are useful but the app tends to crash occasionally which is frustrating. I love the variety of sports modes but I feel like some of them are redundant. The battery life seems decent so far but overall its a mixed bag. Its nice for casual use but I was hoping for more robust functionality.,2023-10-01,"{""Mic"": ""N/A"", ""EQmodes"": ""N/A"", ""DeepBass"": ""N/A"", ""Foldable"": ""N/A"", ""playtime"": ""N/A"", ""ComfortFit"": ""N/A"", ""Batterylife"": ""decent"", ""NoiseCancellation"": ""N/A""}"
581,25,Sarah Parker,2,I wasnt very impressed with this smartwatch. The performance is slow and I found it challenging to navigate through the menus. The build quality feels a bit flimsy which worries me about long-term use. While it has some decent features it didnt offer the level of reliability I needed for my workouts. I would recommend looking for alternatives if you want a more robust option.,2023-10-01,"{""Mic"": """", ""EQmodes"": """", ""DeepBass"": """", ""Foldable"": """", ""playtime"": """", ""ComfortFit"": """", ""Batterylife"": """", ""NoiseCancellation"": """"}"
582,25,Nathan Adams,2,Disappointed with my purchase. The watch started glitching after just a couple of days. I tried troubleshooting but nothing worked and customer support took forever to respond. The design is nice and I liked the look of it but if it doesnt perform well whats the point? I wouldnt buy again or recommend it to anyone who values reliability.,2023-10-01,"{""Mic"": """", ""EQmodes"": """", ""DeepBass"": """", ""Foldable"": """", ""playtime"": """", ""ComfortFit"": """", ""Batterylife"": """", ""NoiseCancellation"": """"}"
583,25,Laura Green,1,Unfortunately this has been a terrible experience for me. The smartwatch stopped charging after just a week and all attempts to contact support were met with silence. I loved the features on paper but the execution fell flat. Its frustrating to spend money on something that quickly becomes useless. Save your time and money; Id recommend avoiding this product.,2023-10-01,"{""Mic"": ""Not applicable"", ""EQmodes"": ""Not applicable"", ""DeepBass"": ""Not applicable"", ""Foldable"": ""Not applicable"", ""playtime"": ""Not applicable"", ""ComfortFit"": ""Not applicable"", ""Batterylife"": ""Not applicable"", ""NoiseCancellation"": ""Not applicable""}"
584,25,James Wilson,1,What a letdown! The watch looked good but thats where the positives end. It failed to track my workouts accurately and the battery barely lasted a day. I attempted to return it but the process was convoluted and time-consuming. I was very excited about the promised features but it simply did not deliver. Very dissatisfied with my purchase.,2023-10-01,"{""Mic"": ""Not applicable"", ""EQmodes"": ""Not applicable"", ""DeepBass"": ""Not applicable"", ""Foldable"": ""Not applicable"", ""playtime"": ""Not applicable"", ""ComfortFit"": ""Not applicable"", ""Batterylife"": ""barely lasted a day"", ""NoiseCancellation"": ""Not applicable""}"
585,25,Diana Clark,5,This smartwatch has transformed my fitness routine! The responsive touch screen makes it easy to check my stats during workouts and the health tracking is incredibly reliable. I love the fact that I can swim with it on thanks to its waterproof rating. The Alexa feature is super convenient for controlling my smart home devices. In my opinion this is the best smartwatch Ive owned so far! Highly recommend!,2023-10-01,"{""Mic"": """", ""EQmodes"": """", ""DeepBass"": """", ""Foldable"": """", ""playtime"": """", ""ComfortFit"": """", ""Batterylife"": """", ""NoiseCancellation"": """"}"
586,25,Brian Hunter,4,I am pleased with my Nexvo smartwatch. The vibrant display and customizable dials are a big plus. I love the wide range of sports modes available for tracking although I found some modes could be more accurately defined. The app is somewhat user-friendly but can be slow at times. While I think its a great value for the price its almost perfect with minor tweaks needed on the software side.,2023-10-01,"{""Mic"": """", ""EQmodes"": """", ""DeepBass"": """", ""Foldable"": """", ""playtime"": """", ""ComfortFit"": """", ""Batterylife"": """", ""NoiseCancellation"": """"}"
587,25,Sophia Roberts,3,This smartwatch does the job but has its share of issues. I appreciate the health monitoring which works well but the phone notifications sometimes delay. The build design is attractive and comfortable to wear but I feel the battery life could last longer especially with heavy use. For the price its decent but I expected a bit more performance-wise.,2023-10-01,"{""Mic"": ""Not applicable."", ""EQmodes"": ""Not applicable."", ""DeepBass"": ""Not applicable."", ""Foldable"": ""Not applicable."", ""playtime"": ""Not applicable."", ""ComfortFit"": ""Comfortable to wear."", ""Batterylife"": ""Battery life could last longer, especially with heavy use."", ""NoiseCancellation"": ""Not applicable.""}"
588,25,Christopher Lee,2,I wanted to love this smartwatch but it just fell short. While the design is sleek and stylish the functionality is lacking. The heart rate monitor isnt very accurate which concerns me when Im trying to track my workouts. Additionally I encountered a few glitches when syncing with my phone. It works but I wouldnt recommend it for serious fitness enthusiasts.,2023-10-01,"{""Mic"": """", ""EQmodes"": """", ""DeepBass"": """", ""Foldable"": """", ""playtime"": """", ""ComfortFit"": """", ""Batterylife"": """", ""NoiseCancellation"": """"}"
955,41,Michael Lee,3,The Nexvo tablet offers some great features but the battery life is just okay. I was hoping it would last longer during my travel but I find myself charging it more frequently than expected. It performs well for casual browsing and watching videos but if you are a heavy user you might find it lacking.,2023-10-01,"{""Mic"": ""N/A"", ""EQmodes"": ""N/A"", ""DeepBass"": ""N/A"", ""Foldable"": ""N/A"", ""playtime"": ""N/A"", ""ComfortFit"": ""N/A"", ""Batterylife"": ""just okay"", ""NoiseCancellation"": ""N/A""}"
589,25,Olivia Martin,1,Absolute disappointment! The product did not work as advertised. The app crashes every time I try to sync it with my phone. Whats worse is that customer service was unhelpful when I reached out for support. The watch itself feels cheap and was not worth my investment. I wish I could give it zero stars—definitely not purchasing a Nexvo product again.,2023-10-01,"{""Mic"": """", ""EQmodes"": """", ""DeepBass"": """", ""Foldable"": """", ""playtime"": """", ""ComfortFit"": """", ""Batterylife"": """", ""NoiseCancellation"": """"}"
590,25,Adam Cooper,5,This smartwatch is simply wonderful! The usability is top-notch and I can easily navigate through the menus. I especially enjoy using Alexa for quick updates. It tracks my fitness accurately which keeps me motivated to hit my goals. Ive had no issues with connectivity and the battery lasts longer than expected. I absolutely recommend this smartwatch to anyone looking for a stylish reliable fitness tracker.,2023-10-01,"{""Mic"": ""Not mentioned"", ""EQmodes"": ""Not mentioned"", ""DeepBass"": ""Not mentioned"", ""Foldable"": ""Not mentioned"", ""playtime"": ""Not mentioned"", ""ComfortFit"": ""Not mentioned"", ""Batterylife"": ""longer than expected"", ""NoiseCancellation"": ""Not mentioned""}"
591,25,Grace Walker,5,Incredible smartwatch! The build quality feels premium and the performance is exceptional. I love being able to answer calls without fumbling for my phone and the swimming feature has been a game changer for my fitness routine. I was pleasantly surprised by the range of customizable watch faces; I switch them up often to match my outfits! Truly an outstanding product that exceeded my expectations.,2023-10-01,"{""Mic"": """", ""EQmodes"": """", ""DeepBass"": """", ""Foldable"": """", ""playtime"": """", ""ComfortFit"": """", ""Batterylife"": """", ""NoiseCancellation"": """"}"
592,25,Jack Thompson,4,Im quite satisfied with this smartwatch. The features are robust and I use it daily for everything from tracking workouts to receiving notifications. My only issue was with the setup; it took a bit longer than I envisioned. The battery performance is excellent lasting several days before needing a charge. Overall its a solid choice for anyone who wants a reliable smartwatch without breaking the bank.,2023-10-01,"{""Mic"": ""N/A"", ""EQmodes"": ""N/A"", ""DeepBass"": ""N/A"", ""Foldable"": ""N/A"", ""playtime"": ""N/A"", ""ComfortFit"": ""N/A"", ""Batterylife"": ""lasting several days before needing a charge"", ""NoiseCancellation"": ""N/A""}"
593,25,Kimberly Harris,4,This smartwatch has become my daily companion. I appreciate the various health monitoring features especially the sleep tracking. The only downside is that the app can be a bit glitchy at times which makes it frustrating when syncing data. However the responsiveness of the watch itself is very good and I love the customizable options for the dials. Overall a good buy for the features offered.,2023-10-01,"{""Mic"": """", ""EQmodes"": """", ""DeepBass"": """", ""Foldable"": """", ""playtime"": """", ""ComfortFit"": """", ""Batterylife"": """", ""NoiseCancellation"": """"}"
594,25,Ethan Robinson,3,Its a decent smartwatch but it hasnt blown me away. The design is modern and sleek which I really like. However I encountered some bugs while using the app on my phone and those can get annoying. Performance-wise it does the job but I expected a more robust feature set for the price. If youre looking for a basic tracker its fine but I would explore other options for more comprehensive features.,2023-10-01,"{""Mic"": """", ""EQmodes"": """", ""DeepBass"": """", ""Foldable"": """", ""playtime"": """", ""ComfortFit"": """", ""Batterylife"": """", ""NoiseCancellation"": """"}"
595,25,Lily Evans,1,I regret buying this smartwatch. It malfunctioned just after three weeks and the customer service was unresponsive when I reached out for help. I loved the style and functions when it worked but reliability is key and this watch failed that test. Its a shame because it had potential but I cant recommend it to others based on my disappointing experience.,2023-10-01,"{""Mic"": """", ""EQmodes"": """", ""DeepBass"": """", ""Foldable"": """", ""playtime"": """", ""ComfortFit"": """", ""Batterylife"": """", ""NoiseCancellation"": """"}"
596,25,Oliver Scott,2,Not very impressive. While I enjoyed the aesthetics and some of the functionality the tracking features often return inaccurate data which concerns me as someone focused on fitness. Additionally the battery life was not up to par; I found myself charging it every couple of days. Its not a complete write-off but I am looking to switch to a more reliable option in the near future.,2023-10-01,"{""Mic"": ""Not mentioned."", ""EQmodes"": ""Not mentioned."", ""DeepBass"": ""Not mentioned."", ""Foldable"": ""Not mentioned."", ""playtime"": ""The user mentioned charging every couple of days, implying a playtime of approximately 2 days."", ""ComfortFit"": ""Not mentioned."", ""Batterylife"": ""The user found the battery life insufficient, requiring charging every couple of days."", ""NoiseCancellation"": ""Not mentioned.""}"
597,25,Natalie Young,5,I cant say enough good things about this smartwatch! Its been a fantastic addition to my daily routine. The connectivity with my phone is seamless and Ive received numerous compliments on its sleek design. The fitness tracking features truly motivate me to stay active throughout the day. It even survived a swim which boosts my confidence in its durability. A definite purchase if youre considering a smartwatch!,2023-10-01,"{""Mic"": """", ""EQmodes"": """", ""DeepBass"": """", ""Foldable"": """", ""playtime"": """", ""ComfortFit"": """", ""Batterylife"": """", ""NoiseCancellation"": """"}"
598,26,Emily Johnson,5,I couldnt be happier with the Vyron fitness tracker! The sleek design and customizable straps let me match it with my outfits effortlessly. The health tracking features are spot on—I love checking my heart rate throughout the day. The battery life is impressive lasting over a week on a single charge. Overall its not just a fitness tracker but a stylish accessory as well!,2023-10-01,"{""Mic"": ""N/A"", ""EQmodes"": ""N/A"", ""DeepBass"": ""N/A"", ""Foldable"": ""N/A"", ""playtime"": ""lasting over a week on a single charge"", ""ComfortFit"": ""customizable straps"", ""Batterylife"": ""lasting over a week on a single charge"", ""NoiseCancellation"": ""N/A""}"
599,26,Michael Brown,5,This tracker ticks all the boxes! The ease of use is fantastic; I had it synced with my phone in minutes. The blood oxygen feature is particularly useful as Im into high-intensity workouts. Plus being able to monitor my sleep patterns has helped improve my rest. Highly recommend this for anyone serious about their fitness journey!,2023-10-01,"{""Mic"": """", ""EQmodes"": """", ""DeepBass"": """", ""Foldable"": """", ""playtime"": """", ""ComfortFit"": """", ""Batterylife"": """", ""NoiseCancellation"": """"}"
600,26,Jessica White,4,Great fitness tracker with a stylish look! It tracks my daily activities accurately and I love the hydration reminders—super helpful during workouts. My only minor complaint is that it can be a bit slow in loading notifications. But overall its a solid device that I would definitely recommend to friends.,2023-10-01,"{""Mic"": """", ""EQmodes"": """", ""DeepBass"": """", ""Foldable"": """", ""playtime"": """", ""ComfortFit"": """", ""Batterylife"": """", ""NoiseCancellation"": """"}"
601,26,Daniel Green,4,Ive had this tracker for about a month now and its been quite reliable. The design is sleek and fits well on my wrist plus I appreciate the sleep tracking feature. However I wish the interface was a little more responsive. Otherwise it performs well and integrates nicely with my smartphone.,2023-10-01,"{""Mic"": """", ""EQmodes"": """", ""DeepBass"": """", ""Foldable"": """", ""playtime"": """", ""ComfortFit"": ""fits well on my wrist"", ""Batterylife"": """", ""NoiseCancellation"": """"}"
602,26,Samantha Lee,3,The Vyron tracker is decent but has its quirks. The build quality feels good but sometimes the heart rate monitor lags a bit. I do appreciate the variety of sports modes but some features like the menstrual cycle tracker feel unnecessary for me. Overall its functional but not without its flaws.,2023-10-01,"{""Mic"": ""Not mentioned"", ""EQmodes"": ""Not mentioned"", ""DeepBass"": ""Not mentioned"", ""Foldable"": ""Not mentioned"", ""playtime"": ""Not mentioned"", ""ComfortFit"": ""Not mentioned"", ""Batterylife"": ""Not mentioned"", ""NoiseCancellation"": ""Not mentioned""}"
603,26,Matthew Clark,3,This fitness tracker meets basic expectations but I felt underwhelmed. While the battery lasts a decent amount of time navigating the interface can be cumbersome at times. The heart rate tracking seems accurate but the sleep monitoring isnt as precise as I hoped. Its not bad but I expected more for the price.,2023-10-01,"{""Mic"": ""Not mentioned"", ""EQmodes"": ""Not mentioned"", ""DeepBass"": ""Not mentioned"", ""Foldable"": ""Not mentioned"", ""playtime"": ""Not mentioned"", ""ComfortFit"": ""Not mentioned"", ""Batterylife"": ""decent amount of time"", ""NoiseCancellation"": ""Not mentioned""}"
604,26,Laura Thomas,2,I had high hopes for the Vyron but I was disappointed. The heart rate readings were often inconsistent which made it tricky to rely on during my workouts. I also found it challenging to set up properly. It looks nice and the functionalities are good in theory but in practice it didnt live up to my expectations.,2023-10-01,"{""Mic"": """", ""EQmodes"": """", ""DeepBass"": """", ""Foldable"": """", ""playtime"": """", ""ComfortFit"": """", ""Batterylife"": """", ""NoiseCancellation"": """"}"
605,26,James Smith,2,The tracker didnt perform as well as advertised. It frequently lost sync with my phone and the battery life wasnt as long as promised. I liked the design and the concept of the features but the execution fell short. If youre looking for something reliable you might want to consider other options.,2023-10-01,"{""Mic"": ""Not mentioned."", ""EQmodes"": ""Not mentioned."", ""DeepBass"": ""Not mentioned."", ""Foldable"": ""Not mentioned."", ""playtime"": ""Not mentioned."", ""ComfortFit"": ""Not mentioned."", ""Batterylife"": ""The battery life wasn't as long as promised."", ""NoiseCancellation"": ""Not mentioned.""}"
606,26,Lucy Adams,1,Completely dissatisfied! My Vyron tracker stopped working just a few days in and the customer support team was unresponsive. I expected so much more from this product especially given the price. Its frustrating that it failed to meet even the basic usability standards. I wouldnt recommend it to anyone.,2023-10-01,"{""Mic"": """", ""EQmodes"": """", ""DeepBass"": """", ""Foldable"": """", ""playtime"": """", ""ComfortFit"": """", ""Batterylife"": """", ""NoiseCancellation"": """"}"
607,26,Brian Walker,1,Awful experience with this tracker. The interface is clunky and not user-friendly at all. My blood pressure readings were way off compared to my doctors measurements. I only used it for a week before returning it. Save your money and look elsewhere!,2023-10-01,"{""Mic"": """", ""EQmodes"": """", ""DeepBass"": """", ""Foldable"": """", ""playtime"": """", ""ComfortFit"": """", ""Batterylife"": """", ""NoiseCancellation"": """"}"
608,26,Olivia Perez,5,This tracker has transformed my fitness routine! I love how lightweight and comfortable it is to wear even during long workouts. The sleep tracking has been incredibly insightful and I finally understand how to improve my rest. The battery life is fantastic too—I charged it once and it lasted me almost two weeks!,2023-10-01,"{""Mic"": """", ""EQmodes"": """", ""DeepBass"": """", ""Foldable"": """", ""playtime"": """", ""ComfortFit"": ""lightweight and comfortable"", ""Batterylife"": ""almost two weeks"", ""NoiseCancellation"": """"}"
609,26,Kevin King,5,Im amazed at how versatile the Vyron tracker is! The interface is intuitive and I can switch between sports modes with ease. It fits nicely into my active lifestyle and the customizable straps mean I can change it up for any occasion. Truly a fantastic purchase for anyone looking to enhance their fitness tracking!,2023-10-01,"{""Mic"": """", ""EQmodes"": """", ""DeepBass"": """", ""Foldable"": """", ""playtime"": """", ""ComfortFit"": ""fits nicely into active lifestyle"", ""Batterylife"": """", ""NoiseCancellation"": """"}"
610,26,Natalie Young,4,Overall Im pleased with the Vyron fitness tracker. The blood oxygen analysis feature is a standout. I did have a small issue connecting it to my iPhone but after following some online tips it worked perfectly. Design-wise its fashionable and I love wearing it every day but it could use slight improvements on the app side.,2023-10-01,"{""Mic"": """", ""EQmodes"": """", ""DeepBass"": """", ""Foldable"": """", ""playtime"": """", ""ComfortFit"": """", ""Batterylife"": """", ""NoiseCancellation"": """"}"
611,26,Noah Scott,4,Really good value for the price! I appreciate the multiple features like activity tracking and hydration reminders. The aesthetics are top-notch and it pairs well with my outfits! However it feels a bit bulky on my wrist sometimes. Minor point aside I think its great for casual fitness enthusiasts.,2023-10-01,"{""Mic"": """", ""EQmodes"": """", ""DeepBass"": """", ""Foldable"": """", ""playtime"": """", ""ComfortFit"": ""It feels a bit bulky on my wrist sometimes."", ""Batterylife"": """", ""NoiseCancellation"": """"}"
612,26,Sophia Martinez,3,The tracker looks great and I love the customizable straps! However I experienced some frustrating connectivity issues with my Android phone. The heart rate monitor seems to be accurate but the sleep tracking was inconsistent at times. Id say its good for beginners but there are definitely improvements to be made.,2023-10-01,"{""Mic"": """", ""EQmodes"": """", ""DeepBass"": """", ""Foldable"": """", ""playtime"": """", ""ComfortFit"": """", ""Batterylife"": """", ""NoiseCancellation"": """"}"
613,26,Logan Hill,3,Decent tracker overall but I expected more given the hype. The interface isnt as responsive as I would like and the blood pressure readings seem a bit off when tested against traditional methods. I do enjoy the basic activity tracking but it feels like theres just something missing to elevate it to the next level.,2023-10-01,"{""Mic"": """", ""EQmodes"": """", ""DeepBass"": """", ""Foldable"": """", ""playtime"": """", ""ComfortFit"": """", ""Batterylife"": """", ""NoiseCancellation"": """"}"
614,26,Chloe Wright,2,The device started acting up after just two weeks. The app freezes frequently which made tracking my progress frustrating. I do like the design and style but it needs better build quality for long-term reliability. Its functional but not worth the hassle for serious fitness tracking.,2023-10-01,"{""Mic"": """", ""EQmodes"": """", ""DeepBass"": """", ""Foldable"": """", ""playtime"": """", ""ComfortFit"": """", ""Batterylife"": """", ""NoiseCancellation"": """"}"
615,26,Ethan Evans,2,This fitness tracker is okay but it wasnt what I expected. The build quality seems a little cheap and the battery life was disappointing. It has potential with its features but frequent bugs make it less reliable. I might consider returning it if it doesnt improve in the next few weeks.,2023-10-01,"{""Mic"": ""not mentioned"", ""EQmodes"": ""not mentioned"", ""DeepBass"": ""not mentioned"", ""Foldable"": ""not mentioned"", ""playtime"": ""not mentioned"", ""ComfortFit"": ""not mentioned"", ""Batterylife"": ""disappointing"", ""NoiseCancellation"": ""not mentioned""}"
973,41,Ryan Brooks,1,Extremely dissatisfied! The device failed to turn on after just a week of moderate use. Customer support was not helpful in resolving the issue. I wouldnt waste your money on this tablet.,2023-10-01,"{""Mic"": """", ""EQmodes"": """", ""DeepBass"": """", ""Foldable"": """", ""playtime"": """", ""ComfortFit"": """", ""Batterylife"": """", ""NoiseCancellation"": """"}"
616,26,Ava Simmons,1,I regret buying the Vyron fitness tracker. It broke within a month and despite trying to contact customer support I havent received any help. The design is sleek but it feels more like a fashion accessory than a reliable fitness tool. I wouldnt recommend it based on my experience.,2023-10-01,"{""Mic"": ""Not mentioned"", ""EQmodes"": ""Not mentioned"", ""DeepBass"": ""Not mentioned"", ""Foldable"": ""Not mentioned"", ""playtime"": ""Not mentioned"", ""ComfortFit"": ""Not mentioned"", ""Batterylife"": ""Not mentioned"", ""NoiseCancellation"": ""Not mentioned""}"
617,26,Wyatt Nelson,1,Utterly disappointed. I thought I was making a good investment in a fitness tracker but it hasnt worked properly since I got it. The heart rate feature is wildly inaccurate and the app is full of glitches. I wouldnt buy this again or recommend it to anyone else.,2023-10-01,"{""Mic"": """", ""EQmodes"": """", ""DeepBass"": """", ""Foldable"": """", ""playtime"": """", ""ComfortFit"": """", ""Batterylife"": """", ""NoiseCancellation"": """"}"
618,26,Mia Garcia,5,Absolutely love my Vyron fitness tracker! The continuous heart rate monitoring has been a game changer for my workouts. On top of that the design is gorgeous and I receive compliments all the time. The battery lasts for ages and its very user-friendly. This is a must-have for anyone serious about health and fitness!,2023-10-01,"{""Mic"": ""Not mentioned."", ""EQmodes"": ""Not mentioned."", ""DeepBass"": ""Not mentioned."", ""Foldable"": ""Not mentioned."", ""playtime"": ""Not mentioned."", ""ComfortFit"": ""Not mentioned."", ""Batterylife"": ""The battery lasts for ages."", ""NoiseCancellation"": ""Not mentioned.""}"
619,26,Isabella Brown,4,Great tracker with fantastic features! I love monitoring my sleep quality and the alerts for hydration are a nice touch. The only downside is the somewhat slow response time when navigating the app but thats not a dealbreaker. Overall I think this is a solid device and a good value for fitness lovers.,2023-10-01,"{""Mic"": """", ""EQmodes"": """", ""DeepBass"": """", ""Foldable"": """", ""playtime"": """", ""ComfortFit"": """", ""Batterylife"": """", ""NoiseCancellation"": """"}"
620,27,Alex Johnson,5,Absolutely love this smartwatch! The build quality is top-notch; its sturdy yet stylish. Setting it up was a breeze and the battery life is astonishing – I get about a week of use before needing a recharge. The health tracking features are incredibly detailed helping me stay on top of my fitness goals. Ive tried other brands but this one really delivers in performance and functionality. Highly recommend it!,2023-10-01,"{""Mic"": ""Not mentioned"", ""EQmodes"": ""Not mentioned"", ""DeepBass"": ""Not mentioned"", ""Foldable"": ""Not mentioned"", ""playtime"": ""Not mentioned"", ""ComfortFit"": ""Not mentioned"", ""Batterylife"": ""about a week of use before needing a recharge"", ""NoiseCancellation"": ""Not mentioned""}"
621,27,Emily Carter,5,This smartwatch has changed my daily routine for the better! The large touch screen is bright and colorful making it easy to check messages and notifications. I especially appreciate the heart rate monitoring and sleep tracking – it gives me insights that Ive never had before. Plus the customization options are endless! Im genuinely impressed with this product.,2023-10-01,"{""Mic"": """", ""EQmodes"": """", ""DeepBass"": """", ""Foldable"": """", ""playtime"": """", ""ComfortFit"": """", ""Batterylife"": """", ""NoiseCancellation"": """"}"
622,27,Joshua Kim,5,I was skeptical at first but this smartwatch has exceeded my expectations. The voice assistant works flawlessly for setting reminders and controlling music which is super convenient when Im on the go. The range of sports modes is fantastic; I can track everything from running to yoga. Its hardly ever out of charge and the overall performance is just seamless.,2023-10-01,"{""Mic"": ""Not mentioned"", ""EQmodes"": ""Not mentioned"", ""DeepBass"": ""Not mentioned"", ""Foldable"": ""Not mentioned"", ""playtime"": ""Not mentioned"", ""ComfortFit"": ""Not mentioned"", ""Batterylife"": ""hardly ever out of charge"", ""NoiseCancellation"": ""Not mentioned""}"
623,27,Chloe Davis,4,Really pleased with my purchase! The smartwatch has great design and feels comfortable on my wrist. I love the variety of watch faces available for personalization. However I did find the setup instructions a bit unclear at first which made connecting it to my phone a little confusing. Once I got that figured out its been smooth sailing ever since!,2023-10-01,"{""Mic"": """", ""EQmodes"": """", ""DeepBass"": """", ""Foldable"": """", ""playtime"": """", ""ComfortFit"": ""comfortable on my wrist"", ""Batterylife"": """", ""NoiseCancellation"": """"}"
624,27,Michael Brown,4,This watch has a lot going for it! The battery life is impressive lasting over six days with regular use. I particularly enjoy the activity tracking features. However I wish the customer support was a bit more responsive as I had a question that took a while to get addressed. Overall it offers great value for money.,2023-10-01,"{""Mic"": ""Not mentioned"", ""EQmodes"": ""Not mentioned"", ""DeepBass"": ""Not mentioned"", ""Foldable"": ""Not mentioned"", ""playtime"": ""lasting over six days with regular use"", ""ComfortFit"": ""Not mentioned"", ""Batterylife"": ""lasting over six days with regular use"", ""NoiseCancellation"": ""Not mentioned""}"
625,27,Sophia White,3,Its a decent smartwatch but not without its flaws. The features are good especially the fitness tracking but at times the interface can be a little sluggish. I also experienced some issues with Bluetooth connectivity which were frustrating. I think its suitable for casual users but those looking for advanced functionalities might want to explore other options.,2023-10-01,"{""Mic"": """", ""EQmodes"": """", ""DeepBass"": """", ""Foldable"": """", ""playtime"": """", ""ComfortFit"": """", ""Batterylife"": """", ""NoiseCancellation"": """"}"
626,27,Daniel Green,3,The design is sleek and the watch fits nicely on my wrist but I have to say I was expecting better performance. While the health monitoring features are accurate the battery drains faster than advertised when I use GPS. Its okay for daily notifications but it doesnt blow me away. I would say its an average purchase.,2023-10-01,"{""Mic"": ""Not applicable."", ""EQmodes"": ""Not applicable."", ""DeepBass"": ""Not applicable."", ""Foldable"": ""Not applicable."", ""playtime"": ""Not explicitly mentioned, but the battery life is less than expected when using GPS."", ""ComfortFit"": ""The watch fits nicely on the wrist."", ""Batterylife"": ""The battery drains faster than advertised when using GPS."", ""NoiseCancellation"": ""Not applicable.""}"
627,27,Amelia Martin,2,I had high hopes for this smartwatch but unfortunately it fell short. The build quality feels somewhat flimsy compared to others Ive tried and I experienced connectivity issues that affected the performance. Customer support was helpful but slow to respond. I wouldnt recommend this to someone looking for sturdiness and reliability.,2023-10-01,"{""Mic"": """", ""EQmodes"": """", ""DeepBass"": """", ""Foldable"": """", ""playtime"": """", ""ComfortFit"": """", ""Batterylife"": """", ""NoiseCancellation"": """"}"
628,27,James Wilson,2,Not a great experience overall. The smartwatch looked good at first but I found it very temperamental. The battery life didnt last anywhere near as long as advertised and sometimes the features simply wouldnt work. Its a disappointment compared to my previous smartwatch and Im not happy with the investment.,2023-10-01,"{""Mic"": ""Not mentioned."", ""EQmodes"": ""Not mentioned."", ""DeepBass"": ""Not mentioned."", ""Foldable"": ""Not mentioned."", ""playtime"": ""The battery life didn't last anywhere near as long as advertised."", ""ComfortFit"": ""Not mentioned."", ""Batterylife"": ""The battery life didn't last anywhere near as long as advertised."", ""NoiseCancellation"": ""Not mentioned.""}"
629,27,Mia Jones,1,Wasted my money on this watch! It worked for only a week before it started glitching out and shutting down. I tried reaching out to customer support but they were very unhelpful. The features I was excited about like health monitoring became unreliable. Extremely disappointed and definitely do not recommend.,2023-10-01,"{""Mic"": """", ""EQmodes"": """", ""DeepBass"": """", ""Foldable"": """", ""playtime"": """", ""ComfortFit"": """", ""Batterylife"": """", ""NoiseCancellation"": """"}"
630,27,Liam Garcia,1,I regret purchasing this smartwatch. It had so many promised features but none of them delivered. The battery died within a couple of days and I encountered bugs that rendered it almost useless. Its frustrating when a product looks good on paper but fails to perform. Save your money and look elsewhere!,2023-10-01,"{""Mic"": ""Not mentioned."", ""EQmodes"": ""Not mentioned."", ""DeepBass"": ""Not mentioned."", ""Foldable"": ""Not mentioned."", ""playtime"": ""The battery died within a couple of days."", ""ComfortFit"": ""Not mentioned."", ""Batterylife"": ""The battery died within a couple of days."", ""NoiseCancellation"": ""Not mentioned.""}"
631,27,Isla Rodriguez,4,Great smartwatch! I love how easy it is to customize watch faces – it feels unique every day. The performance is good for tracking my workouts and I find that it connects fairly well to my phone. However it can be a bit cumbersome to navigate through the various apps. Still its a solid choice for fitness enthusiasts.,2023-10-01,"{""Mic"": """", ""EQmodes"": """", ""DeepBass"": """", ""Foldable"": """", ""playtime"": """", ""ComfortFit"": """", ""Batterylife"": """", ""NoiseCancellation"": """"}"
632,27,Ethan Martinez,5,I cant say enough good things about this smartwatch! The design is sleek and it fits comfortably on my wrist. The health monitoring features are accurate and very useful for someone trying to maintain a balanced lifestyle. I also love the ease of use; I could set it up without any hassle. I highly recommend this for anyone looking for a reliable smartwatch.,2023-10-01,"{""Mic"": """", ""EQmodes"": """", ""DeepBass"": """", ""Foldable"": """", ""playtime"": """", ""ComfortFit"": ""Yes"", ""Batterylife"": """", ""NoiseCancellation"": """"}"
633,27,Sofia Lewis,3,This smartwatch is generally okay but not what I expected. The interface can be glitchy especially during software updates which is quite frustrating. I do appreciate the heart rate tracking but GPS could use improvement for accuracy. For the price I expected a better user experience.,2023-10-01,"{""Mic"": """", ""EQmodes"": """", ""DeepBass"": """", ""Foldable"": """", ""playtime"": """", ""ComfortFit"": """", ""Batterylife"": """", ""NoiseCancellation"": """"}"
634,27,Noah Hall,2,Not impressed at all with this purchase. The build quality seems cheap and the performance can be inconsistent. It seemed promising at first but after a few weeks I noticed several recurring issues like the screen freezing and notifications not syncing properly. It definitely could use some refinement.,2023-10-01,"{""Mic"": """", ""EQmodes"": """", ""DeepBass"": """", ""Foldable"": """", ""playtime"": """", ""ComfortFit"": """", ""Batterylife"": """", ""NoiseCancellation"": """"}"
635,27,Grace Allen,4,Overall Im happy with my smartwatch purchase. It has a great aesthetic and I love the variety of features available. The battery lasts quite a while even when Im using GPS. However I did find the customer support lacking when I had a minor issue. Still its a great addition to my daily routine.,2023-10-01,"{""Mic"": ""Not mentioned."", ""EQmodes"": ""Not mentioned."", ""DeepBass"": ""Not mentioned."", ""Foldable"": ""Not mentioned."", ""playtime"": ""Not mentioned."", ""ComfortFit"": ""Not mentioned."", ""Batterylife"": ""The battery lasts quite a while, even when using GPS."", ""NoiseCancellation"": ""Not mentioned.""}"
636,27,Oliver Young,5,What a fantastic device! As a fitness enthusiast I find this smartwatch incredibly useful for tracking my workouts and health metrics. The setup was straightforward and I love how it syncs seamlessly with my phone. Plus the voice assistant really makes my life easier. Highly endorse this product!,2023-10-01,"{""Mic"": """", ""EQmodes"": """", ""DeepBass"": """", ""Foldable"": """", ""playtime"": """", ""ComfortFit"": """", ""Batterylife"": """", ""NoiseCancellation"": """"}"
637,27,Ella Scott,3,Its an okay smartwatch but it has its ups and downs. While the customization options are fun I did run into some connectivity issues which slightly dampened my experience. The battery life is decent lasting a few days but Ive seen better in similar price ranges. I suppose its worth considering if youre not looking for top-tier performance.,2023-10-01,"{""Mic"": """", ""EQmodes"": """", ""DeepBass"": """", ""Foldable"": """", ""playtime"": """", ""ComfortFit"": """", ""Batterylife"": ""decent, lasting a few days"", ""NoiseCancellation"": """"}"
638,27,Lucas King,2,I had high expectations but this device is quite disappointing. The build feels less premium than I thought it would and Ive encountered ongoing issues with features like the heart rate monitor not syncing properly. I tried the online support but they were slow to respond to my queries. I wouldnt recommend this to serious users.,2023-10-01,"{""Mic"": """", ""EQmodes"": """", ""DeepBass"": """", ""Foldable"": """", ""playtime"": """", ""ComfortFit"": """", ""Batterylife"": """", ""NoiseCancellation"": """"}"
1098,47,James Wilson,1,Absolutely terrible. The performance is inconsistent and it frequently lags during simple tasks. I expected much more based on the specs. The display is nice but thats the only positive thing I can say. I regret this purchase and would warn others to look elsewhere.,2023-10-01,"{""Mic"": """", ""EQmodes"": """", ""DeepBass"": """", ""Foldable"": """", ""playtime"": """", ""ComfortFit"": """", ""Batterylife"": """", ""NoiseCancellation"": """"}"
639,27,Isabella Martinez,1,Terrible product. It stopped charging after a couple of weeks and the customer service was unhelpful. I was excited to use all the health features but I never got the chance since the watch constantly froze or failed to turn on. I wish I had gone with a different brand.,2023-10-01,"{""Mic"": ""Not mentioned"", ""EQmodes"": ""Not mentioned"", ""DeepBass"": ""Not mentioned"", ""Foldable"": ""Not mentioned"", ""playtime"": ""Not applicable"", ""ComfortFit"": ""Not mentioned"", ""Batterylife"": ""Stopped charging after a couple of weeks"", ""NoiseCancellation"": ""Not mentioned""}"
640,27,Harry Hill,5,This smartwatch is a game changer! The design is modern and feels high-end. The health features are detailed and I love the convenience of receiving notifications on my wrist. Battery life is spectacular lasting me more than a week. The Nexvo app is intuitive making it easy to manage everything. I totally recommend it to anyone!,2023-10-01,"{""Mic"": ""Not mentioned"", ""EQmodes"": ""Not mentioned"", ""DeepBass"": ""Not mentioned"", ""Foldable"": ""Not mentioned"", ""playtime"": ""Not mentioned"", ""ComfortFit"": ""Not mentioned"", ""Batterylife"": ""more than a week"", ""NoiseCancellation"": ""Not mentioned""}"
641,27,Charlotte Perez,4,A sleek and versatile smartwatch. I especially appreciate its fitness tracking capabilities which are spot on. The only downside is the occasional delay in notifications which can be a bit annoying. Nonetheless it looks great on my wrist and I love the personalization options available.,2023-10-01,"{""Mic"": """", ""EQmodes"": """", ""DeepBass"": """", ""Foldable"": """", ""playtime"": """", ""ComfortFit"": """", ""Batterylife"": """", ""NoiseCancellation"": """"}"
642,27,Benjamin Swanson,5,Im genuinely impressed by this smartwatch! Its super user-friendly and the battery life is phenomenal – I hardly worry about frequent charging. The heart rate and sleep tracking give me incredible insights and I love controlling my music during workouts. This is definitely worth every penny!,2023-10-01,"{""Mic"": ""Not mentioned"", ""EQmodes"": ""Not mentioned"", ""DeepBass"": ""Not mentioned"", ""Foldable"": ""Not mentioned"", ""playtime"": ""Not mentioned"", ""ComfortFit"": ""Not mentioned"", ""Batterylife"": ""phenomenal"", ""NoiseCancellation"": ""Not mentioned""}"
643,27,Ava Ross,3,The smartwatch is decent but I expected a bit more based on the marketing. The features are good though sometimes the interface lags. Battery life is fair and while it looks nice I have encountered a few bugs. Definitely a mixed bag of experiences.,2023-10-01,"{""Mic"": ""N/A"", ""EQmodes"": ""N/A"", ""DeepBass"": ""N/A"", ""Foldable"": ""N/A"", ""playtime"": ""N/A"", ""ComfortFit"": ""N/A"", ""Batterylife"": ""fair"", ""NoiseCancellation"": ""N/A""}"
644,27,Henry Adams,2,Not quite what I was hoping for. The watch looks good but the performance leaves a lot to be desired. It frequently disconnects from my phone and the battery drains quickly when using certain features. You can do better for the price.,2023-10-01,"{""Mic"": ""Not mentioned."", ""EQmodes"": ""Not mentioned."", ""DeepBass"": ""Not mentioned."", ""Foldable"": ""Not mentioned."", ""playtime"": ""Not mentioned."", ""ComfortFit"": ""Not mentioned."", ""Batterylife"": ""The battery drains quickly when using certain features."", ""NoiseCancellation"": ""Not mentioned.""}"
645,27,Madison Campbell,1,I had the worst experience with this smartwatch. It failed to connect properly with my phone right out of the box and shortly after it started glitching constantly. Its unfortunate because I was really looking forward to using it. Overall I would not recommend this to anyone.,2023-10-01,"{""Mic"": """", ""EQmodes"": """", ""DeepBass"": """", ""Foldable"": """", ""playtime"": """", ""ComfortFit"": """", ""Batterylife"": """", ""NoiseCancellation"": """"}"
646,28,Alice Johnson,5,Im absolutely in love with this easy-to-use pedometer watch! The design is simple yet stylish and the large LCD display is fantastic for my aging eyes. It tracks my steps effortlessly and even monitors my heart rate in real time. Ive tried other fitness trackers that required complicated apps but this one is perfect for someone like me who prefers a straightforward gadget. Highly recommend it!,2023-10-01,"{""Mic"": """", ""EQmodes"": """", ""DeepBass"": """", ""Foldable"": """", ""playtime"": """", ""ComfortFit"": """", ""Batterylife"": """", ""NoiseCancellation"": """"}"
647,28,David Smith,4,This smartwatch has been a great addition to my fitness routine. The battery life is incredible; I charged it just once and its been running for over a week! My only complaint is that while the features are excellent the initial setup could have been clearer. Im super impressed with the waterproofing – I even wore it swimming without any issues. Overall great value for money!,2023-10-01,"{""Mic"": ""Not mentioned"", ""EQmodes"": ""Not mentioned"", ""DeepBass"": ""Not mentioned"", ""Foldable"": ""Not mentioned"", ""playtime"": ""Not mentioned"", ""ComfortFit"": ""Not mentioned"", ""Batterylife"": ""over a week"", ""NoiseCancellation"": ""Not mentioned""}"
648,28,Maria Lopez,3,I had mixed feelings after using this pedometer watch for a few weeks. On the positive side the build quality is solid and it logs my steps accurately. However I found it a bit challenging to navigate the interface at first. While the heart rate monitor is handy my previous gadget had more features. Its a decent choice for someone wanting something basic but I think theres better out there.,2023-10-01,"{""Mic"": """", ""EQmodes"": """", ""DeepBass"": """", ""Foldable"": """", ""playtime"": """", ""ComfortFit"": """", ""Batterylife"": """", ""NoiseCancellation"": """"}"
649,28,James Williams,2,While the watch performs its primary functions well I was disappointed with its accuracy in monitoring my sleep. Additionally the design feels a bit bulkier than I expected. The setup was straightforward but I found the lack of smartphone connectivity limiting especially since I like to synchronize my fitness data. It serves a purpose but I probably wouldnt buy it again.,2023-10-01,"{""Mic"": """", ""EQmodes"": """", ""DeepBass"": """", ""Foldable"": """", ""playtime"": """", ""ComfortFit"": """", ""Batterylife"": """", ""NoiseCancellation"": """"}"
650,28,Emily Brown,1,I do NOT recommend this smartwatch. It stopped charging after just a few uses and customer support was frustratingly unhelpful. I really wanted to like it because the features seemed perfect for my needs but the watch isnt reliable at all. Spending my money on this has been a waste. Save yourself the trouble and look for something else.,2023-10-01,"{""Mic"": ""Not applicable"", ""EQmodes"": ""Not applicable"", ""DeepBass"": ""Not applicable"", ""Foldable"": ""Not applicable"", ""playtime"": ""Not applicable"", ""ComfortFit"": ""Not applicable"", ""Batterylife"": ""Not applicable"", ""NoiseCancellation"": ""Not applicable""}"
651,28,Oliver Wilson,5,This pedometer watch has been a game changer for my daily walks! The performance is top-notch—accurate step counting and heart rate monitoring really motivate me. I appreciate the simplicity of this watch and how lightweight it is. It fits comfortably on my wrist and the user interface is intuitive. As someone who has tried multiple fitness trackers this is hands down the best!,2023-10-01,"{""Mic"": """", ""EQmodes"": """", ""DeepBass"": """", ""Foldable"": """", ""playtime"": """", ""ComfortFit"": ""lightweight and fits comfortably on the wrist"", ""Batterylife"": """", ""NoiseCancellation"": """"}"
652,28,Sophia Martinez,4,I really enjoy my pedometer watch and how easy it is to use. The display is bright and clear making it easy to view my activities. However I felt the instruction manual could have been more detailed during setup. Once I got it going though it has been great for tracking my fitness goals. Its a nice watch for casual use and very handy while swimming!,2023-10-01,"{""Mic"": """", ""EQmodes"": """", ""DeepBass"": """", ""Foldable"": """", ""playtime"": """", ""ComfortFit"": """", ""Batterylife"": """", ""NoiseCancellation"": """"}"
653,28,Liam Davis,3,This product is decent—it does what it promises as a fitness tracker though it lacks some advanced features. I found that the sleep tracking isnt as reliable as I hoped. On a positive note the battery life is impressive and it recharges quickly. Its fine for a beginner but if youre looking for something comprehensive you might want to look at higher-end options.,2023-10-01,"{""Mic"": ""Not mentioned"", ""EQmodes"": ""Not mentioned"", ""DeepBass"": ""Not mentioned"", ""Foldable"": ""Not mentioned"", ""playtime"": ""Not mentioned"", ""ComfortFit"": ""Not mentioned"", ""Batterylife"": ""Impressive"", ""NoiseCancellation"": ""Not mentioned""}"
654,28,Ava Miller,2,The pedometer watch has some solid features but ultimately didnt meet my expectations. The battery life is good yet it feels somewhat flimsy. After a few days I noticed it wasnt always syncing correctly. It does offer basic tracking but lacks the polish I was looking for. I think its best suited for someone who needs minimal functionality.,2023-10-01,"{""Mic"": ""N/A"", ""EQmodes"": ""N/A"", ""DeepBass"": ""N/A"", ""Foldable"": ""N/A"", ""playtime"": ""N/A"", ""ComfortFit"": ""somewhat flimsy"", ""Batterylife"": ""good"", ""NoiseCancellation"": ""N/A""}"
655,28,Noah Garcia,1,I regret purchasing this smartwatch. It was great at first but shortly after it began glitching. The heart rate monitor was wildly inaccurate and I found customer service to be unhelpful when I reached out for assistance. For something advertised as user-friendly this has been a frustrating experience and I wouldnt recommend it to anyone.,2023-10-01,"{""Mic"": """", ""EQmodes"": """", ""DeepBass"": """", ""Foldable"": """", ""playtime"": """", ""ComfortFit"": """", ""Batterylife"": """", ""NoiseCancellation"": """"}"
656,28,Charlotte Rodriguez,5,Absolutely fantastic watch! I gifted it to my parents and they adore it. Its user-friendly lightweight and the functionality is perfect for seniors who dont want the fuss of a smartphone connection. The battery lasts a long time and the heart rate monitoring gives them peace of mind. I couldnt be happier with this purchase!,2023-10-01,"{""Mic"": ""Not mentioned"", ""EQmodes"": ""Not mentioned"", ""DeepBass"": ""Not mentioned"", ""Foldable"": ""Not mentioned"", ""playtime"": ""Not mentioned"", ""ComfortFit"": ""lightweight"", ""Batterylife"": ""The battery lasts a long time."", ""NoiseCancellation"": ""Not mentioned""}"
657,28,Ethan Lee,4,This fitness watch is impressive overall. Many watches Ive tried have so many apps that I get confused but this is straightforward. The build quality is solid and I love the hot pink color! My only hiccup was the initial process of figuring out all the settings. Once I got the hang of it it performed well at tracking my exercises and steps.,2023-10-01,"{""Mic"": """", ""EQmodes"": """", ""DeepBass"": """", ""Foldable"": """", ""playtime"": """", ""ComfortFit"": """", ""Batterylife"": """", ""NoiseCancellation"": """"}"
658,28,Isabella Walker,3,The pedometer watch has some great features like heart rate tracking and sleep monitoring. However I found that the interface can be a bit sluggish at times. The design is nice but its somewhat heavier than I anticipated. For someone seeking an uncomplicated tracker it does the job but dont expect too much performance-wise.,2023-10-01,"{""Mic"": """", ""EQmodes"": """", ""DeepBass"": """", ""Foldable"": """", ""playtime"": """", ""ComfortFit"": """", ""Batterylife"": """", ""NoiseCancellation"": """"}"
659,28,Mason Young,2,I was hopeful about this smartwatch but it hasnt delivered as expected. The accuracy of step counting is questionable and the interface seems less responsive. The battery life is decent; however I face frequent disconnecting issues that are quite frustrating. Id suggest looking at more reliable models if serious tracking is your goal.,2023-10-01,"{""Mic"": ""Not mentioned"", ""EQmodes"": ""Not mentioned"", ""DeepBass"": ""Not mentioned"", ""Foldable"": ""Not mentioned"", ""playtime"": ""Not mentioned"", ""ComfortFit"": ""Not mentioned"", ""Batterylife"": ""decent"", ""NoiseCancellation"": ""Not mentioned""}"
660,28,Amelia Hernandez,1,I wish I had never bought this item. It broke after only a week of use! The features are gimmicky and I found them unreliable. The customer service was unresponsive which made the situation far worse. I had high hopes after reading positive reviews but I was sorely disappointed. Avoid this product!,2023-10-01,"{""Mic"": """", ""EQmodes"": """", ""DeepBass"": """", ""Foldable"": """", ""playtime"": """", ""ComfortFit"": """", ""Batterylife"": """", ""NoiseCancellation"": """"}"
661,28,Lucas King,5,This easy-to-use watch has changed my approach to fitness tracking! The steps are accurate and I love how it also measures my heart rate without needing an app. The setup was a breeze and I was up and running in no time. The comfortable fit and sleek design make it a joy to wear. Ive recommended it to my friends who are looking for a simple yet effective tracker!,2023-10-01,"{""Mic"": """", ""EQmodes"": """", ""DeepBass"": """", ""Foldable"": """", ""playtime"": """", ""ComfortFit"": ""Yes"", ""Batterylife"": """", ""NoiseCancellation"": """"}"
662,28,Mia Scott,4,Im really happy with this pedometer watch. The interface is simple and it tracks my daily activities reliably. I have noticed a slight delay in the heart rate monitor at times but generally it has been good. Its stylish enough to wear all day and the battery life definitely exceeds my expectations. Great option for beginners!,2023-10-01,"{""Mic"": ""Not applicable."", ""EQmodes"": ""Not applicable."", ""DeepBass"": ""Not applicable."", ""Foldable"": ""Not applicable."", ""playtime"": ""Not explicitly mentioned, but the battery life is noted as exceeding expectations."", ""ComfortFit"": ""It's stylish enough to wear all day."", ""Batterylife"": ""The battery life definitely exceeds expectations."", ""NoiseCancellation"": ""Not applicable.""}"
663,28,Aiden Green,3,This smartwatch is okay but I expected more based on the descriptions. While the design is sleek and easy on the eyes some features dont seem to work as well as advertised particularly the sleep tracking. The battery life is enjoyable but it hasnt been the reliable fitness companion I was wanting. It might be good for basic users though.,2023-10-01,"{""Mic"": ""N/A"", ""EQmodes"": ""N/A"", ""DeepBass"": ""N/A"", ""Foldable"": ""N/A"", ""playtime"": ""N/A"", ""ComfortFit"": ""sleek and easy on the eyes"", ""Batterylife"": ""enjoyable"", ""NoiseCancellation"": ""N/A""}"
664,28,Ella Adams,2,I was quite disappointed with this product. It looks good but the quality feels mediocre. The first few days it worked great but issues started creeping up after that. The heart rate reading fluctuates unpredictably. I appreciate its straightforward design but I feel like I would have been better off investing in a more reputable brand.,2023-10-01,"{""Mic"": """", ""EQmodes"": """", ""DeepBass"": """", ""Foldable"": """", ""playtime"": """", ""ComfortFit"": """", ""Batterylife"": """", ""NoiseCancellation"": """"}"
665,28,Henry Clark,1,Truly one of the worst purchases Ive made. The watch stopped syncing with the app after just a couple of days making the features almost useless. Even while I could use it independently the core functionalities were often inaccurate. To top it off the customer service was pretty unhelpful in resolving the issue. Please think twice before buying this!,2023-10-01,"{""Mic"": ""N/A"", ""EQmodes"": ""N/A"", ""DeepBass"": ""N/A"", ""Foldable"": ""N/A"", ""playtime"": ""N/A"", ""ComfortFit"": ""N/A"", ""Batterylife"": ""N/A"", ""NoiseCancellation"": ""N/A""}"
666,28,Zoe Evans,5,I bought this smartwatch for my grandmother and were both thrilled with it! Its incredibly easy for her to navigate and she loves that she can monitor her heart rate effortlessly. The battery life is lengthy lasting up to a week even with daily usage. Its a perfect gift for seniors and those who appreciate simplicity without sacrificing functionality.,2023-10-01,"{""Mic"": ""Not mentioned"", ""EQmodes"": ""Not mentioned"", ""DeepBass"": ""Not mentioned"", ""Foldable"": ""Not mentioned"", ""playtime"": ""lasting up to a week even with daily usage"", ""ComfortFit"": ""Not mentioned"", ""Batterylife"": ""lasting up to a week even with daily usage"", ""NoiseCancellation"": ""Not mentioned""}"
667,28,Jack Nelson,4,This is a practical fitness tracker that delivers good performance. The pedometer is accurate and I appreciate the heart rate monitoring feature. However the materials could feel slightly more premium and I reckon it could have utilized a brighter screen in direct sunlight. Other than that Im satisfied especially considering the price point!,2023-10-01,"{""Mic"": """", ""EQmodes"": """", ""DeepBass"": """", ""Foldable"": """", ""playtime"": """", ""ComfortFit"": """", ""Batterylife"": """", ""NoiseCancellation"": """"}"
668,28,Sophia Turner,3,This smartwatch is mediocre at best. The design is appealing and its easy to read the data on the display. That said I experienced some bugs when syncing which has been a little frustrating. It works for tracking but I expected better accuracy overall. It might suit those wanting a casual fitness tracker without adding too much complexity.,2023-10-01,"{""Mic"": """", ""EQmodes"": """", ""DeepBass"": """", ""Foldable"": """", ""playtime"": """", ""ComfortFit"": """", ""Batterylife"": """", ""NoiseCancellation"": """"}"
669,29,Emily Johnson,5,I am absolutely in love with this smartwatch! The large AMOLED display is stunning and makes it easy to read my fitness stats at a glance. I appreciate that it doesnt require any apps so setup was a breeze. It tracks my heart rate accurately and I love the sleep monitoring feature. Battery life is incredible too; Im averaging two weeks on a single charge! This has become an essential part of my daily routine; I couldnt recommend it more!,2023-10-01,"{""Mic"": ""Not mentioned"", ""EQmodes"": ""Not mentioned"", ""DeepBass"": ""Not mentioned"", ""Foldable"": ""Not mentioned"", ""playtime"": ""Not mentioned"", ""ComfortFit"": ""Not mentioned"", ""Batterylife"": ""two weeks"", ""NoiseCancellation"": ""Not mentioned""}"
670,29,David Brown,4,This smartwatch has impressed me with its performance. The display is bright and clear making it easy to see outdoors. I found setup very straightforward and the features like heart rate and blood oxygen monitoring work well. My only complaint is that I wish it had more customization options for the watch faces. Nevertheless its a robust product and offers fantastic value for the price.,2023-10-01,"{""Mic"": """", ""EQmodes"": """", ""DeepBass"": """", ""Foldable"": """", ""playtime"": """", ""ComfortFit"": """", ""Batterylife"": """", ""NoiseCancellation"": """"}"
671,29,Sophia Taylor,3,A decent smartwatch but not without its flaws. While I appreciate the easy setup and the clear display I encountered some issues with synchronization; although it claims no app is needed I feel like having an app would enhance the functionality. The battery life is solid lasting about 12 days but the heart rate monitor can be inconsistent at times. It serves its purpose for basic tracking but I had higher expectations.,2023-10-01,"{""Mic"": ""Not mentioned"", ""EQmodes"": ""Not mentioned"", ""DeepBass"": ""Not mentioned"", ""Foldable"": ""Not mentioned"", ""playtime"": ""12 days"", ""ComfortFit"": ""Not mentioned"", ""Batterylife"": ""12 days"", ""NoiseCancellation"": ""Not mentioned""}"
672,29,Michael Wilson,2,I had higher hopes for this smartwatch but its quite basic. On the plus side the display is nice and the battery life is excellent. However the heart rate monitoring seems to fluctuate a lot and isnt as reliable as I expected. The lack of compatibility with apps is disappointing; I would appreciate more advanced features for the price. If youre just looking for basic tracking without frills this may be fine but it wasnt enough for me.,2023-10-01,"{""Mic"": ""Not mentioned"", ""EQmodes"": ""Not mentioned"", ""DeepBass"": ""Not mentioned"", ""Foldable"": ""Not mentioned"", ""playtime"": ""Not mentioned"", ""ComfortFit"": ""Not mentioned"", ""Batterylife"": ""excellent"", ""NoiseCancellation"": ""Not mentioned""}"
673,29,Olivia Martinez,1,Extremely disappointed with this smartwatch. It stopped working after just a few weeks which was frustrating given its initial good reviews. Customer support was unhelpful—no responses to my queries. The display was good but functionality fell flat with issues like inaccurate step counting. I wouldnt recommend this; I regret buying it.,2023-10-01,"{""Mic"": """", ""EQmodes"": """", ""DeepBass"": """", ""Foldable"": """", ""playtime"": """", ""ComfortFit"": """", ""Batterylife"": """", ""NoiseCancellation"": """"}"
674,29,Aiden Davis,5,What a fantastic product! The simplicity of using this smartwatch without needing an app is refreshing. The battery lasts forever—almost 14 days! The clarity of the display is amazing for an outdoor workout too. Its lightweight and extremely comfortable to wear all day. I love that it tracks my sleep patterns accurately; its helped me improve my nightly routine. Highly recommend!,2023-10-01,"{""Mic"": ""N/A"", ""EQmodes"": ""N/A"", ""DeepBass"": ""N/A"", ""Foldable"": ""N/A"", ""playtime"": ""14 days"", ""ComfortFit"": ""lightweight and extremely comfortable to wear all day"", ""Batterylife"": ""14 days"", ""NoiseCancellation"": ""N/A""}"
675,29,Isabella Garcia,4,Very pleased with this smartwatch! The design is sleek and modern fitting well with my lifestyle. I found it user-friendly and easy to adapt to. However Ive noticed that the heart rate monitor can be slightly off during intense workouts. Overall it delivers on its promises and looks great on my wrist. I would rate it higher if the heart rate feature was improved.,2023-10-01,"{""Mic"": """", ""EQmodes"": """", ""DeepBass"": """", ""Foldable"": """", ""playtime"": """", ""ComfortFit"": """", ""Batterylife"": """", ""NoiseCancellation"": """"}"
676,29,James Anderson,3,This smartwatch does the job but I expected a bit more performance-wise. The battery life is solid as advertised but navigating the features can be a bit cumbersome without an app. The display is bright and clear but I sometimes find it fails to sync with my activity. Its adequate for basic fitness tracking but there are better options out there.,2023-10-01,"{""Mic"": ""Not mentioned"", ""EQmodes"": ""Not mentioned"", ""DeepBass"": ""Not mentioned"", ""Foldable"": ""Not mentioned"", ""playtime"": ""Not mentioned"", ""ComfortFit"": ""Not mentioned"", ""Batterylife"": ""solid as advertised"", ""NoiseCancellation"": ""Not mentioned""}"
677,29,Mia Thomas,5,Absolutely love this watch! The ease of use is fantastic; its perfect for anyone who wants a fitness tracker without the hassle of apps. The battery life is just phenomenal—I charged it once two weeks ago and its still going strong! The display is vibrant and I appreciate the holistic health monitoring it provides. Truly happy with my purchase recommend it to all fitness enthusiasts!,2023-10-01,"{""Mic"": """", ""EQmodes"": """", ""DeepBass"": """", ""Foldable"": """", ""playtime"": """", ""ComfortFit"": """", ""Batterylife"": ""Phenomenal battery life, lasting over two weeks on a single charge."", ""NoiseCancellation"": """"}"
678,29,Lucas Martinez,2,I was excited about this watch but it doesnt perform as expected. The battery life is good but it doesnt track my workouts accurately at times. The setup was easy but I miss having detailed app integration for better data analysis. The display is nice but overall I dont think its worth the price for someone looking for comprehensive fitness tracking.,2023-10-01,"{""Mic"": ""N/A"", ""EQmodes"": ""N/A"", ""DeepBass"": ""N/A"", ""Foldable"": ""N/A"", ""playtime"": ""N/A"", ""ComfortFit"": ""N/A"", ""Batterylife"": ""good"", ""NoiseCancellation"": ""N/A""}"
679,29,Amelia Smith,1,Complete waste of money. The smartwatch failed to turn on just a week after I purchased it. Customer support was incredibly slow to respond and offered no useful solutions. The features seemed promising but they dont deliver on reliability. I am thoroughly disappointed and would not recommend this to anyone.,2023-10-01,"{""Mic"": """", ""EQmodes"": """", ""DeepBass"": """", ""Foldable"": """", ""playtime"": """", ""ComfortFit"": """", ""Batterylife"": """", ""NoiseCancellation"": """"}"
956,41,Laura White,2,I wanted to love this tablet but I had some serious issues. The screen quality isnt as good as I imagined and the device slowed down after a few weeks of use. I also found the user interface to be a bit clunky and it wasnt very intuitive. For the price I would suggest looking at alternatives.,2023-10-01,"{""Mic"": """", ""EQmodes"": """", ""DeepBass"": """", ""Foldable"": """", ""playtime"": """", ""ComfortFit"": """", ""Batterylife"": """", ""NoiseCancellation"": """"}"
680,29,Ethan Lee,5,This is hands-down the best smartwatch Ive owned! The 1.8 AMOLED display is breathtaking and its incredibly easy to use. I love how it tracks my sleep and fitness without needing a smartphone connection. The battery life is outstanding; Im amazed at how long it lasts! This has made my fitness journey so much easier and enjoyable.,2023-10-01,"{""Mic"": ""Not mentioned"", ""EQmodes"": ""Not mentioned"", ""DeepBass"": ""Not mentioned"", ""Foldable"": ""Not mentioned"", ""playtime"": ""Not mentioned"", ""ComfortFit"": ""Not mentioned"", ""Batterylife"": ""outstanding"", ""NoiseCancellation"": ""Not mentioned""}"
681,29,Ella White,4,I really like this smartwatch! The performance is solid and I appreciate the 14-day battery life. Its stylish and lightweight making it comfortable to wear all day. However I found that some of the health metrics are not as precise as Id like during my workouts. Nevertheless its a great product and offers a lot of value especially for those wanting a straightforward smartwatch.,2023-10-01,"{""Mic"": """", ""EQmodes"": """", ""DeepBass"": """", ""Foldable"": """", ""playtime"": """", ""ComfortFit"": ""stylish and lightweight, making it comfortable to wear all day"", ""Batterylife"": ""14-day"", ""NoiseCancellation"": """"}"
682,29,Daniel Jackson,3,The watch is okay overall. While I like the build quality the features are quite basic and I was expecting more given the price point. Ive had some syncing issues and occasionally the heart rate monitor doesnt seem very accurate. Its a decent choice for a first fitness tracker but if youre looking for advanced functionality you might want to explore other options.,2023-10-01,"{""Mic"": """", ""EQmodes"": """", ""DeepBass"": """", ""Foldable"": """", ""playtime"": """", ""ComfortFit"": """", ""Batterylife"": """", ""NoiseCancellation"": """"}"
683,29,Sofia Campbell,5,Absolutely thrilled with my purchase! The smartwatch is incredibly user-friendly and looks stylish. The extended battery life has made my life much easier and I find the health tracking features to be quite insightful. I particularly enjoy how it monitors my sleep stages; its made me more aware of my patterns. I cant recommend this product enough for anyone looking for a straightforward fitness tracker!,2023-10-01,"{""Mic"": ""N/A"", ""EQmodes"": ""N/A"", ""DeepBass"": ""N/A"", ""Foldable"": ""N/A"", ""playtime"": ""N/A"", ""ComfortFit"": ""N/A"", ""Batterylife"": ""extended battery life"", ""NoiseCancellation"": ""N/A""}"
684,29,Jacob Walker,4,Im very happy with this smartwatch! The display is bright and easy to read even outside. Setup was straightforward which I appreciated. The only downside is that it can occasionally miscount steps during high-intensity workouts but overall its a great tool for my fitness needs. I would definitely suggest it to friends looking for a reliable fitness tracker.,2023-10-01,"{""Mic"": """", ""EQmodes"": """", ""DeepBass"": """", ""Foldable"": """", ""playtime"": """", ""ComfortFit"": """", ""Batterylife"": """", ""NoiseCancellation"": """"}"
685,29,Benjamin Hall,3,Its a decent smartwatch but not what I expected. The display and battery life are excellent but some features like the heart rate monitor are somewhat unreliable. I also wish there were more features for fitness tracking. It meets basic needs but doesnt go above and beyond which might be disappointing for more advanced users.,2023-10-01,"{""Mic"": ""Not mentioned"", ""EQmodes"": ""Not mentioned"", ""DeepBass"": ""Not mentioned"", ""Foldable"": ""Not mentioned"", ""playtime"": ""Not mentioned"", ""ComfortFit"": ""Not mentioned"", ""Batterylife"": ""excellent"", ""NoiseCancellation"": ""Not mentioned""}"
686,29,Ava Young,2,There are definitely some good aspects to this smartwatch such as the clear display and the long battery life. However I faced issues with connecting to other devices which hindered my experience. The heart rate monitor is also not very accurate. If you just need a basic tracker this might work for you but I would look elsewhere if you want something more dependable.,2023-10-01,"{""Mic"": ""Not mentioned"", ""EQmodes"": ""Not mentioned"", ""DeepBass"": ""Not mentioned"", ""Foldable"": ""Not mentioned"", ""playtime"": ""Not mentioned"", ""ComfortFit"": ""Not mentioned"", ""Batterylife"": ""long"", ""NoiseCancellation"": ""Not mentioned""}"
687,29,Ella Harris,1,This smartwatch was a major letdown. It failed to function properly within a couple of weeks. I reached out to customer service but they were completely unhelpful. The features sounded great on paper but in reality they didnt work well at all. Im really frustrated and would suggest looking for better options before considering this one.,2023-10-01,"{""Mic"": """", ""EQmodes"": """", ""DeepBass"": """", ""Foldable"": """", ""playtime"": """", ""ComfortFit"": """", ""Batterylife"": """", ""NoiseCancellation"": """"}"
688,29,Samuel Scott,5,I cant say enough good things about this smartwatch! It fits perfectly with my active lifestyle and the 14-day battery life is fantastic. The display is vivid and everything from heart rate monitoring to step tracking works seamlessly. Ive also found the sleep analytics to be incredibly insightful; it really helps me manage my rest better. Highly recommended to anyone!,2023-10-01,"{""Mic"": ""N/A"", ""EQmodes"": ""N/A"", ""DeepBass"": ""N/A"", ""Foldable"": ""N/A"", ""playtime"": ""14-day"", ""ComfortFit"": ""fits perfectly"", ""Batterylife"": ""14-day"", ""NoiseCancellation"": ""N/A""}"
689,29,Harper Walker,4,Ive enjoyed using this smartwatch for my workouts. The build quality feels solid and I appreciate the easy setup process. The only downside was that I found the app functionality lacking; it would be great to have more in-depth tracking options. But for basic fitness monitoring its excellent. I think its a great buy for anyone wanting simplicity with helpful features.,2023-10-01,"{""Mic"": """", ""EQmodes"": """", ""DeepBass"": """", ""Foldable"": """", ""playtime"": """", ""ComfortFit"": """", ""Batterylife"": """", ""NoiseCancellation"": """"}"
690,29,Jackson Martinez,3,This smartwatch is pretty average for my needs. It has good battery life and a bright display which are definite positives. However Ive noticed that during some workouts the tracking isnt as precise as I would like. Its user-friendly and simple to set up but I feel like there are better options on the market that offer more detailed features.,2023-10-01,"{""Mic"": ""Not mentioned"", ""EQmodes"": ""Not mentioned"", ""DeepBass"": ""Not mentioned"", ""Foldable"": ""Not mentioned"", ""playtime"": ""Not mentioned"", ""ComfortFit"": ""Not mentioned"", ""Batterylife"": ""good"", ""NoiseCancellation"": ""Not mentioned""}"
691,29,Avery Davis,5,Im beyond impressed with this smartwatch! The battery lasts forever and setup couldnt be simpler. I love the aesthetics—its stylish and comfortable to wear all day. I use it daily for tracking my fitness progress and the sleep tracking feature has also helped improve my overall sleep quality. For anyone seeking an easy-to-use fitness tracker this is a must-have!,2023-10-01,"{""Mic"": ""Not mentioned"", ""EQmodes"": ""Not mentioned"", ""DeepBass"": ""Not mentioned"", ""Foldable"": ""Not mentioned"", ""playtime"": ""Not mentioned"", ""ComfortFit"": ""It's stylish and comfortable to wear all day"", ""Batterylife"": ""The battery lasts forever"", ""NoiseCancellation"": ""Not mentioned""}"
843,36,Olivia Lewis,3,The Nexvo smartwatch is decent for the most part but a few issues hold it back. The build quality feels great and it tracks my activities well but I experienced occasional bugs with the app. The battery life is fair enough but I expected a bit more. It does the job but I wouldnt rave about it.,2023-10-01,"{""Mic"": ""Not mentioned"", ""EQmodes"": ""Not mentioned"", ""DeepBass"": ""Not mentioned"", ""Foldable"": ""Not mentioned"", ""playtime"": ""Not mentioned"", ""ComfortFit"": ""Not mentioned"", ""Batterylife"": ""fair enough"", ""NoiseCancellation"": ""Not mentioned""}"
692,30,Alice Johnson,5,Im absolutely thrilled with this fitness tracker! The battery life is astonishing; I charged it once two weeks ago and its still going strong. I love the sleek design and how lightweight it is – I hardly notice its on my wrist. The waterproof feature is great; I wore it while swimming and had no issues at all. I highly recommend this for anyone looking for a reliable and easy-to-use fitness tracker.,2023-10-01,"{""Mic"": ""Not applicable"", ""EQmodes"": ""Not applicable"", ""DeepBass"": ""Not applicable"", ""Foldable"": ""Not applicable"", ""playtime"": ""Two weeks"", ""ComfortFit"": ""Lightweight and sleek design"", ""Batterylife"": ""Two weeks on a single charge"", ""NoiseCancellation"": ""Not applicable""}"
693,30,Bob Williams,5,This tracker is a game changer! The performance is stellar and tracking my runs has never been easier with the 100 sports modes. The build quality is impressive; it feels sturdy yet stylish. I appreciate that it doesnt require any apps making it super user-friendly. If youre serious about your fitness this is the tracker you need!,2023-10-01,"{""Mic"": """", ""EQmodes"": """", ""DeepBass"": """", ""Foldable"": """", ""playtime"": """", ""ComfortFit"": """", ""Batterylife"": """", ""NoiseCancellation"": """"}"
694,30,Catherine Brown,4,I really like this fitness tracker! Its very sleek and comfortable to wear. The 14-day battery life is fantastic but I wish the user interface was a bit more intuitive. Sometimes it takes a little time to navigate through the modes. Overall its a solid product and offers great value for the price.,2023-10-01,"{""Mic"": ""N/A"", ""EQmodes"": ""N/A"", ""DeepBass"": ""N/A"", ""Foldable"": ""N/A"", ""playtime"": ""N/A"", ""ComfortFit"": ""comfortable to wear"", ""Batterylife"": ""14-day"", ""NoiseCancellation"": ""N/A""}"
695,30,David Wilson,4,This tracker is generally great especially for someone like me who is not tech-savvy. The waterproof feature works well and the step tracking is accurate. Minor issue is that it could be slightly larger for better visibility of the watch face. But Id say it offers a lot for the price!,2023-10-01,"{""Mic"": """", ""EQmodes"": """", ""DeepBass"": """", ""Foldable"": """", ""playtime"": """", ""ComfortFit"": """", ""Batterylife"": """", ""NoiseCancellation"": """"}"
696,30,Eva Martinez,3,This fitness tracker has its ups and downs. On one hand the battery life is phenomenal but I found the app connectivity a bit annoying. I thought it would sync effortlessly but had some trouble getting it set up at first. Nevertheless once everything was running its performed well for tracking my workouts.,2023-10-01,"{""Mic"": ""Not mentioned"", ""EQmodes"": ""Not mentioned"", ""DeepBass"": ""Not mentioned"", ""Foldable"": ""Not mentioned"", ""playtime"": ""Not mentioned"", ""ComfortFit"": ""Not mentioned"", ""Batterylife"": ""phenomenal"", ""NoiseCancellation"": ""Not mentioned""}"
697,30,Frank Harris,3,Mixed feelings about this product. The design is really nice and I love that its lightweight. But the performance has been mediocre at times; it sometimes misses my heart rate during workouts. For the cost I expected a bit more reliability though it does have good features overall.,2023-10-01,"{""Mic"": """", ""EQmodes"": """", ""DeepBass"": """", ""Foldable"": """", ""playtime"": """", ""ComfortFit"": """", ""Batterylife"": """", ""NoiseCancellation"": """"}"
698,30,Grace Lee,2,I had high hopes for this fitness tracker but it hasnt lived up to my expectations. While the waterproof feature works the battery drained faster than I anticipated. Additionally I found the display hard to read in bright sunlight. Its a decent tracker but I wouldnt buy it again.,2023-10-01,"{""Mic"": ""Not mentioned."", ""EQmodes"": ""Not mentioned."", ""DeepBass"": ""Not mentioned."", ""Foldable"": ""Not mentioned."", ""playtime"": ""Not mentioned."", ""ComfortFit"": ""Not mentioned."", ""Batterylife"": ""The battery drained faster than anticipated."", ""NoiseCancellation"": ""Not mentioned.""}"
699,30,Henry Clark,2,I regret purchasing this tracker. It looked appealing but the initial setup was frustrating and it frequently disconnects from my devices. The only upside is its lightweight feel. For the money I expected better performance and reliability.,2023-10-01,"{""Mic"": """", ""EQmodes"": """", ""DeepBass"": """", ""Foldable"": """", ""playtime"": """", ""ComfortFit"": ""lightweight feel"", ""Batterylife"": """", ""NoiseCancellation"": """"}"
700,30,Isla Walker,1,This fitness tracker is a disappointment. It stopped functioning after two weeks of light use. Customer support was unresponsive when I reached out for help. I really wanted to like it because of its features but it simply didnt hold up. I wouldnt recommend it.,2023-10-01,"{""Mic"": ""Not applicable"", ""EQmodes"": ""Not applicable"", ""DeepBass"": ""Not applicable"", ""Foldable"": ""Not applicable"", ""playtime"": ""Not applicable"", ""ComfortFit"": ""Not applicable"", ""Batterylife"": ""Not applicable"", ""NoiseCancellation"": ""Not applicable""}"
701,30,Jack Scott,1,Very dissatisfied! The watch face cracked after just one drop even though I was careful. Also it wouldnt sync with the app half the time. For a product marketed as tough this was a huge letdown. I expected it to last at least a year.,2023-10-01,"{""Mic"": """", ""EQmodes"": """", ""DeepBass"": """", ""Foldable"": """", ""playtime"": """", ""ComfortFit"": """", ""Batterylife"": """", ""NoiseCancellation"": """"}"
702,30,Liam Brown,5,Fantastic product! The design is sleek and modern and the build quality feels very premium. Battery life has been excellent so far – I hardly have to charge it. Its really intuitive to use which is a big plus for me! Highly recommend if you want a stylish and efficient tracker.,2023-10-01,"{""Mic"": ""Not mentioned"", ""EQmodes"": ""Not mentioned"", ""DeepBass"": ""Not mentioned"", ""Foldable"": ""Not mentioned"", ""playtime"": ""Not mentioned"", ""ComfortFit"": ""Not mentioned"", ""Batterylife"": ""excellent"", ""NoiseCancellation"": ""Not mentioned""}"
703,30,Mia Thompson,4,Overall this fitness tracker is pretty good. Looks nice on my wrist and tracking my workouts feels accurate. The app is slightly buggy though; it sometimes crashes. Still for the price point I think its a competitive option and meets my needs nicely.,2023-10-01,"{""Mic"": """", ""EQmodes"": """", ""DeepBass"": """", ""Foldable"": """", ""playtime"": """", ""ComfortFit"": """", ""Batterylife"": """", ""NoiseCancellation"": """"}"
704,30,Noah Taylor,3,I think this fitness tracker is quite average. While it tracks steps accurately I found it lacking in features compared to other trackers Ive used in the past. Its decent for the basics but I expected more functionalities especially given the marketing hype. Not bad but could be better.,2023-10-01,"{""Mic"": """", ""EQmodes"": """", ""DeepBass"": """", ""Foldable"": """", ""playtime"": """", ""ComfortFit"": """", ""Batterylife"": """", ""NoiseCancellation"": """"}"
705,30,Olivia Anderson,2,I had a rough start with this tracker. The setup was tricky and I faced issues syncing it daily. The only saving grace was the sleek design which I loved! But with performance issues I wouldnt buy this again.,2023-10-01,"{""Mic"": """", ""EQmodes"": """", ""DeepBass"": """", ""Foldable"": """", ""playtime"": """", ""ComfortFit"": """", ""Batterylife"": """", ""NoiseCancellation"": """"}"
857,37,Brian Carter,4,Really great watch with a few small drawbacks. The display is vibrant and easy to read even in sunlight. I appreciate the variety of sports modes and the ability to customize watch faces. However I found the battery life could be better—lasting only about two days with regular use. Overall a wonderful product for those looking to keep track of their health.,2023-10-01,"{""Mic"": """", ""EQmodes"": """", ""DeepBass"": """", ""Foldable"": """", ""playtime"": """", ""ComfortFit"": """", ""Batterylife"": ""lasting only about two days with regular use"", ""NoiseCancellation"": """"}"
706,30,Paul Martinez,5,This tracker exceeded my expectations! Amazing battery life and the ability to track so many different activities is a huge plus. The waterproof feature allows me to wear it while swimming without worrying. The display is clear and visually appealing. Strongly recommend it to anyone wanting simplicity combined with functionality!,2023-10-01,"{""Mic"": ""Not mentioned"", ""EQmodes"": ""Not mentioned"", ""DeepBass"": ""Not mentioned"", ""Foldable"": ""Not mentioned"", ""playtime"": ""Not mentioned"", ""ComfortFit"": ""Not mentioned"", ""Batterylife"": ""Amazing battery life"", ""NoiseCancellation"": ""Not mentioned""}"
707,30,Quinn Campbell,4,Im a fan of this fitness tracker. It looks great and I really appreciate the 100 sports modes available. Ive had it for a few weeks and the battery life certainly lives up to the advertised claim. However the app isnt as smooth as Id like. Overall a solid buy!,2023-10-01,"{""Mic"": ""Not mentioned."", ""EQmodes"": ""Not mentioned."", ""DeepBass"": ""Not mentioned."", ""Foldable"": ""Not mentioned."", ""playtime"": ""Not mentioned."", ""ComfortFit"": ""Not mentioned."", ""Batterylife"": ""The battery life lives up to the advertised claim."", ""NoiseCancellation"": ""Not mentioned.""}"
708,30,Ruth King,3,Decent product but has a few quirks. The battery life is impressive but Ive encountered some bugs with the watch face not changing when I wanted it to. At the end of the day it gets the basic stuff done but there might be better options out there.,2023-10-01,"{""Mic"": ""Not mentioned"", ""EQmodes"": ""Not mentioned"", ""DeepBass"": ""Not mentioned"", ""Foldable"": ""Not mentioned"", ""playtime"": ""Not mentioned"", ""ComfortFit"": ""Not mentioned"", ""Batterylife"": ""impressive"", ""NoiseCancellation"": ""Not mentioned""}"
709,30,Sam Robinson,2,I was excited to use this tracker but it fell short. Good design and features but the user interface is frustratingly complicated. Plus it stopped tracking my heart rate mid-run! Not ideal for anyone serious about their fitness goals.,2023-10-01,"{""Mic"": """", ""EQmodes"": """", ""DeepBass"": """", ""Foldable"": """", ""playtime"": """", ""ComfortFit"": """", ""Batterylife"": """", ""NoiseCancellation"": """"}"
710,30,Tess Wright,1,Extremely disappointed with this tracker. Functions that were supposed to work seamlessly kept failing and it wouldnt charge properly after a few days. Customer service was unhelpful when I reached out for a refund. I wish I had researched better before buying.,2023-10-01,"{""Mic"": """", ""EQmodes"": """", ""DeepBass"": """", ""Foldable"": """", ""playtime"": """", ""ComfortFit"": """", ""Batterylife"": """", ""NoiseCancellation"": """"}"
711,30,Ulysses Young,5,Incredible fitness tracker! The battery lasting for two weeks is a game-changer. The design is so lightweight and I often forget Im wearing it. I love how it doesnt need an app to operate—very user-friendly! This is perfect for anyone who wants simplicity without sacrificing features.,2023-10-01,"{""Mic"": ""N/A"", ""EQmodes"": ""N/A"", ""DeepBass"": ""N/A"", ""Foldable"": ""N/A"", ""playtime"": ""two weeks"", ""ComfortFit"": ""lightweight and often forget wearing it"", ""Batterylife"": ""two weeks"", ""NoiseCancellation"": ""N/A""}"
712,30,Victoria Chen,4,I really enjoy this tracker! It feels robust and has a slim profile. The only issue Ive encountered is that the customization options through the app are a bit limited. Nonetheless I would recommend this for its performance and battery life.,2023-10-01,"{""Mic"": ""Not mentioned in the document."", ""EQmodes"": ""Not mentioned in the document."", ""DeepBass"": ""Not mentioned in the document."", ""Foldable"": ""Not mentioned in the document."", ""playtime"": ""Not mentioned in the document."", ""ComfortFit"": ""Not mentioned in the document."", ""Batterylife"": ""The document mentions good battery life."", ""NoiseCancellation"": ""Not mentioned in the document.""}"
713,30,Walter Green,3,This fitness tracker is okay but has its drawbacks. The build quality appears solid but the app isnt as user-friendly as I would have liked. It works for basic tracking but isnt very versatile when it comes to features. There are better options on the market.,2023-10-01,"{""Mic"": """", ""EQmodes"": """", ""DeepBass"": """", ""Foldable"": """", ""playtime"": """", ""ComfortFit"": """", ""Batterylife"": """", ""NoiseCancellation"": """"}"
714,30,Xena Wright,2,While I love the look and style of this tracker the performance is lacking. The heart rate monitor seems inaccurate at times and Ive had trouble with syncing to my phone. I had high hopes but it hasnt delivered as expected.,2023-10-01,"{""Mic"": """", ""EQmodes"": """", ""DeepBass"": """", ""Foldable"": """", ""playtime"": """", ""ComfortFit"": """", ""Batterylife"": """", ""NoiseCancellation"": """"}"
715,30,Yara Carter,1,Awful experience! The watch stopped working within a month and getting any assistance was a hassle. I really wanted this to work but the entire concept fell flat on execution. I definitely wouldnt trust the brand again after this.,2023-10-01,"{""Mic"": """", ""EQmodes"": """", ""DeepBass"": """", ""Foldable"": """", ""playtime"": """", ""ComfortFit"": """", ""Batterylife"": """", ""NoiseCancellation"": """"}"
716,30,Zachary Lewis,5,Absolutely superb! This fitness tracker has made my workout sessions so much easier to monitor. The battery life is phenomenal and I love the waterproof features. I also appreciate not needing a phone app; its so convenient. Highly recommended for anyone looking for an efficient fitness companion!,2023-10-01,"{""Mic"": ""Not mentioned"", ""EQmodes"": ""Not mentioned"", ""DeepBass"": ""Not mentioned"", ""Foldable"": ""Not mentioned"", ""playtime"": ""Not mentioned"", ""ComfortFit"": ""Not mentioned"", ""Batterylife"": ""phenomenal"", ""NoiseCancellation"": ""Not mentioned""}"
717,31,Alice Johnson,5,Im absolutely in love with the Vyron Tactical Watch! The build quality is phenomenal made from durable materials that feel like they could withstand any adventure. The battery life is impressive; Ive been using it for over a week without needing a charge! The Bluetooth calling feature works seamlessly allowing me to stay connected while Im out hiking. Highly recommend this to anyone looking for a rugged smartwatch!,2023-10-01,"{""Mic"": ""Not mentioned"", ""EQmodes"": ""Not mentioned"", ""DeepBass"": ""Not mentioned"", ""Foldable"": ""Not mentioned"", ""playtime"": ""Not mentioned"", ""ComfortFit"": ""Not mentioned"", ""Batterylife"": ""Over a week without needing a charge"", ""NoiseCancellation"": ""Not mentioned""}"
1157,49,Isaac Lee,1,Total waste of money! The tablet quickly fell apart and the screen broke months before the warranty expired. The features are not user-friendly and there were issues with app downloads. Frustrating and disappointing experience; I wouldnt wish this on any parent!,2023-10-01,"{""Mic"": """", ""EQmodes"": """", ""DeepBass"": """", ""Foldable"": """", ""playtime"": """", ""ComfortFit"": """", ""Batterylife"": """", ""NoiseCancellation"": """"}"
718,31,Michael Thompson,4,The Vyron Tactical Watch is a solid piece of technology! I appreciate the design and functionality it offers especially for the price. The customizable HD touchscreen is user-friendly and I love being able to track my workouts with over 100 sports modes. The only downside I found is that the user manual could be clearer—setting it up was a bit tricky at first. Overall Im happy with my purchase!,2023-10-01,"{""Mic"": """", ""EQmodes"": """", ""DeepBass"": """", ""Foldable"": """", ""playtime"": """", ""ComfortFit"": """", ""Batterylife"": """", ""NoiseCancellation"": """"}"
719,31,Sarah Miller,3,Its a decent smartwatch but it has its quirks. The fitness tracking features are good but sometimes the heart rate monitor tends to be inaccurate during intense workouts. The battery life is stellar but the app connectivity drops occasionally. For the price its not bad but Ive seen better performance in other brands. If youre not too picky this one will do the job.,2023-10-01,"{""Mic"": ""not mentioned"", ""EQmodes"": ""not mentioned"", ""DeepBass"": ""not mentioned"", ""Foldable"": ""not mentioned"", ""playtime"": ""not mentioned"", ""ComfortFit"": ""not mentioned"", ""Batterylife"": ""stellar"", ""NoiseCancellation"": ""not mentioned""}"
720,31,James Carter,2,I really wanted to love the Vyron Tactical Watch but I have been facing issues. The design is attractive but the setup was more complicated than it needed to be. It keeps disconnecting from my phone which is frustrating. I like some of the features but the inconsistency in performance is disappointing. It might work better for someone more tech-savvy than I am.,2023-10-01,"{""Mic"": """", ""EQmodes"": """", ""DeepBass"": """", ""Foldable"": """", ""playtime"": """", ""ComfortFit"": """", ""Batterylife"": """", ""NoiseCancellation"": """"}"
721,31,Emily Davis,1,What a letdown! The watch stopped working after two days of light use. I was excited for the features but the app is buggy and customer support was unresponsive. I expected something built for durability but it felt flimsy from the start. Save your money and look elsewhere – I wish I had.,2023-10-01,"{""Mic"": """", ""EQmodes"": """", ""DeepBass"": """", ""Foldable"": """", ""playtime"": """", ""ComfortFit"": """", ""Batterylife"": """", ""NoiseCancellation"": """"}"
722,31,Robert Garcia,5,Fantastic watch! The military-grade build is reassuring and it looks great on my wrist. Ive used it for some outdoor activities and it performs excellently even in rough conditions. The feature for music control is a game-changer during workouts. I cant recommend it enough for anyone looking for a reliable fitness companion!,2023-10-01,"{""Mic"": """", ""EQmodes"": """", ""DeepBass"": """", ""Foldable"": """", ""playtime"": """", ""ComfortFit"": """", ""Batterylife"": """", ""NoiseCancellation"": """"}"
723,31,Linda Jones,4,Very happy with my Vyron Tactical Watch! It offers so many functionalities and I love the health monitoring features. The interface is easy to navigate though I wish there were a few more watch face options pre-loaded. Honestly for the price its a steal! The battery lasting over a week is a big plus for me.,2023-10-01,"{""Mic"": ""Not mentioned"", ""EQmodes"": ""Not mentioned"", ""DeepBass"": ""Not mentioned"", ""Foldable"": ""Not mentioned"", ""playtime"": ""Not mentioned"", ""ComfortFit"": ""Not mentioned"", ""Batterylife"": ""over a week"", ""NoiseCancellation"": ""Not mentioned""}"
724,31,Daniel Lee,3,The Vyron Tactical Watch is good overall but not without its hiccups. Setting up Bluetooth was a bit problematic as it took me multiple attempts to get it synced. However once it worked the performance was satisfactory. The sports modes are impressive but I think its essential to address the user interface efficiency for future updates.,2023-10-01,"{""Mic"": """", ""EQmodes"": """", ""DeepBass"": """", ""Foldable"": """", ""playtime"": """", ""ComfortFit"": """", ""Batterylife"": """", ""NoiseCancellation"": """"}"
725,31,Sophia Wilson,2,I wanted to like this watch but Ive faced a couple of frustrating issues. The screen is beautiful but it sometimes freezes during use. Also the heart rate sensor seems to give results that cant always be trusted. While it works for basic notifications I dont think I would repurchase. I expected better for the price.,2023-10-01,"{""Mic"": """", ""EQmodes"": """", ""DeepBass"": """", ""Foldable"": """", ""playtime"": """", ""ComfortFit"": """", ""Batterylife"": """", ""NoiseCancellation"": """"}"
726,31,Matthew Brown,1,Extremely disappointed with this purchase. The construction felt cheap and the warranty support has been a hassle. After using it for a few weeks it malfunctioned and turned off unexpectedly. I bought it because of its advertised durability but it didnt hold up at all. Id strongly suggest looking for better alternatives.,2023-10-01,"{""Mic"": """", ""EQmodes"": """", ""DeepBass"": """", ""Foldable"": """", ""playtime"": """", ""ComfortFit"": """", ""Batterylife"": """", ""NoiseCancellation"": """"}"
727,31,Olivia Martinez,5,This smartwatch exceeded my expectations! The battery life is incredible; it lasts me almost two weeks. I use it daily for tracking workouts and the various sports modes are excellent. The design is tough but stylish making it perfect for both workouts and casual outings. I would absolutely recommend it to anyone looking for a reliable device!,2023-10-01,"{""Mic"": ""Not mentioned"", ""EQmodes"": ""Not mentioned"", ""DeepBass"": ""Not mentioned"", ""Foldable"": ""Not mentioned"", ""playtime"": ""Not mentioned"", ""ComfortFit"": ""Not mentioned"", ""Batterylife"": ""almost two weeks"", ""NoiseCancellation"": ""Not mentioned""}"
728,31,Kevin Anderson,4,Really impressed with the Vyron Tactical Watch. It performs well with accurate tracking features and notifications. My only issue was with the companion app – I wish it had a bit more functionality. Still its a fantastic watch for the price point and the rugged design makes it suitable for my outdoor lifestyle. Happy with my choice!,2023-10-01,"{""Mic"": """", ""EQmodes"": """", ""DeepBass"": """", ""Foldable"": """", ""playtime"": """", ""ComfortFit"": """", ""Batterylife"": """", ""NoiseCancellation"": """"}"
729,31,Isabella White,3,Good product but theres room for improvement. I like the versatility with all the sports modes; however compatibility issues with my smartphone were a slight hassle. The watch is comfortable but the screen can be hard to read in direct sunlight. I would say its average compared to other watches Ive owned.,2023-10-01,"{""Mic"": """", ""EQmodes"": """", ""DeepBass"": """", ""Foldable"": """", ""playtime"": """", ""ComfortFit"": ""The watch is comfortable."", ""Batterylife"": """", ""NoiseCancellation"": """"}"
730,31,William Harris,2,The Vyron Tactical Watch has some appealing features but reliability is questionable. I had high hopes but the Bluetooth connection frequently drops. The build quality seems sturdy but there are inconsistencies in tracking accuracy. Its merely okay—Id suggest doing a bit more research before committing to this purchase.,2023-10-01,"{""Mic"": """", ""EQmodes"": """", ""DeepBass"": """", ""Foldable"": """", ""playtime"": """", ""ComfortFit"": """", ""Batterylife"": """", ""NoiseCancellation"": """"}"
731,31,Chloe Young,1,Highly unsatisfied with this smartwatch. Initially it seemed okay but it started glitching after a few sessions. Customer support was frustrating; they took days to respond to my inquiries. I thought I was getting a premium product but its actually quite average and cheap-feeling. I wouldnt recommend it to anyone.,2023-10-01,"{""Mic"": """", ""EQmodes"": """", ""DeepBass"": """", ""Foldable"": """", ""playtime"": """", ""ComfortFit"": """", ""Batterylife"": """", ""NoiseCancellation"": """"}"
732,31,Ethan Scott,5,Absolutely love the Vyron Tactical Watch! The battery lasts so long and the call feature is fantastic making it so easy to stay connected while Im busy. It looks sleek and performs well under various conditions. It lives up to everything it promises and I end up using it more than I thought I would.,2023-10-01,"{""Mic"": ""The call feature is fantastic"", ""EQmodes"": ""Not mentioned"", ""DeepBass"": ""Not mentioned"", ""Foldable"": ""Not mentioned"", ""playtime"": ""Not mentioned"", ""ComfortFit"": ""Not mentioned"", ""Batterylife"": ""The battery lasts so long"", ""NoiseCancellation"": ""Not mentioned""}"
733,31,Ava Robinson,4,This smartwatch is great but I had some trouble with the setup because of vague instructions. The performance is outstanding especially with all the fitness features it has. The heart rate monitor is consistent but still it could enhance the user experience with a more intuitive app interface. Overall its a worthy device!,2023-10-01,"{""Mic"": """", ""EQmodes"": """", ""DeepBass"": """", ""Foldable"": """", ""playtime"": """", ""ComfortFit"": """", ""Batterylife"": """", ""NoiseCancellation"": """"}"
734,31,Mason Wilson,3,The Vyron Tactical Watch has its good and bad sides. When working it does exactly what I need for tracking fitness and receiving notifications. However the app sometimes lags which detracts from the experience. I find the price reasonable for the features but Id likely seek different options if I decide to upgrade in the future.,2023-10-01,"{""Mic"": """", ""EQmodes"": """", ""DeepBass"": """", ""Foldable"": """", ""playtime"": """", ""ComfortFit"": """", ""Batterylife"": """", ""NoiseCancellation"": """"}"
735,31,Emma Hall,2,This watch has potential but isnt quite there yet. The build feels sturdy but the interface is clunky which hampers usability. Ive also faced some connectivity issues especially when trying to sync with my phone. Overall its underwhelming for the claims made in the advertising.,2023-10-01,"{""Mic"": """", ""EQmodes"": """", ""DeepBass"": """", ""Foldable"": """", ""playtime"": """", ""ComfortFit"": """", ""Batterylife"": """", ""NoiseCancellation"": """"}"
736,31,Jacob King,1,Waste of money! I had high expectations but my watch started malfunctioning right after the first week. Certain features like sleep tracking dont work as advertised. Also customer support was unhelpful when I reached out for help. Save yourself the trouble and invest in a better product.,2023-10-01,"{""Mic"": """", ""EQmodes"": """", ""DeepBass"": """", ""Foldable"": """", ""playtime"": """", ""ComfortFit"": """", ""Batterylife"": """", ""NoiseCancellation"": """"}"
737,31,Avery Turner,5,This smartwatch is everything I wanted and more! The rugged design is perfect for an active lifestyle and the features are top-notch. The notifications keep me updated without needing to pull out my phone constantly. I couldnt ask for a better companion during my workouts—its truly worth the investment!,2023-10-01,"{""Mic"": """", ""EQmodes"": """", ""DeepBass"": """", ""Foldable"": """", ""playtime"": """", ""ComfortFit"": """", ""Batterylife"": """", ""NoiseCancellation"": """"}"
739,31,Ella Adams,3,The Vyron Tactical Watch delivers decent performance but it didnt quite meet my expectations. The customizable faces are a nice touch but the syncing issues with my smartphone were annoying. Its a reasonable product in terms of quality but I believe there are more efficient options available in the market.,2023-10-01,"{""Mic"": """", ""EQmodes"": """", ""DeepBass"": """", ""Foldable"": """", ""playtime"": """", ""ComfortFit"": """", ""Batterylife"": """", ""NoiseCancellation"": """"}"
740,31,Christopher Lewis,2,Had to return mine after a week of use. The features are nice but the battery life didnt hold up as advertised. The quality seemed fine but it wouldnt connect consistently with my device. For a military-grade watch I expected better performance overall. I think Ill look for a more reliable alternative.,2023-10-01,"{""Mic"": ""Not mentioned."", ""EQmodes"": ""Not mentioned."", ""DeepBass"": ""Not mentioned."", ""Foldable"": ""Not mentioned."", ""playtime"": ""Not mentioned."", ""ComfortFit"": ""Not mentioned."", ""Batterylife"": ""The battery life didn't hold up as advertised."", ""NoiseCancellation"": ""Not mentioned.""}"
741,31,Sophia Parker,1,Incredibly disappointed with my purchase. After only a few days of normal use the watch wouldnt charge at all. Customer service was unhelpful and I was basically left with a non-functioning product. I wouldnt recommend this smartwatch to anyone based on my experience.,2023-10-01,"{""Mic"": ""Not applicable"", ""EQmodes"": ""Not applicable"", ""DeepBass"": ""Not applicable"", ""Foldable"": ""Not applicable"", ""playtime"": ""Not applicable"", ""ComfortFit"": ""Not applicable"", ""Batterylife"": ""Not applicable"", ""NoiseCancellation"": ""Not applicable""}"
742,32,Emily Johnson,5,Im absolutely thrilled with my Nexvo fitness watch! The vibrant HD display is stunning and makes it incredibly easy to navigate through apps. The watch feels solid and well-built and the design is sleek and modern. I use it every day for my workouts and the health monitoring features have kept me motivated to meet my fitness goals. Highly recommend it for anyone looking to improve their health!,2023-10-01,"{""Mic"": """", ""EQmodes"": """", ""DeepBass"": """", ""Foldable"": """", ""playtime"": """", ""ComfortFit"": """", ""Batterylife"": """", ""NoiseCancellation"": """"}"
743,32,James Parker,5,This smartwatch is a game-changer! The IP68 water resistance has held up beautifully during my swimming sessions. I appreciate the wide range of sports modes it offers; it feels like having a personal trainer on your wrist. The customizable watch faces are a delightful touch allowing me to express my personality. Coupled with great battery life and performance its a must-have!,2023-10-01,"{""Mic"": ""Not mentioned"", ""EQmodes"": ""Not mentioned"", ""DeepBass"": ""Not mentioned"", ""Foldable"": ""Not mentioned"", ""playtime"": ""Not mentioned"", ""ComfortFit"": ""Not mentioned"", ""Batterylife"": ""great battery life"", ""NoiseCancellation"": ""Not mentioned""}"
744,32,Sarah Williams,5,Phenomenal product! The health monitoring features are spot on especially the heart rate and blood oxygen tracking. I also love how it syncs effortlessly with my phone allowing me to receive calls and messages without checking my device constantly. The battery life is impressive lasting a week on a single charge. Id recommend it to everyone; its worth every penny!,2023-10-01,"{""Mic"": ""Allows receiving calls"", ""EQmodes"": ""Not mentioned"", ""DeepBass"": ""Not mentioned"", ""Foldable"": ""Not mentioned"", ""playtime"": ""lasting a week on a single charge"", ""ComfortFit"": ""Not mentioned"", ""Batterylife"": ""lasting a week on a single charge"", ""NoiseCancellation"": ""Not mentioned""}"
745,32,Michael Brown,4,I really love the Nexvo watch! The design is sleek and the build quality is impressive. The watch is easy to use although I had a slight learning curve initially with the interface. The health tracking features are excellent for my exercise routine providing detailed insights. However Ive noticed that the heartrate sensor can be a little finicky at times which was a bit disappointing.,2023-10-01,"{""Mic"": """", ""EQmodes"": """", ""DeepBass"": """", ""Foldable"": """", ""playtime"": """", ""ComfortFit"": """", ""Batterylife"": """", ""NoiseCancellation"": """"}"
771,33,Barbara Kim,1,Very disappointed with the Auron smartwatch. It has a lot of features on paper but it fails to deliver. After a week of ownership it wouldnt charge properly and customer service was a nightmare. They were unhelpful and dismissive of my concerns. I wouldnt trust this product based on my experience.,2023-10-01,"{""Mic"": """", ""EQmodes"": """", ""DeepBass"": """", ""Foldable"": """", ""playtime"": """", ""ComfortFit"": """", ""Batterylife"": """", ""NoiseCancellation"": """"}"
746,32,Jessica Davis,4,This watch is fantastic for the price! The customizable watch faces are a unique feature that I enjoy a lot. Its great to have my favorite images displayed instead of generic designs. On the downside the app can be glitchy at times and customer support took a while to respond to my query about syncing issues. Overall its a solid watch that gets the job done.,2023-10-01,"{""Mic"": """", ""EQmodes"": """", ""DeepBass"": """", ""Foldable"": """", ""playtime"": """", ""ComfortFit"": """", ""Batterylife"": """", ""NoiseCancellation"": """"}"
747,32,David Wilson,3,I had high expectations for the Nexvo fitness watch and while it has some great features there are areas for improvement. The display is bright and responsive but I experienced some connectivity issues with my smartphone that impacted my experience. The health monitoring works well but I think it could benefit from more detailed reporting. Its a decent option for beginners but might not satisfy seasoned fitness enthusiasts.,2023-10-01,"{""Mic"": """", ""EQmodes"": """", ""DeepBass"": """", ""Foldable"": """", ""playtime"": """", ""ComfortFit"": """", ""Batterylife"": """", ""NoiseCancellation"": """"}"
748,32,Laura Garcia,3,The Nexvo smartwatch is pretty average for my needs. The design is appealing and fits comfortably but I found the battery life underwhelming. I was hoping for at least a week of use but it usually needs charging after just a few days. The fitness tracking features are decent; however theyre not as detailed as I expected. Its okay for basic monitoring but not what I would call an advanced fitness tool.,2023-10-01,"{""Mic"": ""N/A"", ""EQmodes"": ""N/A"", ""DeepBass"": ""N/A"", ""Foldable"": ""N/A"", ""playtime"": ""a few days"", ""ComfortFit"": ""fits comfortably"", ""Batterylife"": ""underwhelming, needs charging after a few days"", ""NoiseCancellation"": ""N/A""}"
749,32,Kevin Martinez,2,I wanted to love this watch but it has several issues. The comfortable design is overshadowed by the sensitivity of the touch screen which often misses inputs or needs several taps to respond. Customer support was slow to help when I reached out about these problems. The functionality is okay but I find myself missing notifications which defeats the purpose of a smartwatch.,2023-10-01,"{""Mic"": """", ""EQmodes"": """", ""DeepBass"": """", ""Foldable"": """", ""playtime"": """", ""ComfortFit"": """", ""Batterylife"": """", ""NoiseCancellation"": """"}"
750,32,Alice Taylor,2,Disappointing experience with this smartwatch. While the design is nice the performance leaves much to be desired. It often crashes and the heart rate sensor is not very accurate. I also had issues with notifications not coming through. I expected more for the price and it hasnt met my expectations. There are better alternatives on the market.,2023-10-01,"{""Mic"": """", ""EQmodes"": """", ""DeepBass"": """", ""Foldable"": """", ""playtime"": """", ""ComfortFit"": """", ""Batterylife"": """", ""NoiseCancellation"": """"}"
751,32,Tom Clark,1,I regret buying the Nexvo watch. It stopped working just a week into use. The quality feels cheap despite the stylish appearance. I reached out to customer support multiple times and got no satisfactory solutions. The initial excitement faded quickly when it became clear that it could not reliably perform the basic functions it was sold for. Save your money!,2023-10-01,"{""Mic"": """", ""EQmodes"": """", ""DeepBass"": """", ""Foldable"": """", ""playtime"": """", ""ComfortFit"": """", ""Batterylife"": """", ""NoiseCancellation"": """"}"
752,32,Nancy Walker,1,Terrible product! The vibration for notifications is almost non-existent and I missed several important calls. It also has connectivity issues with my phone constantly disconnecting. The health tracking features dont seem to be accurate either. Ive had worse experiences with other brands but this one tops the list. Steer clear of this watch!,2023-10-01,"{""Mic"": """", ""EQmodes"": """", ""DeepBass"": """", ""Foldable"": """", ""playtime"": """", ""ComfortFit"": """", ""Batterylife"": """", ""NoiseCancellation"": """"}"
753,32,Sophia Lewis,5,Incredible smartwatch! The water resistance makes it perfect for my swimming sessions and the health features have greatly improved my fitness journey. I love that I can control my music while jogging and the battery life is astonishing! Ive tried several other brands but the Nexvo outshines them all in terms of functionality and style.,2023-10-01,"{""Mic"": ""Not mentioned"", ""EQmodes"": ""Not mentioned"", ""DeepBass"": ""Not mentioned"", ""Foldable"": ""Not mentioned"", ""playtime"": ""Not mentioned"", ""ComfortFit"": ""Not mentioned"", ""Batterylife"": ""astonishing"", ""NoiseCancellation"": ""Not mentioned""}"
754,32,Liam Smith,4,This watch has excellent build quality and a sleek modern design. The touchscreen is crisp and I appreciate the various sports modes available. However I did notice some minor bugs in the app that can be annoying at times. Overall its a reliable and stylish smartwatch for anyone looking to keep track of their fitness.,2023-10-01,"{""Mic"": """", ""EQmodes"": """", ""DeepBass"": """", ""Foldable"": """", ""playtime"": """", ""ComfortFit"": """", ""Batterylife"": """", ""NoiseCancellation"": """"}"
755,32,Isabella Taylor,4,Overall Im quite happy with my Nexvo watch! The heart rate tracking has been surprisingly accurate and I really enjoy the customizable watch faces. The only drawback is that it sometimes loses Bluetooth connection during workouts which is a little inconvenient. But for everyday use it performs really well and I feel like Im getting great value for my investment.,2023-10-01,"{""Mic"": """", ""EQmodes"": """", ""DeepBass"": """", ""Foldable"": """", ""playtime"": """", ""ComfortFit"": """", ""Batterylife"": """", ""NoiseCancellation"": """"}"
756,32,Noah Hill,3,The Nexvo smartwatch has potential but falls short in certain areas. It looks good and is comfortable on the wrist but I experienced syncing issues with my phone. The health tracking is useful but the reporting could be more detailed. At the end of the day it does the job but I was hoping for a bit more reliability given the hype around its features.,2023-10-01,"{""Mic"": """", ""EQmodes"": """", ""DeepBass"": """", ""Foldable"": """", ""playtime"": """", ""ComfortFit"": ""comfortable on the wrist"", ""Batterylife"": """", ""NoiseCancellation"": """"}"
757,32,Mia Anderson,3,Its a nice-looking watch with a lot of features. The customizability is great; however overall I found it a bit complicated to set up. After the initial frustration it has been working fine. The sleep tracking is interesting but seems to vary in accuracy. In short its useful enough to keep but theres room for improvement.,2023-10-01,"{""Mic"": """", ""EQmodes"": """", ""DeepBass"": """", ""Foldable"": """", ""playtime"": """", ""ComfortFit"": """", ""Batterylife"": """", ""NoiseCancellation"": """"}"
758,32,Ethan Thomas,2,Not quite what I expected based on the reviews. The build is decent but it lacks some modern features that Ive seen in other smartwatches. I found the user interface to be less intuitive making navigation a bit tedious. While it tracks steps efficiently it doesnt quite match my needs as a fitness enthusiast. I think I might look for something a bit more advanced next time.,2023-10-01,"{""Mic"": """", ""EQmodes"": """", ""DeepBass"": """", ""Foldable"": """", ""playtime"": """", ""ComfortFit"": """", ""Batterylife"": """", ""NoiseCancellation"": """"}"
799,34,Charlotte Lewis,4,I really enjoy using my Echoris Smart Watch! It looks stylish and functions well for fitness tracking. I especially love the hydration reminders. However it does have a minor glitch where it occasionally fails to sync with my phone requiring me to reconnect. Still I think its a great device!,2023-10-01,"{""Mic"": """", ""EQmodes"": """", ""DeepBass"": """", ""Foldable"": """", ""playtime"": """", ""ComfortFit"": """", ""Batterylife"": """", ""NoiseCancellation"": """"}"
858,37,Charlotte Green,3,The Vyron Smartwatch is decent but has its quirks. The performance in measuring my steps and heart rate is solid but I had some trouble with the app syncing at times. On the plus side the design is very appealing and comfortable to wear. Its a good option if youre looking to monitor your health but dont expect flawless connectivity.,2023-10-01,"{""Mic"": """", ""EQmodes"": """", ""DeepBass"": """", ""Foldable"": """", ""playtime"": """", ""ComfortFit"": ""comfortable to wear"", ""Batterylife"": """", ""NoiseCancellation"": """"}"
759,32,Abigail Martin,2,The design is appealing but this smartwatch has its flaws. The battery life isnt great and I often find myself charging it much sooner than Id like. It struggles with notifications and drops connection too frequently. I expected much better performance given the promises in the product description. Not recommended for serious fitness users.,2023-10-01,"{""Mic"": """", ""EQmodes"": """", ""DeepBass"": """", ""Foldable"": """", ""playtime"": """", ""ComfortFit"": """", ""Batterylife"": ""The battery life isn't great, and I often find myself charging it much sooner than I'd like."", ""NoiseCancellation"": """"}"
760,32,William Harris,1,Very disappointed with the Nexvo watch. The performance has been terrible; it freezes often making it practically unusable. Customer service was unresponsive adding to my frustration. Ive had better experiences with lower-priced alternatives. This watch has not lived up to its claims and I wouldnt recommend it at all.,2023-10-01,"{""Mic"": """", ""EQmodes"": """", ""DeepBass"": """", ""Foldable"": """", ""playtime"": """", ""ComfortFit"": """", ""Batterylife"": """", ""NoiseCancellation"": """"}"
761,32,Emma Thompson,1,Regretfully I have to give this smartwatch a one-star rating. The health tracking is often inaccurate which is a primary issue for me. Notifications often dont come through at all and the connection with my smartphone drops constantly. I expected much better quality for the price I paid. Save your money and look elsewhere.,2023-10-01,"{""Mic"": """", ""EQmodes"": """", ""DeepBass"": """", ""Foldable"": """", ""playtime"": """", ""ComfortFit"": """", ""Batterylife"": """", ""NoiseCancellation"": """"}"
762,33,Alice Johnson,5,Absolutely love my Auron smartwatch! The 1.8-inch HD display is stunning and so responsive. I can easily check notifications without pulling out my phone and the Bluetooth calling feature has made my life so much easier. The health tracking is comprehensive and I appreciate the variety of sports modes available. It feels durable on my wrist while looking stylish and I cant recommend this enough to anyone looking for a reliable fitness tracker.,2023-10-01,"{""Mic"": """", ""EQmodes"": """", ""DeepBass"": """", ""Foldable"": """", ""playtime"": """", ""ComfortFit"": """", ""Batterylife"": """", ""NoiseCancellation"": """"}"
763,33,Tom Richards,4,Im really impressed with the Auron smartwatch. The build quality feels solid and the design is sleek enough to wear both at work and gym. My only minor complaint is that the battery life could be a bit longer; Ive noticed it tends to drain a bit quicker when using Bluetooth extensively. Otherwise its intuitive to use and the health tracking functions are definitely a plus. Id recommend it for anyone who needs a solid fitness companion.,2023-10-01,"{""Mic"": ""Not applicable to the document."", ""EQmodes"": ""Not applicable to the document."", ""DeepBass"": ""Not applicable to the document."", ""Foldable"": ""Not applicable to the document."", ""playtime"": ""Not explicitly mentioned, but the battery life is noted to drain quicker with extensive Bluetooth use."", ""ComfortFit"": ""The design is sleek and suitable for both work and gym."", ""Batterylife"": ""The battery life could be a bit longer, especially with extensive Bluetooth use."", ""NoiseCancellation"": ""Not applicable to the document.""}"
764,33,Kathy O’Connor,3,I have mixed feelings about this watch. On one hand the display is bright and easy to read and tracking my workouts is a breeze. On the other hand I found the setup a bit complicated with some features taking time to understand fully. Its a decent fitness watch but I think there are other options in the same price range that might offer better performance.,2023-10-01,"{""Mic"": """", ""EQmodes"": """", ""DeepBass"": """", ""Foldable"": """", ""playtime"": """", ""ComfortFit"": """", ""Batterylife"": """", ""NoiseCancellation"": """"}"
765,33,Steve Davis,2,While the Auron smartwatch has some nice features it just didnt live up to my expectations. The heart rate monitor was inconsistent sometimes showing readings that didnt match other devices I own. Additionally the Bluetooth connection tends to be a bit spotty beyond a short distance. For the price I expected a smoother experience. I wouldnt recommend it unless youre okay with these flaws.,2023-10-01,"{""Mic"": """", ""EQmodes"": """", ""DeepBass"": """", ""Foldable"": """", ""playtime"": """", ""ComfortFit"": """", ""Batterylife"": """", ""NoiseCancellation"": """"}"
766,33,Linda Martin,1,This watch has been a disappointment. It stopped syncing with my phone after just a few days and the customer support was unresponsive. I had high hopes for its capabilities but the features felt more like gimmicks. Plus the battery life was far shorter than advertised usually lasting only 3 days max. I really regret this purchase; I expected way more for my money.,2023-10-01,"{""Mic"": ""Not applicable"", ""EQmodes"": ""Not applicable"", ""DeepBass"": ""Not applicable"", ""Foldable"": ""Not applicable"", ""playtime"": ""Not applicable"", ""ComfortFit"": ""Not applicable"", ""Batterylife"": ""3 days max"", ""NoiseCancellation"": ""Not applicable""}"
767,33,Mark Wilson,5,An amazing smartwatch! The features are intuitive and I appreciate the extensive health tracking options. I really like how it integrates with my iPhone without any issues. The design is also comfortable and I love customizing the watch face. It has made my workouts much easier to monitor and I highly recommend it to anyone interested in a solid fitness device.,2023-10-01,"{""Mic"": """", ""EQmodes"": """", ""DeepBass"": """", ""Foldable"": """", ""playtime"": """", ""ComfortFit"": """", ""Batterylife"": """", ""NoiseCancellation"": """"}"
768,33,Rachel Adams,4,Really good smartwatch for the price! The only downside is that it can feel a little bulky on my wrist but I quickly got used to it. The battery life is impressive and lasts several days with regular use. I especially enjoy the voice assistant feature; it makes controlling my music a breeze during workouts. Overall a great buy if youre seeking functionality and style.,2023-10-01,"{""Mic"": ""Not mentioned"", ""EQmodes"": ""Not mentioned"", ""DeepBass"": ""Not mentioned"", ""Foldable"": ""Not mentioned"", ""playtime"": ""Not mentioned"", ""ComfortFit"": ""can feel a little bulky on my wrist, but I quickly got used to it"", ""Batterylife"": ""lasts several days with regular use"", ""NoiseCancellation"": ""Not mentioned""}"
769,33,Nina Patel,3,The Auron smartwatch has its pros and cons. Although the design is sleek and the display is clear Ive encountered some bugs with the app that makes syncing my data annoying. Features like sleep tracking are nice but the accuracy could be improved. Its an okay product but I might look for something more reliable next time.,2023-10-01,"{""Mic"": """", ""EQmodes"": """", ""DeepBass"": """", ""Foldable"": """", ""playtime"": """", ""ComfortFit"": """", ""Batterylife"": """", ""NoiseCancellation"": """"}"
770,33,James Lee,2,I wanted to love this watch but it has some significant flaws. The waterproof feature didnt hold up during my swimming sessions and I had difficulty connecting to my phone over Bluetooth. While it looks stylish I believe the functionality should be prioritized. If the tech issues were resolved this watch would be great but for now its just mediocre.,2023-10-01,"{""Mic"": """", ""EQmodes"": """", ""DeepBass"": """", ""Foldable"": """", ""playtime"": """", ""ComfortFit"": """", ""Batterylife"": """", ""NoiseCancellation"": """"}"
772,33,Oliver Carter,5,This smartwatch is fantastic! The display is bright and incredibly responsive. I can track my workouts with precision using the various sport modes and I love the peace of mind that comes from the constant health monitoring. Personalization options really make the watch feel like mine. Highly recommend for anyone serious about fitness!,2023-10-01,"{""Mic"": """", ""EQmodes"": """", ""DeepBass"": """", ""Foldable"": """", ""playtime"": """", ""ComfortFit"": """", ""Batterylife"": """", ""NoiseCancellation"": """"}"
773,33,Sophia Turner,4,Great value for money! Lots of features and the build quality feels impressive. I do wish the instructions were clearer for some advanced features but after some trial and error I figured them out. The watch pairs easily with my phone and I love being able to take calls directly from my wrist. Minor issues aside very happy with my purchase!,2023-10-01,"{""Mic"": """", ""EQmodes"": """", ""DeepBass"": """", ""Foldable"": """", ""playtime"": """", ""ComfortFit"": """", ""Batterylife"": """", ""NoiseCancellation"": """"}"
774,33,Daniel Parker,3,The Auron smartwatch is quite decent with a stylish design and useful functions. However I encountered a few sync issues that were frustrating. On the plus side the battery life is pretty solid; I can wear it all week without charging. Overall I think its an average product that needs some software tweaks.,2023-10-01,"{""Mic"": """", ""EQmodes"": """", ""DeepBass"": """", ""Foldable"": """", ""playtime"": """", ""ComfortFit"": """", ""Batterylife"": ""I can wear it all week without charging"", ""NoiseCancellation"": """"}"
775,33,Liam Scott,2,Disappointed with my purchase. The watch feels bulky and I found the interface not as user-friendly as I had hoped. Some features work fine but the sleep tracking was inaccurate and not very helpful. I expected more based on the description but unfortunately it did not meet my expectations.,2023-10-01,"{""Mic"": """", ""EQmodes"": """", ""DeepBass"": """", ""Foldable"": """", ""playtime"": """", ""ComfortFit"": """", ""Batterylife"": """", ""NoiseCancellation"": """"}"
776,33,Emily Gonzalez,1,Horrible experience overall! I bought this watch excited about the features but it was plagued with problems from day one. It wouldnt stay connected to my phone and customer support could barely help. The battery drained quickly and the fitness tracking was completely off. Avoid this product at all costs!,2023-10-01,"{""Mic"": ""Not mentioned."", ""EQmodes"": ""Not mentioned."", ""DeepBass"": ""Not mentioned."", ""Foldable"": ""Not mentioned."", ""playtime"": ""Not mentioned."", ""ComfortFit"": ""Not mentioned."", ""Batterylife"": ""The battery drained quickly."", ""NoiseCancellation"": ""Not mentioned.""}"
777,33,Henry Wright,5,What a great find! The Auron smartwatch has exceeded my expectations in every way. The customization options are numerous and the app works flawlessly. I particularly enjoy the Alexa integration as it allows hands-free operation. Plus the battery life is excellent and easily keeps up with my busy schedule. Definitely a five-star product!,2023-10-01,"{""Mic"": """", ""EQmodes"": """", ""DeepBass"": """", ""Foldable"": """", ""playtime"": """", ""ComfortFit"": """", ""Batterylife"": ""excellent"", ""NoiseCancellation"": """"}"
778,33,Zoe Ramirez,4,Really enjoying this smartwatch so far. The health tracking features are solid and provide detailed stats that help with my fitness goals. The only issue Ive faced is a slight lag in notifications sometimes but its not a dealbreaker. Overall Ive found it to be worth every penny combining both aesthetic appeal and functionality.,2023-10-01,"{""Mic"": """", ""EQmodes"": """", ""DeepBass"": """", ""Foldable"": """", ""playtime"": """", ""ComfortFit"": """", ""Batterylife"": """", ""NoiseCancellation"": """"}"
779,33,Leo King,3,A solid smartwatch with good features but not without faults. The build quality feels a bit on the cheaper side and the battery life doesnt live up to my expectations. I love the health tracking capabilities though and the customizable watch faces are a fun touch. It definitely has its pros and cons making it hard to come to a definitive stance.,2023-10-01,"{""Mic"": ""Not mentioned"", ""EQmodes"": ""Not mentioned"", ""DeepBass"": ""Not mentioned"", ""Foldable"": ""Not mentioned"", ""playtime"": ""Not mentioned"", ""ComfortFit"": ""Not mentioned"", ""Batterylife"": ""doesn't live up to expectations"", ""NoiseCancellation"": ""Not mentioned""}"
780,33,Lisa Williams,2,While the Auron watch has potential it was not what I expected. It has dropped Bluetooth connection a few times and the app can be glitchy which is frustrating. The step tracking seems accurate but I feel there are competitors out there that provide better reliability for a similar price. Just okay in my opinion.,2023-10-01,"{""Mic"": """", ""EQmodes"": """", ""DeepBass"": """", ""Foldable"": """", ""playtime"": """", ""ComfortFit"": """", ""Batterylife"": """", ""NoiseCancellation"": """"}"
781,33,Paul Hernandez,1,Just downright bad! The watch had issues with the heart rate monitor from the start and stopped working altogether three weeks after purchase. Customer service was unhelpful and I felt completely let down. I wouldnt recommend it unless you want the risk of constantly troubleshooting.,2023-10-01,"{""Mic"": """", ""EQmodes"": """", ""DeepBass"": """", ""Foldable"": """", ""playtime"": """", ""ComfortFit"": """", ""Batterylife"": """", ""NoiseCancellation"": """"}"
782,33,Sophia Reed,5,Im thrilled with my Auron smartwatch! The features are extensive and the user interface is very intuitive. Ive been using it every day for workouts and the health monitoring is thorough. I love how it syncs seamlessly with my phone and allows me to take calls with ease. This is definitely a product I would recommend to anyone in the market for a fitness watch!,2023-10-01,"{""Mic"": """", ""EQmodes"": """", ""DeepBass"": """", ""Foldable"": """", ""playtime"": """", ""ComfortFit"": """", ""Batterylife"": """", ""NoiseCancellation"": """"}"
783,33,Jack Collins,4,Great looking watch with lots of functionalities! I enjoy the notification feature and the ability to control my music. The only downside is that it can be a little confusing to get started with some of the features but I eventually figured everything out. Would have loved to see a few more tutorials included.,2023-10-01,"{""Mic"": """", ""EQmodes"": """", ""DeepBass"": """", ""Foldable"": """", ""playtime"": """", ""ComfortFit"": """", ""Batterylife"": """", ""NoiseCancellation"": """"}"
784,33,Nadia Baker,3,The Auron smartwatch is okay but still falls short in some areas. The battery life is decent but I was hoping for more longevity. The waterproof feature is nice when washing my hands but I wouldnt risk it while swimming. It performs alright overall but I find myself wishing for better compatibility with my existing systems.,2023-10-01,"{""Mic"": ""N/A"", ""EQmodes"": ""N/A"", ""DeepBass"": ""N/A"", ""Foldable"": ""N/A"", ""playtime"": ""N/A"", ""ComfortFit"": ""N/A"", ""Batterylife"": ""decent"", ""NoiseCancellation"": ""N/A""}"
785,33,Kyle Evans,2,I really wanted to like this watch but there are just too many issues. The display is pretty but the actual functionality leaves a lot to be desired. Ive had connectivity problems and the health tracking wasnt very accurate. Honestly I think there are better options available without these hassles.,2023-10-01,"{""Mic"": """", ""EQmodes"": """", ""DeepBass"": """", ""Foldable"": """", ""playtime"": """", ""ComfortFit"": """", ""Batterylife"": """", ""NoiseCancellation"": """"}"
786,33,Charlotte Lee,1,Absolutely terrible product! It died after a few days and I was never able to resolve the issues with customer service – they kept transferring me without providing real help. The features that initially attracted me dont even function as described. Save your money dont buy this!,2023-10-01,"{""Mic"": ""Not mentioned"", ""EQmodes"": ""Not mentioned"", ""DeepBass"": ""Not mentioned"", ""Foldable"": ""Not mentioned"", ""playtime"": ""Not mentioned"", ""ComfortFit"": ""Not mentioned"", ""Batterylife"": ""Not mentioned"", ""NoiseCancellation"": ""Not mentioned""}"
787,34,Emily Johnson,5,I absolutely love my Echoris Smart Watch! The build quality feels premium and the design is both sleek and comfortable for daily wear. I can easily answer calls and read notifications just by lifting my wrist making it super convenient during my workouts. The fitness tracking features especially the heart rate and sleep monitoring have motivated me to maintain a healthier lifestyle. I highly recommend this smart watch to anyone looking to stay connected and fit!,2023-10-01,"{""Mic"": ""I can easily answer calls"", ""EQmodes"": """", ""DeepBass"": """", ""Foldable"": """", ""playtime"": """", ""ComfortFit"": ""comfortable for daily wear"", ""Batterylife"": """", ""NoiseCancellation"": """"}"
788,34,David Smith,5,Wow this watch is a game changer! The 200 watch faces mean I can customize it to match any outfit or mood. Ive tried several fitness trackers but this one beats the rest with its accurate tracking for over 100 sports modes. Plus the battery life is impressive—Ive gone almost a week without needing to charge it! I cant recommend it enough!,2023-10-01,"{""Mic"": ""Not mentioned"", ""EQmodes"": ""Not mentioned"", ""DeepBass"": ""Not mentioned"", ""Foldable"": ""Not mentioned"", ""playtime"": ""Not mentioned"", ""ComfortFit"": ""Not mentioned"", ""Batterylife"": ""almost a week"", ""NoiseCancellation"": ""Not mentioned""}"
789,34,Olivia Brown,4,This Echoris Smart Watch is mostly fantastic! The features are extensive and I appreciate the intuitive interface. However I did run into a slight issue with syncing notifications from certain apps occasionally. Other than that its lightweight and has a stylish look that I love. Overall I think it offers great value for the price!,2023-10-01,"{""Mic"": """", ""EQmodes"": """", ""DeepBass"": """", ""Foldable"": """", ""playtime"": """", ""ComfortFit"": """", ""Batterylife"": """", ""NoiseCancellation"": """"}"
790,34,Michael Green,4,Ive been using this smartwatch for a few weeks and Im very pleased with its performance. The heart rate monitor seems accurate and the training modes help track my activities effectively. The only downside is that the charging time is a bit longer than I expected. Still its definitely worth it for all the features packed into this watch!,2023-10-01,"{""Mic"": """", ""EQmodes"": """", ""DeepBass"": """", ""Foldable"": """", ""playtime"": """", ""ComfortFit"": """", ""Batterylife"": """", ""NoiseCancellation"": """"}"
791,34,Chloe Wilson,3,The Echoris Smart Watch has some great features like good fitness tracking and a high-resolution display which I really enjoy. However the design feels a little bulkier than I like and the setup process could be more intuitive. While its functional for my daily routine I dont think its the best option out there. It does the job but there are things I wish were better.,2023-10-01,"{""Mic"": """", ""EQmodes"": """", ""DeepBass"": """", ""Foldable"": """", ""playtime"": """", ""ComfortFit"": """", ""Batterylife"": """", ""NoiseCancellation"": """"}"
792,34,Joshua Lewis,3,I was excited about the Echoris Smart Watch but I encountered some bugs in the software. It sometimes freezes when I try to switch watch faces which can be frustrating. On the upside it tracks my workouts really well and the battery life is decent. If they can fix the software issues this watch could be great.,2023-10-01,"{""Mic"": ""N/A"", ""EQmodes"": ""N/A"", ""DeepBass"": ""N/A"", ""Foldable"": ""N/A"", ""playtime"": ""N/A"", ""ComfortFit"": ""N/A"", ""Batterylife"": ""decent"", ""NoiseCancellation"": ""N/A""}"
793,34,Ava Martin,2,I wanted to love this watch but its just okay. The build quality is decent but the watch feels flimsy after a few drops. The battery life was disappointing as well; it barely lasted three days for me. Although the fitness features are useful I wouldnt purchase it again knowing there are better options with more durability.,2023-10-01,"{""Mic"": ""Not mentioned"", ""EQmodes"": ""Not mentioned"", ""DeepBass"": ""Not mentioned"", ""Foldable"": ""Not mentioned"", ""playtime"": ""Not mentioned"", ""ComfortFit"": ""Not mentioned"", ""Batterylife"": ""barely lasted three days"", ""NoiseCancellation"": ""Not mentioned""}"
794,34,James Lee,2,The Echoris Smart Watch looked good at first glance but Ive faced several issues. The heart rate monitor seems inaccurate at times and the watch occasionally disconnects from my phone. I like some of the features but poor durability and these hiccups make it hard to recommend. I expected better performance for the price.,2023-10-01,"{""Mic"": """", ""EQmodes"": """", ""DeepBass"": """", ""Foldable"": """", ""playtime"": """", ""ComfortFit"": """", ""Batterylife"": """", ""NoiseCancellation"": """"}"
795,34,Sophia Rodriguez,1,Extremely disappointed with this product. Within a week it started malfunctioning—notifications didnt sync properly and it was incredibly slow. Customer support was not helpful at all which made matters worse. I wish I could return it. This was my first smartwatch experience and at this point I wouldnt recommend it to anyone.,2023-10-01,"{""Mic"": """", ""EQmodes"": """", ""DeepBass"": """", ""Foldable"": """", ""playtime"": """", ""ComfortFit"": """", ""Batterylife"": """", ""NoiseCancellation"": """"}"
796,34,Ethan Martinez,1,I bought the Echoris Smart Watch with high hopes but it has been nothing but trouble. The watch stopped charging after just a few days of use and contacting customer support was a nightmare; they were unresponsive! I feel like I wasted my money since it didnt live up to any of its promises!,2023-10-01,"{""Mic"": """", ""EQmodes"": """", ""DeepBass"": """", ""Foldable"": """", ""playtime"": """", ""ComfortFit"": """", ""Batterylife"": """", ""NoiseCancellation"": """"}"
797,34,Isabella Harris,5,This smartwatch has changed my life! The convenience of tracking my workouts and receiving notifications without pulling out my phone is fantastic. I love the accurate sleep tracking feature that helps me learn about my sleep patterns. Not to mention the design is gorgeous and lightweight. I can wear it all day without discomfort.,2023-10-01,"{""Mic"": """", ""EQmodes"": """", ""DeepBass"": """", ""Foldable"": """", ""playtime"": """", ""ComfortFit"": ""lightweight and can be worn all day without discomfort"", ""Batterylife"": """", ""NoiseCancellation"": """"}"
798,34,Liam Walker,5,Highly recommend the Echoris Smart Watch! The features are robust and beneficial especially for those into fitness. The build quality feels solid and it pairs effortlessly with my phone. The battery life is impressive; Ive not had to charge it in days! Definitely worth every penny.,2023-10-01,"{""Mic"": ""Not mentioned"", ""EQmodes"": ""Not mentioned"", ""DeepBass"": ""Not mentioned"", ""Foldable"": ""Not mentioned"", ""playtime"": ""Not mentioned"", ""ComfortFit"": ""Not mentioned"", ""Batterylife"": ""Impressive; not had to charge it in days!"", ""NoiseCancellation"": ""Not mentioned""}"
899,38,Katie Rodriguez,1,What a letdown! I purchased the Auron tablet expecting great performance but it arrived with multiple software issues that just didnt go away. It froze constantly and the initial setup was a nightmare. I tried returning it but customer service was inadequate. Save yourself the trouble and look for a different brand.,2023-10-01,"{""Mic"": """", ""EQmodes"": """", ""DeepBass"": """", ""Foldable"": """", ""playtime"": """", ""ComfortFit"": """", ""Batterylife"": """", ""NoiseCancellation"": """"}"
800,34,Gabriel Scott,4,A great clean design and user-friendly interface. The fitness tracking is reliable and I appreciate how it counts my steps accurately. My only issue is with battery life; I wish it lasted longer during heavy use. Overall I think its a solid smartwatch for the price!,2023-10-01,"{""Mic"": ""Not mentioned."", ""EQmodes"": ""Not mentioned."", ""DeepBass"": ""Not mentioned."", ""Foldable"": ""Not mentioned."", ""playtime"": ""Not mentioned."", ""ComfortFit"": ""Not mentioned."", ""Batterylife"": ""I wish it lasted longer during heavy use."", ""NoiseCancellation"": ""Not mentioned.""}"
801,34,Ella King,3,This smart watch is quite average. I like the sleek design and some features like the heart rate tracking but setup was a hassle and the battery doesnt last as long as promised. It works well for basic functionality but I expected more considering the hype around it.,2023-10-01,"{""Mic"": ""Not applicable."", ""EQmodes"": ""Not applicable."", ""DeepBass"": ""Not applicable."", ""Foldable"": ""Not applicable."", ""playtime"": ""Not applicable."", ""ComfortFit"": ""Not applicable."", ""Batterylife"": ""The battery doesn't last as long as promised."", ""NoiseCancellation"": ""Not applicable.""}"
802,34,Henry Thompson,3,Not bad for a smartwatch! The Echoris has some good qualities like its step tracking and easy-to-read notifications but it also has some flaws. The initial setup took some time and the Bluetooth connectivity drops sometimes. Overall its a decent choice but Im left wishing for more reliability.,2023-10-01,"{""Mic"": """", ""EQmodes"": """", ""DeepBass"": """", ""Foldable"": """", ""playtime"": """", ""ComfortFit"": """", ""Batterylife"": """", ""NoiseCancellation"": """"}"
803,34,Avery Lewis,2,The Echoris Smart Watch caught my attention but it hasnt exactly impressed me. The design is nice but the functionality is lacking. There are frequent connectivity issues that disrupt my workouts and the heart rate monitor seems inaccurate. I wouldnt buy it again and suggest looking into other brands.,2023-10-01,"{""Mic"": ""Not mentioned"", ""EQmodes"": ""Not mentioned"", ""DeepBass"": ""Not mentioned"", ""Foldable"": ""Not mentioned"", ""playtime"": ""Not mentioned"", ""ComfortFit"": ""Not mentioned"", ""Batterylife"": ""Not mentioned"", ""NoiseCancellation"": ""Not mentioned""}"
804,34,Carter Phillips,2,I had high hopes for this smartwatch but Im frustrated with the performance. The features are great in theory but many of them dont work as promised. Im often left lingering on the loading screens instead of quickly accessing my notifications. Its not awful but there are definitely better options available at this price.,2023-10-01,"{""Mic"": """", ""EQmodes"": """", ""DeepBass"": """", ""Foldable"": """", ""playtime"": """", ""ComfortFit"": """", ""Batterylife"": """", ""NoiseCancellation"": """"}"
805,34,Mia Turner,1,This Echoris Smart Watch is a complete letdown. It didnt even last a month before the screen started glitching out and all my workout data vanished. I reached out for support but they were unhelpful. I wish I could get my money back. 1-star for poor quality and support!,2023-10-01,"{""Mic"": ""Not applicable"", ""EQmodes"": ""Not applicable"", ""DeepBass"": ""Not applicable"", ""Foldable"": ""Not applicable"", ""playtime"": ""Not applicable"", ""ComfortFit"": ""Not applicable"", ""Batterylife"": ""Not applicable"", ""NoiseCancellation"": ""Not applicable""}"
806,34,Lucas Wilson,1,I regret purchasing the Echoris Smart Watch. The product stopped charging after two weeks and the notifications were often delayed making it useless. Customer service didnt help at all and Im left very disappointed with this experience. Save your money and look elsewhere!,2023-10-01,"{""Mic"": """", ""EQmodes"": """", ""DeepBass"": """", ""Foldable"": """", ""playtime"": """", ""ComfortFit"": """", ""Batterylife"": """", ""NoiseCancellation"": """"}"
807,34,Scarlett Davis,5,Absolutely fantastic watch! The aesthetics combined with functionality make it perfect for my lifestyle. I love tracking my workouts and receiving alerts simultaneously. Every friend Ive shown it to wants one now. Battery life is great too—I can go days without charging. So satisfied!,2023-10-01,"{""Mic"": """", ""EQmodes"": """", ""DeepBass"": """", ""Foldable"": """", ""playtime"": """", ""ComfortFit"": """", ""Batterylife"": ""days without charging"", ""NoiseCancellation"": """"}"
808,34,Alexander Martinez,5,The Echoris Smart Watch has really exceeded my expectations! It has an elegant look easy customization options and the tracking features are impressively accurate. I find it lightweight and it pairs smoothly with my phone for calls and texts. Its been a great investment for my fitness journey!,2023-10-01,"{""Mic"": """", ""EQmodes"": """", ""DeepBass"": """", ""Foldable"": """", ""playtime"": """", ""ComfortFit"": """", ""Batterylife"": """", ""NoiseCancellation"": """"}"
809,34,Aiden Reyes,4,Im thrilled with this watchs fitness tracking and sleek design. The only issue Ive encountered is with the user interface—it can sometimes be finicky when scrolling through notifications. Other than that I find it to be a great device for keeping me on track with my fitness goals.,2023-10-01,"{""Mic"": """", ""EQmodes"": """", ""DeepBass"": """", ""Foldable"": """", ""playtime"": """", ""ComfortFit"": """", ""Batterylife"": """", ""NoiseCancellation"": """"}"
810,35,Emily Johnson,5,This fitness tracker is a game-changer! The build quality is outstanding and it feels very durable on my wrist. With the real-time monitoring Im finally able to keep track of my heart rate and sleep patterns accurately. Plus the community support around Auron has really motivated me to stay active. I highly recommend this product to anyone serious about their health!,2023-10-01,"{""Mic"": """", ""EQmodes"": """", ""DeepBass"": """", ""Foldable"": """", ""playtime"": """", ""ComfortFit"": """", ""Batterylife"": """", ""NoiseCancellation"": """"}"
811,35,Michael Wong,5,Absolutely love the Auron! Its lightweight stylish and does everything I need. The battery life is impressive—Ive worn it for days without needing to recharge! The insights provided by the app have helped me optimize my workouts and I feel so much more informed about my health. Truly worth the investment!,2023-10-01,"{""Mic"": ""Not mentioned"", ""EQmodes"": ""Not mentioned"", ""DeepBass"": ""Not mentioned"", ""Foldable"": ""Not mentioned"", ""playtime"": ""Not mentioned"", ""ComfortFit"": ""lightweight"", ""Batterylife"": ""days without needing to recharge"", ""NoiseCancellation"": ""Not mentioned""}"
812,35,Sophia Patel,4,Great product with a few minor hiccups. The design is sleek and fits comfortably but I did find the initial setup a bit confusing. However once I got it paired with my phone the functionalities blew me away! The heart rate monitoring appears to be spot on and I really appreciate the community aspect of Auron. Just wish the instructions were clearer!,2023-10-01,"{""Mic"": """", ""EQmodes"": """", ""DeepBass"": """", ""Foldable"": """", ""playtime"": """", ""ComfortFit"": ""fits comfortably"", ""Batterylife"": """", ""NoiseCancellation"": """"}"
813,35,Liam Brown,3,The Auron has proven to be a decent fitness tracker but Im not completely sold. The performance is good and it tracks my activities well but I feel like I expected more from the software interface. Its functional but occasionally lags. Overall it has some useful features yet I wonder if I could get better value from another brand.,2023-10-01,"{""Mic"": """", ""EQmodes"": """", ""DeepBass"": """", ""Foldable"": """", ""playtime"": """", ""ComfortFit"": """", ""Batterylife"": """", ""NoiseCancellation"": """"}"
1,1,Emily Johnson,5,I cant say enough good things about these headphones! The sound quality is absolutely incredible blowing my old pair out of the water. The battery life lasts for days — I took them on a road trip and never had to charge them once! The lightweight design makes them super comfortable for long listening sessions. Highly recommend to anyone looking for top-notch audio!,2023-10-01,"{""Mic"": ""not mentioned"", ""EQmodes"": ""not mentioned"", ""DeepBass"": ""not mentioned"", ""Foldable"": ""not mentioned"", ""playtime"": ""not mentioned"", ""ComfortFit"": ""lightweight design makes them super comfortable for long listening sessions"", ""Batterylife"": ""lasts for days"", ""NoiseCancellation"": ""not mentioned""}"
2,1,Michael Brown,1,Worst headphones Ive ever purchased. They broke within a week of use. The build quality feels cheap and the sound just cut out randomly. I tried reaching out to customer support but they were unresponsive. Save your money and look for something more reliable. Im incredibly disappointed given the hype.,2023-10-01,"{""Mic"": ""Not mentioned"", ""EQmodes"": ""Not mentioned"", ""DeepBass"": ""Not mentioned"", ""Foldable"": ""Not mentioned"", ""playtime"": ""Not mentioned"", ""ComfortFit"": ""Not mentioned"", ""Batterylife"": ""Not mentioned"", ""NoiseCancellation"": ""Not mentioned""}"
27,2,Michael Thompson,3,These headphones are decent but there are a few drawbacks. The sound quality is good especially for the price but sometimes the connection can be spotty if Im using two devices at once. Theyre comfortable to wear but after long sessions my ears do start to ache a bit. I think they could compete well with other brands but improvements could be made.,2023-10-01,"{""Mic"": """", ""EQmodes"": """", ""DeepBass"": """", ""Foldable"": """", ""playtime"": """", ""ComfortFit"": ""Comfortable to wear, but after long sessions, ears may ache."", ""Batterylife"": """", ""NoiseCancellation"": """"}"
814,35,Olivia Davis,2,I was excited to try the Auron but Ive encountered some frustrating issues. The build quality seems okay but its not as user-friendly as I hoped. The app is a bit buggy at times impacting my experience. While it tracks my sleep there are inconsistent readings. It does have potential just needs a bit more refinement.,2023-10-01,"{""Mic"": """", ""EQmodes"": """", ""DeepBass"": """", ""Foldable"": """", ""playtime"": """", ""ComfortFit"": """", ""Batterylife"": """", ""NoiseCancellation"": """"}"
815,35,James Garcia,1,I had high hopes for this product but it was a total disappointment. Within a week the heart rate monitor stopped working and I faced issues connecting it to my phone. Customer support was less than helpful—responses were slow and uninformative. I would not recommend the Auron to anyone considering a reliable fitness tracker.,2023-10-01,"{""Mic"": """", ""EQmodes"": """", ""DeepBass"": """", ""Foldable"": """", ""playtime"": """", ""ComfortFit"": """", ""Batterylife"": """", ""NoiseCancellation"": """"}"
816,35,Mia Miller,5,I am extremely satisfied with my purchase! The Auron is not only gorgeous but also packs a lot of features for health tracking. I especially love the detailed sleep analysis; it has really helped me adjust my sleep habits. This tracker is definitely more advanced than anything Ive used before and I feel its worth every penny!,2023-10-01,"{""Mic"": """", ""EQmodes"": """", ""DeepBass"": """", ""Foldable"": """", ""playtime"": """", ""ComfortFit"": """", ""Batterylife"": """", ""NoiseCancellation"": """"}"
817,35,Ezra Robinson,4,Great functionality and reasonable price! The Auron offers a ton of helpful features that are easy to use with a nice app interface. I do wish it had a longer battery life as I find myself charging it more often than Id like. However overall performance has been fantastic and the insights are spot on.,2023-10-01,"{""Mic"": ""Not mentioned."", ""EQmodes"": ""Not mentioned."", ""DeepBass"": ""Not mentioned."", ""Foldable"": ""Not mentioned."", ""playtime"": ""The user finds themselves charging it more often than they'd like."", ""ComfortFit"": ""Not mentioned."", ""Batterylife"": ""The user wishes it had a longer battery life."", ""NoiseCancellation"": ""Not mentioned.""}"
818,35,Charlotte Martinez,3,Ive had mixed feelings about the Auron. The design is sleek and it is relatively easy to use but the accuracy of the heart rate monitor can be hit or miss. The community aspect is a nice touch providing motivation yet sometimes I find the app layout to be cluttered. It does the job but I expected a bit more.,2023-10-01,"{""Mic"": """", ""EQmodes"": """", ""DeepBass"": """", ""Foldable"": """", ""playtime"": """", ""ComfortFit"": """", ""Batterylife"": """", ""NoiseCancellation"": """"}"
819,35,Noah Clark,2,While the Auron has potential I feel like it doesnt fully deliver. The build quality is decent but I struggled with syncing it to my phone initially. Unexpected glitches in the app turned my workouts into a hassle. I wanted to love this device but Im left feeling slightly disappointed and considering alternatives.,2023-10-01,"{""Mic"": """", ""EQmodes"": """", ""DeepBass"": """", ""Foldable"": """", ""playtime"": """", ""ComfortFit"": """", ""Batterylife"": """", ""NoiseCancellation"": """"}"
820,35,Isabella Lewis,1,This fitness tracker is underwhelming. After only a few days of use my device started malfunctioning and suddenly wouldnt track any activity. I contacted customer support but they were unhelpful and slow to respond. I dont recommend this product unless you enjoy dealing with frustrating tech issues!,2023-10-01,"{""Mic"": """", ""EQmodes"": """", ""DeepBass"": """", ""Foldable"": """", ""playtime"": """", ""ComfortFit"": """", ""Batterylife"": """", ""NoiseCancellation"": """"}"
3,1,Sarah Wilson,3,These headphones are decent but they have their quirks. The noise cancelation is great. Sometimes it takes a while to connect to devices which is a bummer. Theyre comfortable enough for a few hours but I wouldnt want to wear them all day. Overall theyre okay but I wish theyd live up to the marketing.,2023-10-01,"{""Mic"": ""Not mentioned"", ""EQmodes"": ""EQ settings can be hit or miss"", ""DeepBass"": ""Not mentioned"", ""Foldable"": ""Not mentioned"", ""playtime"": ""Not mentioned"", ""ComfortFit"": ""Comfortable enough for a few hours"", ""Batterylife"": ""Not mentioned"", ""NoiseCancellation"": ""Not mentioned""}"
513,22,Claire T.,1,Utterly disappointed! The watch crashed several times and after just two weeks the display started glitching. Customer service did not help resolve my issues. SAVE your money! I was so excited but this watch was a complete letdown.,2023-10-01,"{""Mic"": """", ""EQmodes"": """", ""DeepBass"": """", ""Foldable"": """", ""playtime"": """", ""ComfortFit"": """", ""Batterylife"": """", ""NoiseCancellation"": """"}"
556,24,Grace Martin,1,Im extremely disappointed with my purchase. The smartwatch refused to update and would frequently disconnect from my phone. Customer service was unresponsive leaving me frustrated and out of pocket. Save your money and look for a more reliable option!,2023-10-01,"{""Mic"": """", ""EQmodes"": """", ""DeepBass"": """", ""Foldable"": """", ""playtime"": """", ""ComfortFit"": """", ""Batterylife"": """", ""NoiseCancellation"": """"}"
966,41,Emily Baker,3,A decent product overall. The design is sleek and it performs well for most casual tasks. However I have come across some glitches in the software that need to be addressed. Its great for the price but my experience has not been completely smooth.,2023-10-01,"{""Mic"": """", ""EQmodes"": """", ""DeepBass"": """", ""Foldable"": """", ""playtime"": """", ""ComfortFit"": """", ""Batterylife"": """", ""NoiseCancellation"": """"}"
821,35,Aiden Lee,5,The Auron tracker is phenomenal! I can track my activities and monitor my heart rate seamlessly. Ive worn it while running and at the gym and it hasnt disappointed yet. The waterproof feature is a fantastic bonus making this product perfect for anyone who leads an active lifestyle. Highly recommend it to fitness lovers!,2023-10-01,"{""Mic"": ""Not mentioned"", ""EQmodes"": ""Not mentioned"", ""DeepBass"": ""Not mentioned"", ""Foldable"": ""Not mentioned"", ""playtime"": ""Not mentioned"", ""ComfortFit"": ""Not mentioned"", ""Batterylife"": ""Not mentioned"", ""NoiseCancellation"": ""Not mentioned""}"
822,35,Amelia Young,4,Overall Ive had a very positive experience with the Auron. It offers excellent insights that have helped me refine my workout routines. The only downside is that the user interface could be a little smoother especially when logging my activities. Yet the performance surpasses my previous trackers and thats worth noting.,2023-10-01,"{""Mic"": """", ""EQmodes"": """", ""DeepBass"": """", ""Foldable"": """", ""playtime"": """", ""ComfortFit"": """", ""Batterylife"": """", ""NoiseCancellation"": """"}"
823,35,Lucas Rodriguez,3,The Auron fitness tracker does what its supposed to do but I expected more from the battery life. It drains quicker than I anticipated especially with constant use. While the feature set is impressive for the price the occasional bugs in the app can be frustrating. Its a decent tracker but not without room for improvement.,2023-10-01,"{""Mic"": ""Not mentioned."", ""EQmodes"": ""Not mentioned."", ""DeepBass"": ""Not mentioned."", ""Foldable"": ""Not mentioned."", ""playtime"": ""Not mentioned."", ""ComfortFit"": ""Not mentioned."", ""Batterylife"": ""Drains quicker than anticipated with constant use."", ""NoiseCancellation"": ""Not mentioned.""}"
824,35,Sophia Walker,2,I found the Auron to be lacking in several areas. While the design is appealing the features didnt work as promised—especially the sleep tracking. I also found some performance hiccups when it came to syncing with my phone. It might work for some but I expected a much better experience for the price.,2023-10-01,"{""Mic"": """", ""EQmodes"": """", ""DeepBass"": """", ""Foldable"": """", ""playtime"": """", ""ComfortFit"": """", ""Batterylife"": """", ""NoiseCancellation"": """"}"
825,35,Elijah Hall,1,Terrible product quality! The Auron failed to function properly after a few days and became unresponsive. When I reached out to customer service they were slow and unhelpful which only added to my frustration. Save your money and look for another brand—Im thoroughly disappointed!,2023-10-01,"{""Mic"": """", ""EQmodes"": """", ""DeepBass"": """", ""Foldable"": """", ""playtime"": """", ""ComfortFit"": """", ""Batterylife"": """", ""NoiseCancellation"": """"}"
826,35,Grace Allen,5,I absolutely love everything about the Auron! It combines style and functionality perfectly. The real-time health monitoring gives me valuable data I didnt have before. Plus the on-the-go charging is a lifesaver during my busy schedule. This tracker is a must-have for anyone serious about health and wellness!,2023-10-01,"{""Mic"": ""Not mentioned"", ""EQmodes"": ""Not mentioned"", ""DeepBass"": ""Not mentioned"", ""Foldable"": ""Not mentioned"", ""playtime"": ""Not mentioned"", ""ComfortFit"": ""Not mentioned"", ""Batterylife"": ""Not mentioned"", ""NoiseCancellation"": ""Not mentioned""}"
827,35,Mason Scott,4,Great functionality overall! I am pleased with the real-time metrics and the vibrant community connected through Auron. My only complaint would be the occasional app crash—it can be annoying at times but not a dealbreaker. I feel better equipped to manage my health now and thats a huge plus!,2023-10-01,"{""Mic"": """", ""EQmodes"": """", ""DeepBass"": """", ""Foldable"": """", ""playtime"": """", ""ComfortFit"": """", ""Batterylife"": """", ""NoiseCancellation"": """"}"
828,35,Hannah Baker,3,The Auron is good but it definitely has its quirks. I love the vivid display and the features it offers but I experienced some inaccuracies in heart rate readings during workouts. Additionally setting it up took longer than Id hoped. Its functional but I think there are better alternatives out there that suit my needs.,2023-10-01,"{""Mic"": """", ""EQmodes"": """", ""DeepBass"": """", ""Foldable"": """", ""playtime"": """", ""ComfortFit"": """", ""Batterylife"": """", ""NoiseCancellation"": """"}"
1323,56,Anna King,5,I couldnt be happier with my purchase of the Sonvera tablet! It performs wonderfully especially when using the multitasking feature. The screen clarity is phenomenal and the sound quality makes everything I do enjoyable. From browsing to gaming it handles everything with ease—highly recommend!,2023-10-01,"{""Mic"": """", ""EQmodes"": """", ""DeepBass"": """", ""Foldable"": """", ""playtime"": """", ""ComfortFit"": """", ""Batterylife"": """", ""NoiseCancellation"": """"}"
829,35,Benjamin King,2,I had high hopes for the Auron but it has fallen short. The battery life isnt as advertised and I often find myself needing to charge it mid-day. While it performs decently the apps issues significantly detract from the user experience. Overall I think it could do with more refinement.,2023-10-01,"{""Mic"": ""Not mentioned in the document."", ""EQmodes"": ""Not mentioned in the document."", ""DeepBass"": ""Not mentioned in the document."", ""Foldable"": ""Not mentioned in the document."", ""playtime"": ""Not explicitly mentioned, but implied to be less than a full day."", ""ComfortFit"": ""Not mentioned in the document."", ""Batterylife"": ""The battery life isn't as advertised, and I often find myself needing to charge it mid-day."", ""NoiseCancellation"": ""Not mentioned in the document.""}"
830,35,Charlotte Lee,1,Ive never been so disappointed in a product. The Auron tracker looked great at first but it stopped working after a week. I reached out to customer service but their response time was awful and they didnt offer any helpful solutions. I would not recommend this product to anyone—you are better off looking elsewhere!,2023-10-01,"{""Mic"": """", ""EQmodes"": """", ""DeepBass"": """", ""Foldable"": """", ""playtime"": """", ""ComfortFit"": """", ""Batterylife"": """", ""NoiseCancellation"": """"}"
831,36,Anna Johnson,5,Absolutely love my Nexvo smartwatch! The build quality is top-notch and the military-grade materials really give me confidence during my outdoor adventures. Ive used it during hiking trips and the GPS functions perfectly guiding me even in the most remote areas. The customizable watch faces are a great touch making it feel personal. Highly recommend it for fellow outdoor enthusiasts!,2023-10-01,"{""Mic"": """", ""EQmodes"": """", ""DeepBass"": """", ""Foldable"": """", ""playtime"": """", ""ComfortFit"": """", ""Batterylife"": """", ""NoiseCancellation"": """"}"
832,36,Brian Patel,4,Really impressed with the Nexvo smartwatch! It has been a great companion for my runs and hiking trips. The design is stylish and the battery life is outstanding lasting well over two days with regular use. The only minor downside is that the app could be a bit more user-friendly. A fantastic product overall for fitness lovers!,2023-10-01,"{""Mic"": ""Not mentioned"", ""EQmodes"": ""Not mentioned"", ""DeepBass"": ""Not mentioned"", ""Foldable"": ""Not mentioned"", ""playtime"": ""Not mentioned"", ""ComfortFit"": ""Not mentioned"", ""Batterylife"": ""lasting well over two days with regular use"", ""NoiseCancellation"": ""Not mentioned""}"
833,36,Sarah Green,3,The Nexvo is a decent smartwatch but it has its quirks. While I enjoyed its extensive sports tracking features and the build feels durable I encountered some issues with notifications getting disconnected from my phone. The design is sleek but I wish the setup process was more straightforward. Good for basic usage but it could improve.,2023-10-01,"{""Mic"": """", ""EQmodes"": """", ""DeepBass"": """", ""Foldable"": """", ""playtime"": """", ""ComfortFit"": """", ""Batterylife"": """", ""NoiseCancellation"": """"}"
834,36,David Brown,2,I had high hopes for the Nexvo smartwatch but I was disappointed. The battery life didnt live up to the advertised 22 hours and the heart rate monitor often gave inaccurate readings. It does have some attractive features but after a few weeks of use I found it more frustrating than useful. Not the best choice for serious fitness tracking.,2023-10-01,"{""Mic"": ""Not mentioned"", ""EQmodes"": ""Not applicable"", ""DeepBass"": ""Not applicable"", ""Foldable"": ""Not applicable"", ""playtime"": ""Not mentioned"", ""ComfortFit"": ""Not mentioned"", ""Batterylife"": ""22 hours (advertised)"", ""NoiseCancellation"": ""Not applicable""}"
835,36,Laura Wilson,1,Very disappointing experience! My Nexvo smartwatch stopped syncing with my phone after just a few days. I tried reaching customer support but their response time was unacceptable. I was excited about its features especially the health tracking but it ended up being unreliable. Save your money this product doesnt deliver.,2023-10-01,"{""Mic"": """", ""EQmodes"": """", ""DeepBass"": """", ""Foldable"": """", ""playtime"": """", ""ComfortFit"": """", ""Batterylife"": """", ""NoiseCancellation"": """"}"
836,36,Michael Turner,5,This is by far the best outdoor smartwatch Ive owned! The Nexvos durability is impressive; it survived a fall during a mountain bike ride without a scratch. The fitness tracking features are incredibly accurate. Plus the ability to control my music from my wrist while exercising is a game-changer. Its worth every penny!,2023-10-01,"{""Mic"": """", ""EQmodes"": """", ""DeepBass"": """", ""Foldable"": """", ""playtime"": """", ""ComfortFit"": """", ""Batterylife"": """", ""NoiseCancellation"": """"}"
837,36,Emily Davis,4,The Nexvo smartwatch has exceeded my expectations! Its fitness tracking capabilities are robust and I love the weather updates feature that keeps me informed during my outdoor runs. My only complaint is that it could be a little more intuitive to operate. But overall its a fantastic buy for anyone into fitness.,2023-10-01,"{""Mic"": """", ""EQmodes"": """", ""DeepBass"": """", ""Foldable"": """", ""playtime"": """", ""ComfortFit"": """", ""Batterylife"": """", ""NoiseCancellation"": """"}"
838,36,Kevin Harris,3,The Nexvo smartwatch is good but not without its flaws. While the design is stylish and it feels very durable I found the battery life to be less impressive than advertised. It often needs a charge every two days. The health tracking features are solid but not as advanced as I expected. Its an okay choice.,2023-10-01,"{""Mic"": ""Not mentioned"", ""EQmodes"": ""Not mentioned"", ""DeepBass"": ""Not mentioned"", ""Foldable"": ""Not mentioned"", ""playtime"": ""Not mentioned"", ""ComfortFit"": ""Not mentioned"", ""Batterylife"": ""Needs a charge every two days"", ""NoiseCancellation"": ""Not mentioned""}"
839,36,Bethany Clark,2,I wanted to love the Nexvo smartwatch but it hasnt delivered as promised. Setup was a hassle and the app is buggy which made tracking my workouts frustrating. Although the watch looks nice and has some useful features it simply doesnt measure up to my previous smartwatch in terms of reliability.,2023-10-01,"{""Mic"": ""Not mentioned"", ""EQmodes"": ""Not mentioned"", ""DeepBass"": ""Not mentioned"", ""Foldable"": ""Not mentioned"", ""playtime"": ""Not mentioned"", ""ComfortFit"": ""Not mentioned"", ""Batterylife"": ""Not mentioned"", ""NoiseCancellation"": ""Not mentioned""}"
840,36,Matthew Thompson,1,I regret buying the Nexvo smartwatch. It wouldnt turn on after the first week of use and customer service was unhelpful. I was hoping for a quality product that lasted longer. Despite the appealing features it offers I believe it failed miserably in the performance department. Do not waste your money!,2023-10-01,"{""Mic"": """", ""EQmodes"": """", ""DeepBass"": """", ""Foldable"": """", ""playtime"": """", ""ComfortFit"": """", ""Batterylife"": """", ""NoiseCancellation"": """"}"
841,36,Sophia Martinez,5,I absolutely adore my Nexvo smartwatch! Its perfect for my active lifestyle and the health tracking features are super helpful. The GPS accuracy is impressive and its stood up to some harsh weather conditions without any issues. Best smartwatch Ive had—definitely recommend it to friends and family!,2023-10-01,"{""Mic"": """", ""EQmodes"": """", ""DeepBass"": """", ""Foldable"": """", ""playtime"": """", ""ComfortFit"": """", ""Batterylife"": """", ""NoiseCancellation"": """"}"
844,36,Jack Moore,2,I was excited about the Nexvo smartwatch but my experience has been underwhelming. While the design is appealing I struggled with clarity in setup instructions. The functionality is limited and I often find myself wishing for better battery longevity. Overall I think it has potential but definitely needs improvement.,2023-10-01,"{""Mic"": ""Not mentioned."", ""EQmodes"": ""Not mentioned."", ""DeepBass"": ""Not mentioned."", ""Foldable"": ""Not mentioned."", ""playtime"": ""The user wishes for better battery longevity."", ""ComfortFit"": ""Not mentioned."", ""Batterylife"": ""The user wishes for better battery longevity."", ""NoiseCancellation"": ""Not mentioned.""}"
845,36,Samantha White,1,I am extremely unhappy with my Nexvo smartwatch. It malfunctioned after just three days losing all settings and failing to track my information. I reached out to customer service and they were unhelpful and slow to respond. This product was a waste of money and a huge disappointment. I wish Id done more research.,2023-10-01,"{""Mic"": """", ""EQmodes"": """", ""DeepBass"": """", ""Foldable"": """", ""playtime"": """", ""ComfortFit"": """", ""Batterylife"": """", ""NoiseCancellation"": """"}"
846,36,James Allen,5,The Nexvo smartwatch has impressed me from day one. Its robust construction and stylish design make it perfect for daily use and I enjoy the long-lasting battery life. The heart rate monitoring is accurate and I love the various sports modes. It has truly enhanced my fitness routine. Highly recommend to active individuals!,2023-10-01,"{""Mic"": ""Not mentioned"", ""EQmodes"": ""Not mentioned"", ""DeepBass"": ""Not mentioned"", ""Foldable"": ""Not mentioned"", ""playtime"": ""Not mentioned"", ""ComfortFit"": ""Not mentioned"", ""Batterylife"": ""long-lasting"", ""NoiseCancellation"": ""Not mentioned""}"
847,36,Ava Scott,4,Im really pleased with my Nexvo smartwatch! Its comfortable to wear and offers great tracking options. However I faced minor issues with syncing my notifications at times. Despite that its build quality and features like music control add significant value. Definitely considering buying one for my partner!,2023-10-01,"{""Mic"": ""Not mentioned"", ""EQmodes"": ""Not mentioned"", ""DeepBass"": ""Not mentioned"", ""Foldable"": ""Not mentioned"", ""playtime"": ""Not mentioned"", ""ComfortFit"": ""Comfortable to wear"", ""Batterylife"": ""Not mentioned"", ""NoiseCancellation"": ""Not mentioned""}"
848,36,Noah King,3,This smartwatch is pretty average. The design is nice and the health tracking features work well but I felt it didnt live up to the hype. It has decent battery life but occasionally the settings reset which is frustrating. I think there are better options in this price range but its not completely useless.,2023-10-01,"{""Mic"": ""Not mentioned"", ""EQmodes"": ""Not mentioned"", ""DeepBass"": ""Not mentioned"", ""Foldable"": ""Not mentioned"", ""playtime"": ""Not mentioned"", ""ComfortFit"": ""Not mentioned"", ""Batterylife"": ""decent"", ""NoiseCancellation"": ""Not mentioned""}"
849,36,Isabella Wright,2,I found the Nexvo smartwatch disappointing. Although it has some good features I was frustrated by its performance. The heart rate monitor was inconsistent and I often needed to recharge it. Its a beautiful watch but functionality is important and this one doesnt quite deliver.,2023-10-01,"{""Mic"": ""Not mentioned in the document."", ""EQmodes"": ""Not mentioned in the document."", ""DeepBass"": ""Not mentioned in the document."", ""Foldable"": ""Not mentioned in the document."", ""playtime"": ""The user mentioned needing to recharge often, indicating a short playtime."", ""ComfortFit"": ""Not mentioned in the document."", ""Batterylife"": ""The user mentioned needing to recharge often, indicating a short battery life."", ""NoiseCancellation"": ""Not mentioned in the document.""}"
850,36,Oliver Brooks,1,I had high hopes for the Nexvo smartwatch but it fell short in every aspect. The battery life was poor right from the start and it wouldnt even connect to my phone sometimes. Customer support was lacking making it a truly frustrating experience. I wouldnt recommend this to anyone looking for reliability.,2023-10-01,"{""Mic"": ""N/A"", ""EQmodes"": ""N/A"", ""DeepBass"": ""N/A"", ""Foldable"": ""N/A"", ""playtime"": ""N/A"", ""ComfortFit"": ""N/A"", ""Batterylife"": ""poor"", ""NoiseCancellation"": ""N/A""}"
851,36,Mia Hall,5,Such a great investment! My Nexvo smartwatch has become my go-to device for all things wellness. The advanced health tracking including blood oxygen measurement is impressive and has helped me stay on top of my goals. The robust build and stylish look make it perfect for both workouts and everyday use. Highly recommended!,2023-10-01,"{""Mic"": """", ""EQmodes"": """", ""DeepBass"": """", ""Foldable"": """", ""playtime"": """", ""ComfortFit"": """", ""Batterylife"": """", ""NoiseCancellation"": """"}"
852,36,Daniel Turner,4,Good smartwatch with solid features! I appreciate its waterproof design which has been great for workouts. The battery could last longer but overall it performs well. The interface is slightly complicated but I got used to it. For anyone into sports and outdoor activities the Nexvo is a worthy choice.,2023-10-01,"{""Mic"": ""Not mentioned"", ""EQmodes"": ""Not mentioned"", ""DeepBass"": ""Not mentioned"", ""Foldable"": ""Not mentioned"", ""playtime"": ""Not mentioned"", ""ComfortFit"": ""Not mentioned"", ""Batterylife"": ""The battery could last longer"", ""NoiseCancellation"": ""Not mentioned""}"
853,36,Charlotte Torres,3,The Nexvo smartwatch has its pros and cons. On one hand its well-built and has an appealing design but on the other I faced issues with the software glitches. Battery life is decent but I expected more for the price. Its a mixed bag—good for casual use but not perfect.,2023-10-01,"{""Mic"": ""not mentioned"", ""EQmodes"": ""not mentioned"", ""DeepBass"": ""not mentioned"", ""Foldable"": ""not mentioned"", ""playtime"": ""not mentioned"", ""ComfortFit"": ""not mentioned"", ""Batterylife"": ""decent"", ""NoiseCancellation"": ""not mentioned""}"
854,36,Ethan Lee,2,Disappointed with the Nexvo smartwatch. While it looks great and I liked the health features its been unreliable. Frequent software crashes and a confusing app have made it difficult to enjoy. It could be a great product but it definitely needs more stability before I could recommend it.,2023-10-01,"{""Mic"": """", ""EQmodes"": """", ""DeepBass"": """", ""Foldable"": """", ""playtime"": """", ""ComfortFit"": """", ""Batterylife"": """", ""NoiseCancellation"": """"}"
855,36,Grace Evans,1,Terrible purchase. The Nexvo smartwatch failed to pair with my phone after two days and customer service was unhelpful. Features like GPS and heart rate tracking sounded good on paper but in practice it fell flat. Huge waste of money I regret buying this.,2023-10-01,"{""Mic"": """", ""EQmodes"": """", ""DeepBass"": """", ""Foldable"": """", ""playtime"": """", ""ComfortFit"": """", ""Batterylife"": """", ""NoiseCancellation"": """"}"
856,37,Alice Johnson,5,I am absolutely in love with my Vyron Smartwatch! The build quality is top-notch and the design is sleek and stylish. It tracks my heart rate and activity seamlessly and Ive noticed that Im much more motivated to stay active. The ease of use is impressive; I had it set up in minutes. If youre considering a smartwatch I cannot recommend this one enough!,2023-10-01,"{""Mic"": """", ""EQmodes"": """", ""DeepBass"": """", ""Foldable"": """", ""playtime"": """", ""ComfortFit"": """", ""Batterylife"": """", ""NoiseCancellation"": """"}"
859,37,David Miller,2,I was excited about this smartwatch but it fell short of my expectations. While the design is attractive the build quality feels a bit cheap. The heart rate monitor sometimes gives inconsistent readings and I was frustrated trying to set up reminders for medications—there was a learning curve that wasnt documented well. I think Ill be looking for something else next time.,2023-10-01,"{""Mic"": """", ""EQmodes"": """", ""DeepBass"": """", ""Foldable"": """", ""playtime"": """", ""ComfortFit"": """", ""Batterylife"": """", ""NoiseCancellation"": """"}"
860,37,Emily White,1,Very disappointed with the Vyron Smartwatch. It stopped working after just a week of use and customer support was not helpful at all. The features sounded great but when it came to actually using them I found myself struggling. I expected much more for the price. Avoid this product if you want reliability!,2023-10-01,"{""Mic"": """", ""EQmodes"": """", ""DeepBass"": """", ""Foldable"": """", ""playtime"": """", ""ComfortFit"": """", ""Batterylife"": """", ""NoiseCancellation"": """"}"
861,37,Frank Thompson,4,I really like my Vyron smartwatch! It looks good and is quite comfortable to wear throughout the day. The ability to customize watch faces and the reminder features are fantastic! I had a bit of an issue with the app at first but thats been resolved. Overall it has been a great companion for staying on top of my health.,2023-10-01,"{""Mic"": """", ""EQmodes"": """", ""DeepBass"": """", ""Foldable"": """", ""playtime"": """", ""ComfortFit"": ""comfortable to wear throughout the day"", ""Batterylife"": """", ""NoiseCancellation"": """"}"
862,37,Grace Wilson,5,This smartwatch is amazing! I love the heart rate monitoring and how it encourages me to take more breaks during my workday. The fall detection feature gives me peace of mind while Im exercising alone. The battery lasts longer than I expected and setup was super simple. I highly recommend it to anyone wanting to track their health.,2023-10-01,"{""Mic"": ""Not mentioned."", ""EQmodes"": ""Not mentioned."", ""DeepBass"": ""Not mentioned."", ""Foldable"": ""Not mentioned."", ""playtime"": ""Not mentioned."", ""ComfortFit"": ""Not mentioned."", ""Batterylife"": ""The battery lasts longer than expected."", ""NoiseCancellation"": ""Not mentioned.""}"
863,37,Henry Baker,3,The Vyron Smartwatch is good but not without its flaws. It does its job for the most part but Ive noticed the sleep tracking isnt always accurate. On the positive side the interface is user-friendly which I appreciate. Its okay for basic health tracking but if you need detailed metrics you might look elsewhere.,2023-10-01,"{""Mic"": """", ""EQmodes"": """", ""DeepBass"": """", ""Foldable"": """", ""playtime"": """", ""ComfortFit"": """", ""Batterylife"": """", ""NoiseCancellation"": """"}"
864,37,Isabella Young,2,This smartwatch has potential but needs improvements. The idea of continuous health monitoring is great but I found the blood oxygen levels were hard to spot and occasionally it fails to sync with my phone. I also think more detailed instructions would help as I struggled initially with some features. Its decent but could be better overall.,2023-10-01,"{""Mic"": """", ""EQmodes"": """", ""DeepBass"": """", ""Foldable"": """", ""playtime"": """", ""ComfortFit"": """", ""Batterylife"": """", ""NoiseCancellation"": """"}"
865,37,Jack Hall,5,Absolutely fantastic purchase! The Vyron Smartwatch has proven to be reliable and stylish. The heart rate monitor is impressively accurate and I love the medication reminder function—it has helped me stay on track. I also value the fall detection as I often exercise alone. Cant recommend this product highly enough!,2023-10-01,"{""Mic"": """", ""EQmodes"": """", ""DeepBass"": """", ""Foldable"": """", ""playtime"": """", ""ComfortFit"": """", ""Batterylife"": """", ""NoiseCancellation"": """"}"
866,37,Katie Adams,1,I regret buying this smartwatch. The build quality feels cheap and it froze on me several times during use—super frustrating. I tried reaching out to customer service and got no clear answers. For the money I expected something that would actually work—big disappointment all around.,2023-10-01,"{""Mic"": """", ""EQmodes"": """", ""DeepBass"": """", ""Foldable"": """", ""playtime"": """", ""ComfortFit"": """", ""Batterylife"": """", ""NoiseCancellation"": """"}"
867,37,Liam Johnson,4,Very good smartwatch with a solid design and user-friendly interface. I love the customizable straps and watch faces. However the battery life isnt as long as I hoped which is a little annoying. Overall its a great gadget for someone looking to enhance their fitness tracking with some stylish flair.,2023-10-01,"{""Mic"": ""Not applicable."", ""EQmodes"": ""Not applicable."", ""DeepBass"": ""Not applicable."", ""Foldable"": ""Not applicable."", ""playtime"": ""Not applicable."", ""ComfortFit"": ""Customizable straps and watch faces."", ""Batterylife"": ""The battery life isn't as long as hoped."", ""NoiseCancellation"": ""Not applicable.""}"
868,37,Mia Robinson,3,The Vyron Smartwatch has some nice features but I found it lacking in some ways. While the health tracking is accurate I think the responsiveness of the app could improve. Sometimes it lags during syncing. On a positive note the design is sleek and looks good on my wrist. It serves its purpose for light use.,2023-10-01,"{""Mic"": """", ""EQmodes"": """", ""DeepBass"": """", ""Foldable"": """", ""playtime"": """", ""ComfortFit"": """", ""Batterylife"": """", ""NoiseCancellation"": """"}"
869,37,Noah Turner,2,A bit disappointed with the Vyron Smartwatch. I love the aesthetics but it lacks durability; the screen scratched within a week. The smart alerts could be more effective. The performance has been average at best. Overall its stylish but not very functional for me.,2023-10-01,"{""Mic"": """", ""EQmodes"": """", ""DeepBass"": """", ""Foldable"": """", ""playtime"": """", ""ComfortFit"": """", ""Batterylife"": """", ""NoiseCancellation"": """"}"
870,37,Olivia Perez,5,Im thrilled with my Vyron Smartwatch! Its like having a personal assistant on my wrist. The ability to get weather updates and reminders for my medication is incredibly helpful. The design is chic and the build quality feels premium. Ive tried other smartwatches but this one truly stands out for its comprehensive features.,2023-10-01,"{""Mic"": """", ""EQmodes"": """", ""DeepBass"": """", ""Foldable"": """", ""playtime"": """", ""ComfortFit"": """", ""Batterylife"": """", ""NoiseCancellation"": """"}"
871,37,Paul Clark,4,I think this smartwatch has struck a good balance between style and functionality. The battery life is quite decent and I appreciate the activity tracking features. However I did encounter a minor bug in the app that was a bit bothersome. Still its a reliable companion for anyone who wants to monitor their fitness effectively.,2023-10-01,"{""Mic"": ""Not mentioned"", ""EQmodes"": ""Not mentioned"", ""DeepBass"": ""Not mentioned"", ""Foldable"": ""Not mentioned"", ""playtime"": ""Not mentioned"", ""ComfortFit"": ""Not mentioned"", ""Batterylife"": ""quite decent"", ""NoiseCancellation"": ""Not mentioned""}"
872,37,Quinn Martinez,3,Decent smartwatch but I was looking for something more advanced. The heart rate monitoring has been fairly accurate but I dont think it measures steps properly all the time. The customizable watch faces are a fun bonus though. I might keep it for now but I wont hesitate to look for alternatives for more precise metrics.,2023-10-01,"{""Mic"": """", ""EQmodes"": """", ""DeepBass"": """", ""Foldable"": """", ""playtime"": """", ""ComfortFit"": """", ""Batterylife"": """", ""NoiseCancellation"": """"}"
873,37,Riley Bennett,2,This smartwatch feels like it misses the mark. The design is nice but the functionality is lacking. I had issues with connecting it to my phone and the battery drains faster than expected. I thought Id found a solid product but Im ultimately not satisfied with it.,2023-10-01,"{""Mic"": ""Not applicable."", ""EQmodes"": ""Not applicable."", ""DeepBass"": ""Not applicable."", ""Foldable"": ""Not applicable."", ""playtime"": ""Not applicable."", ""ComfortFit"": ""Not applicable."", ""Batterylife"": ""The battery drains faster than expected."", ""NoiseCancellation"": ""Not applicable.""}"
874,37,Samantha Hughes,5,I couldnt be happier with my Vyron Smartwatch! It tracks everything I need—from my sleep patterns to my step count. The emergency alert feature is a game-changer for me as I often work out alone. The design is sleek and its comfortable enough to wear all day. Highly recommend it to anyone!,2023-10-01,"{""Mic"": ""Not mentioned"", ""EQmodes"": ""Not mentioned"", ""DeepBass"": ""Not mentioned"", ""Foldable"": ""Not mentioned"", ""playtime"": ""Not mentioned"", ""ComfortFit"": ""Comfortable enough to wear all day"", ""Batterylife"": ""Not mentioned"", ""NoiseCancellation"": ""Not mentioned""}"
875,37,Thomas King,1,Honestly this smartwatch is not worth your time or money. It stopped working just after a week and I felt misled by its features. Ive reached out for support but havent received any help. I would advise looking for a more reliable brand.,2023-10-01,"{""Mic"": """", ""EQmodes"": """", ""DeepBass"": """", ""Foldable"": """", ""playtime"": """", ""ComfortFit"": """", ""Batterylife"": """", ""NoiseCancellation"": """"}"
876,37,Ursula Scott,4,Great watch overall! Its stylish and setting it up was a breeze. The only downside is that the battery life could use improvement. I love having my reminders and quick access to my messages right on my wrist. Its perfect for anyone needing a little extra motivation to stay active!,2023-10-01,"{""Mic"": ""Not mentioned."", ""EQmodes"": ""Not mentioned."", ""DeepBass"": ""Not mentioned."", ""Foldable"": ""Not mentioned."", ""playtime"": ""Not mentioned."", ""ComfortFit"": ""Not mentioned."", ""Batterylife"": ""The battery life could use improvement."", ""NoiseCancellation"": ""Not mentioned.""}"
877,37,Victor Nelson,3,The Vyron Smartwatch is an average product. While it does the basics I find the interface occasionally slow and frustrating. I do like the health tracking features but I believe there are better options for a similar price point. Its nice but not something I would rave about.,2023-10-01,"{""Mic"": """", ""EQmodes"": """", ""DeepBass"": """", ""Foldable"": """", ""playtime"": """", ""ComfortFit"": """", ""Batterylife"": """", ""NoiseCancellation"": """"}"
878,37,Willow Young,2,My experience with the Vyron Smartwatch left much to be desired. While the concept is great the execution lacks. I found notifications difficult to manage and daily syncing can be hit or miss. Its a stylish piece but functionality needs improvements. I may keep it for now until I find a better alternative.,2023-10-01,"{""Mic"": """", ""EQmodes"": """", ""DeepBass"": """", ""Foldable"": """", ""playtime"": """", ""ComfortFit"": """", ""Batterylife"": """", ""NoiseCancellation"": """"}"
879,37,Zachary Adams,5,This smartwatch has genuinely exceeded my expectations! The vibrant display and extensive features like the medication reminders have made my life so much easier. The fall detection is a huge bonus when Im out running. The quality feels premium which is fantastic for the price! I recommend it to anyone!,2023-10-01,"{""Mic"": """", ""EQmodes"": """", ""DeepBass"": """", ""Foldable"": """", ""playtime"": """", ""ComfortFit"": """", ""Batterylife"": """", ""NoiseCancellation"": """"}"
880,38,Emily Johnson,5,I absolutely love my new Auron tablet! The display is incredibly vibrant and the size is perfect for both streaming my favorite shows and browsing the web. It really stands out from my previous tablet due to the smooth performance of the quad-core processor. The battery life is exceptional too; I can easily watch videos for hours without needing to charge. Highly recommend this to anyone needing a reliable and high-quality tablet!,2023-10-01,"{""Mic"": """", ""EQmodes"": """", ""DeepBass"": """", ""Foldable"": """", ""playtime"": ""Hours"", ""ComfortFit"": """", ""Batterylife"": ""Exceptional, can watch videos for hours without needing to charge."", ""NoiseCancellation"": """"}"
881,38,Michael Chen,5,This tablet exceeded all my expectations! The 6000mAh battery life is fantastic and truly lasts through my long working hours. The IPS touchscreen is responsive and clear making it ideal for both work and play. I appreciate the expandable storage as well which allows me to store all my important documents and earlier video projects. All in all its a premium product at a great price. Definitely five stars from me!,2023-10-01,"{""Mic"": ""N/A"", ""EQmodes"": ""N/A"", ""DeepBass"": ""N/A"", ""Foldable"": ""N/A"", ""playtime"": ""N/A"", ""ComfortFit"": ""N/A"", ""Batterylife"": ""6000mAh"", ""NoiseCancellation"": ""N/A""}"
882,38,Sarah Wilson,4,Auron has really done a great job with this tablet! The build quality feels very solid and I love how sleek it looks. It meets all my needs for streaming video and video calls although I wish the front camera was a bit better. Theres a minor learning curve with the user interface but it isnt a deal-breaker. Its a powerful device thats probably the best Ive used in its price range!,2023-10-01,"{""Mic"": """", ""EQmodes"": """", ""DeepBass"": """", ""Foldable"": """", ""playtime"": """", ""ComfortFit"": """", ""Batterylife"": """", ""NoiseCancellation"": """"}"
883,38,David Martinez,3,I find the Auron tablet to be pretty average. While the screen quality is nice and the storage is generous the performance can be hit or miss. Sometimes apps take a while to load which can be frustrating. I also encountered some compatibility issues with certain apps. On the plus side the design is stylish and it feels good in hand but overall its not the best Ive come across.,2023-10-01,"{""Mic"": """", ""EQmodes"": """", ""DeepBass"": """", ""Foldable"": """", ""playtime"": """", ""ComfortFit"": """", ""Batterylife"": """", ""NoiseCancellation"": """"}"
884,38,Jessica Lee,3,This tablet is decent for everyday use but nothing extraordinary. The battery life is satisfactory lasting about 6 hours for my usage which is a bit disappointing compared to what was advertised. I appreciate how lightweight it is and the vibrant display but Ive noticed some lag when multitasking. Its a solid device for basics but those looking for high performance might want to consider alternatives.,2023-10-01,"{""Mic"": ""N/A"", ""EQmodes"": ""N/A"", ""DeepBass"": ""N/A"", ""Foldable"": ""N/A"", ""playtime"": ""6 hours"", ""ComfortFit"": ""lightweight"", ""Batterylife"": ""6 hours"", ""NoiseCancellation"": ""N/A""}"
885,38,Daniel Kim,2,I had high hopes for this tablet but it hasnt delivered much. While the design is quite nice Im frustrated with the battery life. It seems to drain quicker than expected especially when using the camera or streaming video. Additionally I experienced some issues with the software which caused the tablet to freeze occasionally. For the price I expected better durability and performance overall.,2023-10-01,"{""Mic"": ""Not applicable."", ""EQmodes"": ""Not applicable."", ""DeepBass"": ""Not applicable."", ""Foldable"": ""Not applicable."", ""playtime"": ""Not applicable."", ""ComfortFit"": ""Not applicable."", ""Batterylife"": ""It seems to drain quicker than expected, especially when using the camera or streaming video."", ""NoiseCancellation"": ""Not applicable.""}"
886,38,Laura Gomez,2,Unfortunately my experience with the Auron tablet has been disappointing. The camera quality is subpar especially for an 8MP rear camera; it struggles in low light and the images often come out grainy. Also I faced problems during setup as the instructions werent clear. While it functions okay for basic tasks Id recommend looking at competitors for better options.,2023-10-01,"{""Mic"": """", ""EQmodes"": """", ""DeepBass"": """", ""Foldable"": """", ""playtime"": """", ""ComfortFit"": """", ""Batterylife"": """", ""NoiseCancellation"": """"}"
887,38,Kevin Brown,1,Awful product! I received the tablet with a defective screen that wouldnt respond to touch. Customer support was unhelpful and it took multiple emails to get any response. Its incredibly frustrating to deal with a brand that doesnt stand by its product. I expected a quality item based on the specs but this has been a complete letdown in every aspect.,2023-10-01,"{""Mic"": """", ""EQmodes"": """", ""DeepBass"": """", ""Foldable"": """", ""playtime"": """", ""ComfortFit"": """", ""Batterylife"": """", ""NoiseCancellation"": """"}"
888,38,Megan White,5,This Auron tablet is a game-changer! Im primarily using it for educational purposes and it handles all my learning apps seamlessly. The dual cameras are an added bonus for video sessions. The sleek design and lightweight feel make it easy to transport. Plus the battery life has been surprisingly good—perfect for long study sessions. I cant imagine my studies without it now!,2023-10-01,"{""Mic"": ""N/A"", ""EQmodes"": ""N/A"", ""DeepBass"": ""N/A"", ""Foldable"": ""N/A"", ""playtime"": ""N/A"", ""ComfortFit"": ""lightweight feel make it easy to transport"", ""Batterylife"": ""surprisingly good—perfect for long study sessions"", ""NoiseCancellation"": ""N/A""}"
889,38,Josh Anderson,4,Im quite pleased with the Auron tablet! Its lightweight and has a good screen size for reading and streaming. The setup process was straightforward which I appreciated. My only issue has been the battery life during heavy usage which doesnt quite meet the claimed duration. Still for its overall performance and quality I think its worth the investment!,2023-10-01,"{""Mic"": ""Not applicable."", ""EQmodes"": ""Not applicable."", ""DeepBass"": ""Not applicable."", ""Foldable"": ""Not applicable."", ""playtime"": ""Not applicable."", ""ComfortFit"": ""Not applicable."", ""Batterylife"": ""The battery life during heavy usage doesn't meet the claimed duration."", ""NoiseCancellation"": ""Not applicable.""}"
890,38,Samantha Wright,3,Overall the Auron tablet is satisfactory but it has some pitfalls. It performs well for basic tasks and has a nice display but I found the app responsiveness lagging especially when multiple applications were running. The build quality is good and it does have a premium feel though I wouldnt recommend it for gaming due to the performance dips. Its a functional tablet but not the best on the market.,2023-10-01,"{""Mic"": """", ""EQmodes"": """", ""DeepBass"": """", ""Foldable"": """", ""playtime"": """", ""ComfortFit"": """", ""Batterylife"": """", ""NoiseCancellation"": """"}"
891,38,Chris Patel,2,The Auron tablet has potential but Ive encountered several issues. The app performance can be frustratingly slow especially during multitasking. While the storage capacity is excellent the performance seems to suffer under heavier loads. Its unfortunate because I initially felt excited about its features. I wouldnt say its unusable but I expected a lot more from this device.,2023-10-01,"{""Mic"": """", ""EQmodes"": """", ""DeepBass"": """", ""Foldable"": """", ""playtime"": """", ""ComfortFit"": """", ""Batterylife"": """", ""NoiseCancellation"": """"}"
892,38,Nancy Clark,5,Im so glad I chose the Auron tablet! It is wonderfully portable and the display quality is simply stunning. Watching movies and playing games are enjoyable experiences thanks to the high definition visuals. Also the battery reliably lasts long enough for my daily use. I have received nothing but compliments from friends on its sleek design. Definitely a 5-star purchase!,2023-10-01,"{""Mic"": ""Not applicable"", ""EQmodes"": ""Not applicable"", ""DeepBass"": ""Not applicable"", ""Foldable"": ""Not applicable"", ""playtime"": ""Not applicable"", ""ComfortFit"": ""Not applicable"", ""Batterylife"": ""reliably lasts long enough for daily use"", ""NoiseCancellation"": ""Not applicable""}"
893,38,Emma Turner,4,Great tablet overall but a few small things could improve it. The design is sleek lightweight and very eye-catching. The performance is good for everyday tasks though I sometimes notice a slight lag with heavier apps. The camera quality is decent for video calls but could use a bit of upgrading. I would still recommend it as a solid choice for anyone looking to enter the tablet market.,2023-10-01,"{""Mic"": """", ""EQmodes"": """", ""DeepBass"": """", ""Foldable"": """", ""playtime"": """", ""ComfortFit"": """", ""Batterylife"": """", ""NoiseCancellation"": """"}"
894,38,Benjamin Young,1,Horrible experience with the Auron tablet. It arrived with a cracked screen and malfunctioning software. Customer service took forever to respond and when they did they were less than helpful. I expected quality for the price but this is just disappointing. I would not recommend purchasing this at all as it doesnt live up to the expectations.,2023-10-01,"{""Mic"": """", ""EQmodes"": """", ""DeepBass"": """", ""Foldable"": """", ""playtime"": """", ""ComfortFit"": """", ""Batterylife"": """", ""NoiseCancellation"": """"}"
895,38,Amanda Scott,5,The Auron tablet is absolutely fantastic! The build quality feels premium and sturdy definitely a step up from my old device. The battery life is impressive easily lasting through multiple binge-watching sessions. I love the screen resolution and how vibrant everything looks ideal for both work and play. Definitely the best tablet Ive owned highly recommend it!,2023-10-01,"{""Mic"": """", ""EQmodes"": """", ""DeepBass"": """", ""Foldable"": """", ""playtime"": """", ""ComfortFit"": """", ""Batterylife"": ""easily lasting through multiple binge-watching sessions"", ""NoiseCancellation"": """"}"
896,38,Liam Carter,4,Very happy with my Auron tablet! The interface was intuitive to set up and I was up and running in no time. The vibrant screen is great for streaming although I wish the camera quality was a bit better for video calls. For its price you really cant go wrong; it offers excellent value for what you get!,2023-10-01,"{""Mic"": """", ""EQmodes"": """", ""DeepBass"": """", ""Foldable"": """", ""playtime"": """", ""ComfortFit"": """", ""Batterylife"": """", ""NoiseCancellation"": """"}"
897,38,Sophie Hall,3,This tablet has its merits but also some downsides. The screen is vibrant and great for watching shows but Ive experienced bugs that caused apps to crash from time to time. Overall its a fair product for the price but definitely not without its quirks. Hint: if youre looking for a work powerhouse you might want to shop around a bit more.,2023-10-01,"{""Mic"": """", ""EQmodes"": """", ""DeepBass"": """", ""Foldable"": """", ""playtime"": """", ""ComfortFit"": """", ""Batterylife"": """", ""NoiseCancellation"": """"}"
898,38,Bryan Jones,2,Honestly disappointed with the Auron tablet. While it boasts good specs on paper the actual user experience has been frustrating. It tends to get laggy when switching between apps and the performance doesnt match what Ive experienced with other tablets at a similar price point. Its usable but not impressive enough to keep my loyalty.,2023-10-01,"{""Mic"": """", ""EQmodes"": """", ""DeepBass"": """", ""Foldable"": """", ""playtime"": """", ""ComfortFit"": """", ""Batterylife"": """", ""NoiseCancellation"": """"}"
900,38,Tyler Hernandez,5,Fantastic product! Ive been using the Auron tablet for a few weeks now and its hard to fault. The battery life is fantastic for my video streaming allowing me to watch shows all day without needing to recharge. I also love the expandable storage considering how many files I keep. Its lightweight and easy to carry around making it perfect for on-the-go! Buy this—you wont regret it!,2023-10-01,"{""Mic"": ""Not mentioned."", ""EQmodes"": ""Not mentioned."", ""DeepBass"": ""Not mentioned."", ""Foldable"": ""Not mentioned."", ""playtime"": ""All-day use for video streaming."", ""ComfortFit"": ""Lightweight and easy to carry around."", ""Batterylife"": ""Fantastic for video streaming, allowing all-day use without recharge."", ""NoiseCancellation"": ""Not mentioned.""}"
901,38,Zoe Taylor,4,Really nice tablet with some great features! The screen is large and clear making it perfect for my graphic design work. The only downside Ive found is that the user interface could be a bit more intuitive; it took some getting used to. Even with that Im still happy with the purchase and would definitely recommend giving it a try!,2023-10-01,"{""Mic"": """", ""EQmodes"": """", ""DeepBass"": """", ""Foldable"": """", ""playtime"": """", ""ComfortFit"": """", ""Batterylife"": """", ""NoiseCancellation"": """"}"
902,39,Emily Johnson,5,The Lumeon Tablet is simply outstanding! The vibrant display is perfect for streaming movies and the AI-powered features make my daily tasks so much easier. I love using the Magic Editor to enhance my photos; its incredibly intuitive! Plus the smart home integration works flawlessly. This tablet is a fantastic productivity companion and I highly recommend it!,2023-10-01,"{""Mic"": """", ""EQmodes"": """", ""DeepBass"": """", ""Foldable"": """", ""playtime"": """", ""ComfortFit"": """", ""Batterylife"": """", ""NoiseCancellation"": """"}"
903,39,Jacob Wilson,5,I am thoroughly impressed with the Lumeon Tablet! The build quality is top-notch and it feels durable yet lightweight. The screen resolution is stunning making it a delight for video calls and editing. The battery life is fantastic - I can stream throughout the day without worrying about it dying. This device blows my previous tablets out of the water!,2023-10-01,"{""Mic"": """", ""EQmodes"": """", ""DeepBass"": """", ""Foldable"": """", ""playtime"": """", ""ComfortFit"": """", ""Batterylife"": ""fantastic - I can stream throughout the day without worrying about it dying"", ""NoiseCancellation"": """"}"
904,39,Sophia Carter,4,Really great tablet for the price! The display is gorgeous and the multitasking capabilities have made my work from home experience more efficient. Minor issue with the voice command feature sometimes not picking up my instructions but overall its a strong performer. I just wish the setup had clearer instructions - took a little time to figure it out but once I did it was worth it!,2023-10-01,"{""Mic"": """", ""EQmodes"": """", ""DeepBass"": """", ""Foldable"": """", ""playtime"": """", ""ComfortFit"": """", ""Batterylife"": """", ""NoiseCancellation"": """"}"
905,39,Henry Thompson,3,The Lumeon Tablet has some stellar features especially the split view and AI assistance which I find really useful for everything from work to casual use. However the battery life isnt as long as I expected and there have been a couple of software glitches. Its a solid device but it could use some improvements to be truly exceptional.,2023-10-01,"{""Mic"": ""N/A"", ""EQmodes"": ""N/A"", ""DeepBass"": ""N/A"", ""Foldable"": ""N/A"", ""playtime"": ""N/A"", ""ComfortFit"": ""N/A"", ""Batterylife"": ""The battery life isn't as long as expected."", ""NoiseCancellation"": ""N/A""}"
906,39,Ava Harris,2,Disappointed with my purchase. The build quality feels cheaper than expected and Ive encountered issues with it freezing during video calls. The display is nice but the performance has let me down. I really wanted to love this tablet but I think Ill be looking for alternatives that offer a better experience.,2023-10-01,"{""Mic"": """", ""EQmodes"": """", ""DeepBass"": """", ""Foldable"": """", ""playtime"": """", ""ComfortFit"": """", ""Batterylife"": """", ""NoiseCancellation"": """"}"
907,39,Noah Brown,1,Horrible experience with the Lumeon Tablet. It crashed after just one week of use and customer service was less than helpful. I had high hopes for its features but this has been a huge disappointment. Save your money and look elsewhere; this tablet has serious reliability issues.,2023-10-01,"{""Mic"": """", ""EQmodes"": """", ""DeepBass"": """", ""Foldable"": """", ""playtime"": """", ""ComfortFit"": """", ""Batterylife"": """", ""NoiseCancellation"": """"}"
908,39,Olivia Lee,5,Wow Im blown away by the features of the Lumeon Tablet! The AI-powered assistance is such a game changer for managing my smart home. I also love the quality of the camera for video calls - its crystal clear! The battery life is impressive too. Ive shared it with my family and they love it as much as I do!,2023-10-01,"{""Mic"": ""N/A"", ""EQmodes"": ""N/A"", ""DeepBass"": ""N/A"", ""Foldable"": ""N/A"", ""playtime"": ""N/A"", ""ComfortFit"": ""N/A"", ""Batterylife"": ""impressive"", ""NoiseCancellation"": ""N/A""}"
909,39,Ethan Martinez,4,Overall a solid tablet! The design is sleek and aesthetic which I appreciate. The only downside is the initial setup was a bit tricky since the instructions werent clear enough. However once I got it running it was smooth sailing. The display is vibrant making it great for binge-watching my favorite shows.,2023-10-01,"{""Mic"": """", ""EQmodes"": """", ""DeepBass"": """", ""Foldable"": """", ""playtime"": """", ""ComfortFit"": """", ""Batterylife"": """", ""NoiseCancellation"": """"}"
910,39,Isabella Davis,3,The Lumeon Tablet is decent but has its flaws. While I really appreciate its user-friendly interface and beautiful display Ive noticed that the performance isnt as fast as Id hoped especially when multitasking. Its a bit laggy sometimes and I think there are better options available for the price.,2023-10-01,"{""Mic"": """", ""EQmodes"": """", ""DeepBass"": """", ""Foldable"": """", ""playtime"": """", ""ComfortFit"": """", ""Batterylife"": """", ""NoiseCancellation"": """"}"
911,39,Liam Anderson,2,Im not very happy with my purchase. While the tablet looks great and has some neat features Ive had issues with frequent connectivity drops when using it for smart home management. The battery life also doesnt seem to match the advertised time. I expected more from a device of this caliber and would probably choose a different brand next time.,2023-10-01,"{""Mic"": ""Not applicable."", ""EQmodes"": ""Not applicable."", ""DeepBass"": ""Not applicable."", ""Foldable"": ""Not applicable."", ""playtime"": ""Not applicable."", ""ComfortFit"": ""Not applicable."", ""Batterylife"": ""The battery life doesn't seem to match the advertised time."", ""NoiseCancellation"": ""Not applicable.""}"
912,39,Mia Taylor,5,Absolutely love my Lumeon Tablet! The vibrant colors on the screen make everything look stunning and the Magic Editor is incredible for my photo editing needs. Its lightweight making it easy to carry around. Ive had no issues with it so far and its been a fantastic productivity tool for both work and leisure!,2023-10-01,"{""Mic"": """", ""EQmodes"": """", ""DeepBass"": """", ""Foldable"": """", ""playtime"": """", ""ComfortFit"": """", ""Batterylife"": """", ""NoiseCancellation"": """"}"
927,40,Emily Johnson,5,I am absolutely thrilled with the Nexvo tablet! The user interface is incredibly intuitive making it easy for me to navigate through apps and settings. The 10GB RAM ensures that multitasking is a breeze and the vibrant IPS display has made my reading and video calls so enjoyable. Ive tried other tablets but this one truly stands out for its performance and design.,2023-10-01,"{""Mic"": """", ""EQmodes"": """", ""DeepBass"": """", ""Foldable"": """", ""playtime"": """", ""ComfortFit"": """", ""Batterylife"": """", ""NoiseCancellation"": """"}"
913,39,James White,4,Pretty good tablet overall. The size is great for traveling and I love how lightweight it is. The features are impressive cant complain about the video call quality. My only issue is that the battery drains faster than I expected when Im using resource-intensive apps. Still I think its worth the investment.,2023-10-01,"{""Mic"": ""Video call quality is good."", ""EQmodes"": ""Not applicable."", ""DeepBass"": ""Not applicable."", ""Foldable"": ""Not applicable."", ""playtime"": ""Not applicable."", ""ComfortFit"": ""Not applicable."", ""Batterylife"": ""The battery drains faster than expected when using resource-intensive apps."", ""NoiseCancellation"": ""Not applicable.""}"
914,39,Avery Thomas,3,The Lumeon Tablet has its pros and cons. The screen is vivid and works well for outdoor usage. However Ive struggled a bit with battery performance and Ive noticed occasional lag when multiple applications run simultaneously. It serves its purpose well for basic tasks but Id recommend doing some research before deciding.,2023-10-01,"{""Mic"": ""Not applicable"", ""EQmodes"": ""Not applicable"", ""DeepBass"": ""Not applicable"", ""Foldable"": ""Not applicable"", ""playtime"": ""Not applicable"", ""ComfortFit"": ""Not applicable"", ""Batterylife"": ""Struggled with battery performance"", ""NoiseCancellation"": ""Not applicable""}"
915,39,Michael Scott,2,Feeling let down by the Lumeon Tablet. It looked promising with its features but the performance has been sluggish and not very responsive. The build quality leaves a bit to be desired and Ive run into some bugs with the software. Just not the level of quality I was expecting.,2023-10-01,"{""Mic"": """", ""EQmodes"": """", ""DeepBass"": """", ""Foldable"": """", ""playtime"": """", ""ComfortFit"": """", ""Batterylife"": """", ""NoiseCancellation"": """"}"
916,39,Charlotte Harris,5,I cant thank Lumeon enough for this amazing tablet! Its become an essential part of my daily routine. The ability to seamlessly control my smart home is a dream come true. Plus the battery life is phenomenal; I can use it all day long without needing a charge. Highly recommend it to anyone looking for a reliable device!,2023-10-01,"{""Mic"": ""Not applicable"", ""EQmodes"": ""Not applicable"", ""DeepBass"": ""Not applicable"", ""Foldable"": ""Not applicable"", ""playtime"": ""All day long"", ""ComfortFit"": ""Not applicable"", ""Batterylife"": ""Phenomenal; can use it all day long without needing a charge."", ""NoiseCancellation"": ""Not applicable""}"
917,39,Alexander Walker,1,Big regret buying this tablet. It froze during an important video conference and wouldnt reconnect. Customer service was unhelpful and Ive since returned it. I was drawn in by the features but this tablet has major reliability issues that arent ready for prime time. Look elsewhere for a dependable option.,2023-10-01,"{""Mic"": """", ""EQmodes"": """", ""DeepBass"": """", ""Foldable"": """", ""playtime"": """", ""ComfortFit"": """", ""Batterylife"": """", ""NoiseCancellation"": """"}"
918,39,Ella Young,5,This tablet has exceeded my expectations! The AI features are incredibly helpful especially when managing smart devices around the house. The build is sleek and lightweight making it easy to carry. The performance during video editing has been stellar as well; I couldnt be happier with this purchase!,2023-10-01,"{""Mic"": """", ""EQmodes"": """", ""DeepBass"": """", ""Foldable"": """", ""playtime"": """", ""ComfortFit"": """", ""Batterylife"": """", ""NoiseCancellation"": """"}"
919,39,Daniel Martinez,4,I really enjoy using my Lumeon Tablet but I did encounter a few hiccups during setup which made things a bit frustrating. However the display quality is excellent for streaming. I must say the battery life is quite impressive too. Returns could be smoother but Im happy with what it offers in terms of performance.,2023-10-01,"{""Mic"": ""N/A"", ""EQmodes"": ""N/A"", ""DeepBass"": ""N/A"", ""Foldable"": ""N/A"", ""playtime"": ""N/A"", ""ComfortFit"": ""N/A"", ""Batterylife"": ""impressive"", ""NoiseCancellation"": ""N/A""}"
920,39,Aubrey King,3,The tablets got a nice design and decent performance overall. It serves well for basic tasks but gaming and heavy usage tend to slow it down which is a downside. I appreciate the vibrant display but I wish the battery life was longer when pushing the limits of its functionalities.,2023-10-01,"{""Mic"": ""Not applicable to the document."", ""EQmodes"": ""Not applicable to the document."", ""DeepBass"": ""Not applicable to the document."", ""Foldable"": ""Not applicable to the document."", ""playtime"": ""The playtime is limited under heavy usage."", ""ComfortFit"": ""Not applicable to the document."", ""Batterylife"": ""The battery life is not very long when the tablet is used intensively."", ""NoiseCancellation"": ""Not applicable to the document.""}"
921,39,David Brown,2,The Lumeon Tablet has some nice features but I found it a bit underwhelming. The AI functionality is not as intuitive as advertised and I experienced connectivity problems with my smart devices. It looks good but needs improvement in several areas to be considered a good value for the price.,2023-10-01,"{""Mic"": """", ""EQmodes"": """", ""DeepBass"": """", ""Foldable"": """", ""playtime"": """", ""ComfortFit"": """", ""Batterylife"": """", ""NoiseCancellation"": """"}"
922,39,Madison Clark,5,Best tablet Ive owned! The display is vibrant and streaming is a joy. I use it for everything from work to entertainment and it performs exceptionally well. The ease of sharing content through Quick Share has made my life so much easier. Its the perfect blend of design and functionality!,2023-10-01,"{""Mic"": """", ""EQmodes"": """", ""DeepBass"": """", ""Foldable"": """", ""playtime"": """", ""ComfortFit"": """", ""Batterylife"": """", ""NoiseCancellation"": """"}"
923,39,Matthew Walker,4,Impressive performance! The Lumeon Tablet handles multitasking effectively and Im impressed with video call quality. My only concern is with the software - it has a few bugs that need fixing. Still considering the price its a strong contender against others in its class.,2023-10-01,"{""Mic"": """", ""EQmodes"": """", ""DeepBass"": """", ""Foldable"": """", ""playtime"": """", ""ComfortFit"": """", ""Batterylife"": """", ""NoiseCancellation"": """"}"
924,39,Addison Rodriguez,3,The Lumeon Tablet is decent but not groundbreaking. It has a beautiful display and some cool features but it feels like it could be more responsive. Ive noticed occasional lag when switching between apps which can be frustrating. If you only need basic functions its fine but I expected more for the price.,2023-10-01,"{""Mic"": """", ""EQmodes"": """", ""DeepBass"": """", ""Foldable"": """", ""playtime"": """", ""ComfortFit"": """", ""Batterylife"": """", ""NoiseCancellation"": """"}"
925,39,Samantha Allen,2,I wanted to love the Lumeon Tablet but the performance has not lived up to my expectations. While it looks good Ive had numerous issues with it freezing up during use. Customer service was unresponsive when I reached out for support which left me feeling frustrated. I think Ill be looking at other brands in the future.,2023-10-01,"{""Mic"": """", ""EQmodes"": """", ""DeepBass"": """", ""Foldable"": """", ""playtime"": """", ""ComfortFit"": """", ""Batterylife"": """", ""NoiseCancellation"": """"}"
926,39,Nathan Green,5,Simply put this is the best tablet Ive ever owned! The vibrant colors on the display are breathtaking perfect for movies and editing photos. I love the Magic Editor tool and how easy it is to manage my smart home devices. It has truly been an amazing addition to my tech collection!,2023-10-01,"{""Mic"": """", ""EQmodes"": """", ""DeepBass"": """", ""Foldable"": """", ""playtime"": """", ""ComfortFit"": """", ""Batterylife"": """", ""NoiseCancellation"": """"}"
928,40,Carlos Ramirez,5,This Nexvo tablet is a game-changer! The battery life lasts longer than I expected easily going through a full day of usage. The rapid charging feature is a lifesaver charging up in just an hour and a half. Plus the connection quality is excellent with Wi-Fi 6 making streaming a smooth experience. Highly recommend it for anyone who enjoys media on-the-go!,2023-10-01,"{""Mic"": """", ""EQmodes"": """", ""DeepBass"": """", ""Foldable"": """", ""playtime"": """", ""ComfortFit"": """", ""Batterylife"": ""Lasts longer than expected, easily going through a full day of usage."", ""NoiseCancellation"": """"}"
929,40,Sarah Patel,4,I really like the Nexvo tablet overall. The build quality feels solid and it looks sleek. The performance is impressive especially when using apps like Netflix and YouTube. My only complaint would be the placement of the camera – it can be awkward during video calls. Still for the price this tablet is an excellent value!,2023-10-01,"{""Mic"": """", ""EQmodes"": """", ""DeepBass"": """", ""Foldable"": """", ""playtime"": """", ""ComfortFit"": """", ""Batterylife"": """", ""NoiseCancellation"": """"}"
930,40,Michael Wong,4,Great tablet! I appreciate the low blue light technology that reduces eye strain during long sessions. The storage capacity is fantastic and I love that it supports a 1TB microSD card. However I found the user manual a bit lacking in details which made setup slightly confusing. Nevertheless it runs smoothly and meets all my needs!,2023-10-01,"{""Mic"": """", ""EQmodes"": """", ""DeepBass"": """", ""Foldable"": """", ""playtime"": """", ""ComfortFit"": """", ""Batterylife"": """", ""NoiseCancellation"": """"}"
931,40,Angela Miller,3,The Nexvo tablet has potential but there are some inconsistencies. While the display is vibrant the overall speed can lag on occasion especially when switching between demanding apps. The battery life is decent but I wish it lasted a bit longer when gaming. For casual use its satisfactory but not for heavy multitasking.,2023-10-01,"{""Mic"": ""N/A"", ""EQmodes"": ""N/A"", ""DeepBass"": ""N/A"", ""Foldable"": ""N/A"", ""playtime"": ""N/A"", ""ComfortFit"": ""N/A"", ""Batterylife"": ""decent, but could be better for gaming"", ""NoiseCancellation"": ""N/A""}"
932,40,David Johnson,3,Its a decent tablet but it didnt fully meet my expectations. The performance is good most of the time but I experienced some occasional hiccups. I do appreciate the camera quality though; the pictures look great! The lack of GPS support is also a downside for me. Overall its a mixed bag for a mid-range tablet.,2023-10-01,"{""Mic"": """", ""EQmodes"": """", ""DeepBass"": """", ""Foldable"": """", ""playtime"": """", ""ComfortFit"": """", ""Batterylife"": """", ""NoiseCancellation"": """"}"
933,40,Laura Chen,2,I really wanted to love this tablet but it has its flaws. While the screen quality is nice the battery drains much faster than I was led to believe especially when using certain apps. I also found the setup process to be quite convoluted which was frustrating. Its usable for basic tasks but I expected more based on the specs.,2023-10-01,"{""Mic"": ""Not applicable."", ""EQmodes"": ""Not applicable."", ""DeepBass"": ""Not applicable."", ""Foldable"": ""Not applicable."", ""playtime"": ""Not explicitly mentioned, but implied to be less than expected."", ""ComfortFit"": ""Not applicable."", ""Batterylife"": ""The battery drains much faster than expected."", ""NoiseCancellation"": ""Not applicable.""}"
934,40,Jonathan Lee,2,The Nexvo tablet has some nice features but Ive encountered multiple problems. It often freezes when I switch apps which is disappointing given its specs. Additionally customer support took too long to respond when I reached out for help. Its a shame as I liked the idea of this tablet but it just doesnt deliver on performance.,2023-10-01,"{""Mic"": """", ""EQmodes"": """", ""DeepBass"": """", ""Foldable"": """", ""playtime"": """", ""ComfortFit"": """", ""Batterylife"": """", ""NoiseCancellation"": """"}"
935,40,Fiona Adams,1,I had a horrible experience with the Nexvo tablet. After only a week of usage it stopped responding completely. I tried following troubleshooting steps but nothing worked. The customer support was unhelpful and took ages to get back to me. Ive had much better luck with other brands. I wouldnt recommend this product at all.,2023-10-01,"{""Mic"": """", ""EQmodes"": """", ""DeepBass"": """", ""Foldable"": """", ""playtime"": """", ""ComfortFit"": """", ""Batterylife"": """", ""NoiseCancellation"": """"}"
936,40,Marcus Smith,1,Regrettably I have to say this tablet is barely functional. The performance is subpar with frequent lagging issues making it almost impossible to use effectively. The camera quality is disappointing and the battery life is well below average lasting only a few hours. Its not worth the investment considering whats available on the market.,2023-10-01,"{""Mic"": ""N/A"", ""EQmodes"": ""N/A"", ""DeepBass"": ""N/A"", ""Foldable"": ""N/A"", ""playtime"": ""N/A"", ""ComfortFit"": ""N/A"", ""Batterylife"": ""well below average, lasting only a few hours"", ""NoiseCancellation"": ""N/A""}"
937,40,Katherine Brown,5,Incredible tablet! From the moment I unpacked it I was impressed with the sleek and modern design. The display is sharp making visuals pop whether Im playing games or watching movies. With 128GB storage I can keep all my favorite apps and media without worry. Its lightweight and easy to carry around - perfect for my familys needs!,2023-10-01,"{""Mic"": """", ""EQmodes"": """", ""DeepBass"": """", ""Foldable"": """", ""playtime"": """", ""ComfortFit"": """", ""Batterylife"": """", ""NoiseCancellation"": """"}"
938,40,Daniel White,4,Very satisfied with my Nexvo tablet purchase. I primarily use it for reading and casual web browsing and it performs wonderfully. The setup was straightforward although Id recommend clearer instructions for anyone not tech-savvy. Overall great value for money especially considering the specs it offers at this price point.,2023-10-01,"{""Mic"": """", ""EQmodes"": """", ""DeepBass"": """", ""Foldable"": """", ""playtime"": """", ""ComfortFit"": """", ""Batterylife"": """", ""NoiseCancellation"": """"}"
939,40,Rebecca Jones,3,The Nexvo tablet is okay but it has its ups and downs. I love the display quality but Ive faced occasional issues with responsiveness when opening multiple applications. Battery life is average - it lasts long enough for casual use but drains quickly under heavy load. Its fine for light tasks but dont expect high-performance usage.,2023-10-01,"{""Mic"": ""N/A"", ""EQmodes"": ""N/A"", ""DeepBass"": ""N/A"", ""Foldable"": ""N/A"", ""playtime"": ""N/A"", ""ComfortFit"": ""N/A"", ""Batterylife"": ""average - lasts long enough for casual use but drains quickly under heavy load"", ""NoiseCancellation"": ""N/A""}"
940,40,Kevin Clark,3,Its a good tablet but didnt live up to my expectations. The performance is decent for basic tasks but I noticed some slowdowns with heavier apps. The camera is adequate for video calls but not great for photography. Overall its functional but a little underwhelming compared to other tablets Ive used.,2023-10-01,"{""Mic"": """", ""EQmodes"": """", ""DeepBass"": """", ""Foldable"": """", ""playtime"": """", ""ComfortFit"": """", ""Batterylife"": """", ""NoiseCancellation"": """"}"
941,40,Megan Thomas,2,While the Nexvo tablet has potential I found it lacking in reliability. The setup was a hassle and I struggled with occasional freeze-ups during use. Additionally the placement of the buttons isnt intuitive which makes navigation a bit awkward. Could work for the casual user but I wouldnt recommend it for someone needing a fast dependable device.,2023-10-01,"{""Mic"": """", ""EQmodes"": """", ""DeepBass"": """", ""Foldable"": """", ""playtime"": """", ""ComfortFit"": """", ""Batterylife"": """", ""NoiseCancellation"": """"}"
942,40,Jordan Nelson,5,This tablet is simply outstanding! It blew my mind with how fast it loads apps and performs tasks without any lag. The eye-friendly display has made my late-night reading sessions so much more pleasant. I also appreciate the rapid charging feature—no more waiting around for hours to get back to normal use. Highly recommend it!,2023-10-01,"{""Mic"": ""Not mentioned"", ""EQmodes"": ""Not mentioned"", ""DeepBass"": ""Not mentioned"", ""Foldable"": ""Not mentioned"", ""playtime"": ""Not mentioned"", ""ComfortFit"": ""Not mentioned"", ""Batterylife"": ""Not mentioned"", ""NoiseCancellation"": ""Not mentioned""}"
943,40,Cynthia Lee,4,A very good tablet overall! I appreciate the generous storage and flexibility to expand it later. The build quality feels premium and the battery life is usually enough for my daily activities. I did wish there were more customizable settings for notifications but thats a minor issue in the grand scheme. Worth the investment!,2023-10-01,"{""Mic"": ""Not applicable."", ""EQmodes"": ""Not applicable."", ""DeepBass"": ""Not applicable."", ""Foldable"": ""Not applicable."", ""playtime"": ""Not explicitly mentioned, but the battery life is sufficient for daily activities."", ""ComfortFit"": ""Not applicable."", ""Batterylife"": ""The battery life is usually enough for daily activities."", ""NoiseCancellation"": ""Not applicable.""}"
944,40,Luke Martinez,2,I wanted to like the Nexvo tablet but unfortunately I faced too many issues. It feels heavier than I expected and the battery drains quicker than advertised. I also experienced connectivity problems with Wi-Fi that were frustrating during use. Its not terrible but it left much to be desired based on my previous tablet experience.,2023-10-01,"{""Mic"": ""Not applicable."", ""EQmodes"": ""Not applicable."", ""DeepBass"": ""Not applicable."", ""Foldable"": ""Not applicable."", ""playtime"": ""Not applicable."", ""ComfortFit"": ""The tablet feels heavier than expected."", ""Batterylife"": ""The battery drains quicker than advertised."", ""NoiseCancellation"": ""Not applicable.""}"
945,40,Ava Scott,1,This tablet has been one disaster after another. I received a faulty unit that wouldnt charge properly and after contacting customer support for a replacement it took weeks before I heard back. The other features seemed good during initial setup but the poor performance completely overshadowed them. Id steer clear of this one.,2023-10-01,"{""Mic"": """", ""EQmodes"": """", ""DeepBass"": """", ""Foldable"": """", ""playtime"": """", ""ComfortFit"": """", ""Batterylife"": """", ""NoiseCancellation"": """"}"
946,40,Sophia King,5,Im extremely impressed with my Nexvo tablet! The 128GB internal storage is perfect for all my apps and the 5MP front camera works wonderfully for video calls. The rapid charging is fantastic plus the features just keep impressing me. Ive had a fantastic time using it for both work and entertainment. Definitely worth the money!,2023-10-01,"{""Mic"": ""Not mentioned"", ""EQmodes"": ""Not mentioned"", ""DeepBass"": ""Not mentioned"", ""Foldable"": ""Not mentioned"", ""playtime"": ""Not mentioned"", ""ComfortFit"": ""Not mentioned"", ""Batterylife"": ""Not mentioned"", ""NoiseCancellation"": ""Not mentioned""}"
947,40,Brian Hall,4,I really enjoy using my Nexvo tablet especially the eye-friendly display that is easy on my eyes during long reading sessions. Performance has been generally smooth with minimal lag. However I encountered some frustrating setup instructions. Its a great tablet overall but I feel like the setup process can be improved.,2023-10-01,"{""Mic"": """", ""EQmodes"": """", ""DeepBass"": """", ""Foldable"": """", ""playtime"": """", ""ComfortFit"": """", ""Batterylife"": """", ""NoiseCancellation"": """"}"
948,40,Jenny Campbell,3,The Nexvo tablet is okay but certainly not without issues. The camera quality was better than expected which is a plus but I was disappointed with its battery life—definitely not enough for long trips without needing a recharge. It serves my basic needs but doesnt stand out against competitors that offer more reliable performance.,2023-10-01,"{""Mic"": ""N/A"", ""EQmodes"": ""N/A"", ""DeepBass"": ""N/A"", ""Foldable"": ""N/A"", ""playtime"": ""N/A"", ""ComfortFit"": ""N/A"", ""Batterylife"": ""definitely not enough for long trips without needing a recharge"", ""NoiseCancellation"": ""N/A""}"
949,40,Rick Gonzalez,1,What a letdown! The Nexvo tablet seemed promising but it frequently crashes and has poor app compatibility issues. I tried several basic apps only to have them freeze or close unexpectedly. The customer service was equally disappointing taking ages to respond with generic solutions. Save your money and go for a more reputable brand.,2023-10-01,"{""Mic"": """", ""EQmodes"": """", ""DeepBass"": """", ""Foldable"": """", ""playtime"": """", ""ComfortFit"": """", ""Batterylife"": """", ""NoiseCancellation"": """"}"
950,41,Alice Johnson,5,I couldnt be happier with my Nexvo tablet! The 11-inch display is vibrant and the colors really pop. Its perfect for watching movies and playing games. The sound quality from the quad speakers is outstanding making my home entertainment experience truly immersive. The performance is seamless allowing me to multitask without any lag. I highly recommend this tablet to anyone looking for a quality device!,2023-10-01,"{""Mic"": """", ""EQmodes"": """", ""DeepBass"": """", ""Foldable"": """", ""playtime"": """", ""ComfortFit"": """", ""Batterylife"": """", ""NoiseCancellation"": """"}"
951,41,Brian Thompson,5,This tablet is fantastic! The build quality feels solid and the sleek design is very attractive. I love how easy it is to navigate through apps smoothly and the battery life is surprisingly good. Its lightweight so I can take it to my kids soccer games without any hassle. Overall its an amazing product that exceeded my expectations!,2023-10-01,"{""Mic"": ""N/A"", ""EQmodes"": ""N/A"", ""DeepBass"": ""N/A"", ""Foldable"": ""N/A"", ""playtime"": ""N/A"", ""ComfortFit"": ""lightweight"", ""Batterylife"": ""surprisingly good"", ""NoiseCancellation"": ""N/A""}"
952,41,Sarah Parker,4,Great tablet with a stunning display and fluid performance. I enjoy using it for browsing and streaming. The only small drawback is the weight; it feels a bit heavier than I anticipated. However I dont mind it much since the build feels durable. Definitely worth considering for anyone looking for a family-friendly device.,2023-10-01,"{""Mic"": """", ""EQmodes"": """", ""DeepBass"": """", ""Foldable"": """", ""playtime"": """", ""ComfortFit"": """", ""Batterylife"": """", ""NoiseCancellation"": """"}"
953,41,Kevin Brown,4,I really like this tablet! The 90Hz refresh rate is a game-changer for my gaming experience. It runs smooth and the sound is rich thanks to Dolby Atmos. One thing that could be improved is the software; occasionally the apps take a bit longer to load than Id like. But overall Im pleased with my purchase.,2023-10-01,"{""Mic"": """", ""EQmodes"": """", ""DeepBass"": """", ""Foldable"": """", ""playtime"": """", ""ComfortFit"": """", ""Batterylife"": """", ""NoiseCancellation"": """"}"
954,41,Emma Wilson,3,This tablet is decent but it has its ups and downs. The screen resolution is impressive and I love the kid-friendly features. However I often run into issues with the software freezing at times which can be pretty frustrating. Its not the worst device but for the price I expected a bit more reliability.,2023-10-01,"{""Mic"": """", ""EQmodes"": """", ""DeepBass"": """", ""Foldable"": """", ""playtime"": """", ""ComfortFit"": """", ""Batterylife"": """", ""NoiseCancellation"": """"}"
958,41,Jessica Martinez,1,I had a terrible experience with this tablet. It started to malfunction just days after I bought it with constant crashing and freezing. When I reached out for support they were unresponsive and didnt offer any solutions. This was supposed to be a reliable device but I ended up feeling ripped off. I would definitely not recommend it!,2023-10-01,"{""Mic"": """", ""EQmodes"": """", ""DeepBass"": """", ""Foldable"": """", ""playtime"": """", ""ComfortFit"": """", ""Batterylife"": """", ""NoiseCancellation"": """"}"
959,41,Andrew Scott,1,This is the worst tablet Ive ever owned. The performance is abysmal and the battery barely lasts half a day. I expected much more based on the specifications. The display has serious color issues and the sound quality is poor. I regret this purchase completely.,2023-10-01,"{""Mic"": ""N/A"", ""EQmodes"": ""N/A"", ""DeepBass"": ""N/A"", ""Foldable"": ""N/A"", ""playtime"": ""N/A"", ""ComfortFit"": ""N/A"", ""Batterylife"": ""barely lasts half a day"", ""NoiseCancellation"": ""N/A""}"
960,41,Natalie Green,5,Absolutely love my Nexvo tablet! Its powerful enough for both work and play. The design is sleek and lightweight making it easy to carry around. The sound is incredible especially when watching movies. Plus the multitasking feature works seamlessly. I would recommend this to anyone looking for an all-purpose tablet!,2023-10-01,"{""Mic"": """", ""EQmodes"": """", ""DeepBass"": """", ""Foldable"": """", ""playtime"": """", ""ComfortFit"": """", ""Batterylife"": """", ""NoiseCancellation"": """"}"
961,41,Ethan King,4,Very good tablet with a beautiful display and good sound quality. It works well for both productivity and entertainment. My only issue was the initial setup which could have been simpler. Once I got through that it has performed well without any major issues.,2023-10-01,"{""Mic"": """", ""EQmodes"": """", ""DeepBass"": """", ""Foldable"": """", ""playtime"": """", ""ComfortFit"": """", ""Batterylife"": """", ""NoiseCancellation"": """"}"
990,42,Rachel King,3,The Auron tablet works well for light usage but isnt suited for anything heavy-duty. The screen quality is impressive but I noticed some slowdown with more intensive apps. Its great for casual use and browsing but I wouldnt rely on it for heavy gaming or professional tasks due to its limitations.,2023-10-01,"{""Mic"": """", ""EQmodes"": """", ""DeepBass"": """", ""Foldable"": """", ""playtime"": """", ""ComfortFit"": """", ""Batterylife"": """", ""NoiseCancellation"": """"}"
962,41,Sophia Young,3,A solid device that meets my basic needs but I do feel there are better options available. The battery life could be improved; I find myself recharging it a bit too often. The screen is nice and its great for browsing but Im only somewhat satisfied with it overall.,2023-10-01,"{""Mic"": ""Not mentioned in the document."", ""EQmodes"": ""Not mentioned in the document."", ""DeepBass"": ""Not mentioned in the document."", ""Foldable"": ""Not mentioned in the document."", ""playtime"": ""Not mentioned in the document."", ""ComfortFit"": ""Not mentioned in the document."", ""Batterylife"": ""The battery life could be improved; I find myself recharging it a bit too often."", ""NoiseCancellation"": ""Not mentioned in the document.""}"
963,41,Isaac Wright,2,I was excited to get this tablet but it has been plagued with issues since the start. The touchscreen is not as responsive as I hoped and it takes too long to switch between apps. I feel like it should perform better for the price I paid. I wont be buying from Nexvo again.,2023-10-01,"{""Mic"": """", ""EQmodes"": """", ""DeepBass"": """", ""Foldable"": """", ""playtime"": """", ""ComfortFit"": """", ""Batterylife"": """", ""NoiseCancellation"": """"}"
964,41,Olivia Taylor,5,I highly recommend the Nexvo tablet! The sound quality is superb and the graphics are stunning when Im playing games or watching videos. Im also impressed with the ample storage space—having the option to expand it with a microSD card is a big plus. This tablet has become my new favorite gadget!,2023-10-01,"{""Mic"": """", ""EQmodes"": """", ""DeepBass"": """", ""Foldable"": """", ""playtime"": """", ""ComfortFit"": """", ""Batterylife"": """", ""NoiseCancellation"": """"}"
965,41,Henry Adams,4,The tablet has met most of my expectations particularly in performance and design. The screen is large vibrant and perfect for reading and watching content. The only downside has been the load times for some apps but its not a dealbreaker. I would say its a great value!,2023-10-01,"{""Mic"": """", ""EQmodes"": """", ""DeepBass"": """", ""Foldable"": """", ""playtime"": """", ""ComfortFit"": """", ""Batterylife"": """", ""NoiseCancellation"": """"}"
967,41,James Moore,2,Honestly I was hoping for a reliable device but it hasnt lived up to that. The audio quality isnt great and I faced issues with connecting Bluetooth devices. I think there might be better options out there for the same price point.,2023-10-01,"{""Mic"": """", ""EQmodes"": """", ""DeepBass"": """", ""Foldable"": """", ""playtime"": """", ""ComfortFit"": """", ""Batterylife"": """", ""NoiseCancellation"": """"}"
968,41,Mia Carter,1,I regret buying this tablet. It stopped working completely after a few weeks and getting assistance was frustrating. The build quality didnt feel robust and I found it lacking in features. I would not recommend this product to anyone.,2023-10-01,"{""Mic"": """", ""EQmodes"": """", ""DeepBass"": """", ""Foldable"": """", ""playtime"": """", ""ComfortFit"": """", ""Batterylife"": """", ""NoiseCancellation"": """"}"
969,41,Chris Gonzalez,5,Barely a month in and I can confidently say this tablet is a steal! The clarity of the screen and the vibrant colors make everything look amazing. Ive also appreciated how user-friendly it is. It handles everything from gaming to streaming effortlessly. Highly recommended!,2023-10-01,"{""Mic"": """", ""EQmodes"": """", ""DeepBass"": """", ""Foldable"": """", ""playtime"": """", ""ComfortFit"": """", ""Batterylife"": """", ""NoiseCancellation"": """"}"
970,41,Ella Phillips,4,Sleek design highly portable and an attractive screen. The only downside is the battery life which could be better for those who use it throughout the day. But otherwise its a fantastic tablet perfect for light gaming and productivity!,2023-10-01,"{""Mic"": ""Not mentioned."", ""EQmodes"": ""Not mentioned."", ""DeepBass"": ""Not mentioned."", ""Foldable"": ""Not mentioned."", ""playtime"": ""Not mentioned."", ""ComfortFit"": ""Not mentioned."", ""Batterylife"": ""The battery life could be better for those who use it throughout the day."", ""NoiseCancellation"": ""Not mentioned.""}"
971,41,Liam Carter,3,This tablet has lots of great features and works well for many tasks. However I wish the battery lasted longer and that there werent so many bugs in the software. Its pretty functional for casual use but theres definitely room for improvement.,2023-10-01,"{""Mic"": ""Not applicable to the document."", ""EQmodes"": ""Not applicable to the document."", ""DeepBass"": ""Not applicable to the document."", ""Foldable"": ""Not applicable to the document."", ""playtime"": ""The user wishes the battery lasted longer, implying playtime could be improved."", ""ComfortFit"": ""Not applicable to the document."", ""Batterylife"": ""The user wishes the battery lasted longer."", ""NoiseCancellation"": ""Not applicable to the document.""}"
972,41,Zoe Sanders,2,While the tablet has some nice design elements the overall performance has been disappointing. The app load times are longer than expected and I have encountered several crashes. I had higher hopes given the specifications.,2023-10-01,"{""Mic"": """", ""EQmodes"": """", ""DeepBass"": """", ""Foldable"": """", ""playtime"": """", ""ComfortFit"": """", ""Batterylife"": """", ""NoiseCancellation"": """"}"
974,42,Alice Johnson,5,I am absolutely in love with the Auron Galaxy Tab! The vibrant display is breathtaking and coupled with the Dolby Atmos audio it transforms my movie nights into a full cinema experience. As a student the included stylus has made note-taking a breeze and the tablets performance is remarkably swift. I can easily juggle between my assignments and Netflix without any lag. Truly a great investment for anyone looking for a versatile tablet!,2023-10-01,"{""Mic"": """", ""EQmodes"": """", ""DeepBass"": """", ""Foldable"": """", ""playtime"": """", ""ComfortFit"": """", ""Batterylife"": """", ""NoiseCancellation"": """"}"
975,42,Brian Kim,5,What can I say? This tablet has exceeded all my expectations! The battery life is phenomenal; I can use it all day without needing to charge. The design is sleek and lightweight making it perfect for travel. The Auron DeX feature allows me to multitask effectively just like on a laptop. I highly recommend this tablet to anyone who wants a powerful yet portable device.,2023-10-01,"{""Mic"": ""Not mentioned"", ""EQmodes"": ""Not mentioned"", ""DeepBass"": ""Not mentioned"", ""Foldable"": ""Not mentioned"", ""playtime"": ""all day"", ""ComfortFit"": ""sleek and lightweight, making it perfect for travel"", ""Batterylife"": ""phenomenal; I can use it all day without needing to charge"", ""NoiseCancellation"": ""Not mentioned""}"
976,42,Catherine Brown,4,Great tablet overall with just a couple of minor issues. The design is super sleek and its very easy to set up right out of the box. I do wish the stylus felt a little more premium but it performs pretty well for note-taking. The only hiccup Ive experienced is a couple of app crashes but nothing major. For the price you get a lot of great features!,2023-10-01,"{""Mic"": """", ""EQmodes"": """", ""DeepBass"": """", ""Foldable"": """", ""playtime"": """", ""ComfortFit"": """", ""Batterylife"": """", ""NoiseCancellation"": """"}"
977,42,David Martinez,3,The Auron Galaxy Tab has some really great aspects but its not without its flaws. The display quality is impressive but I found the touch sensitivity a bit finicky at times. Ive run into some frustrating moments with the software interface as well. If youre using it just for casual streaming and browsing its perfect but for more intensive tasks it might struggle a bit.,2023-10-01,"{""Mic"": """", ""EQmodes"": """", ""DeepBass"": """", ""Foldable"": """", ""playtime"": """", ""ComfortFit"": """", ""Batterylife"": """", ""NoiseCancellation"": """"}"
978,42,Emma Wilson,2,I had high hopes for the Auron tablet but sadly it has not lived up to my expectations. While the screen resolution is decent the performance is only average. Ive encountered several bugs with the software that make it less enjoyable to use. It feels like its missing some crucial features that other tablets in this price range offer. I wouldnt recommend it for someone looking for high performance.,2023-10-01,"{""Mic"": """", ""EQmodes"": """", ""DeepBass"": """", ""Foldable"": """", ""playtime"": """", ""ComfortFit"": """", ""Batterylife"": """", ""NoiseCancellation"": """"}"
979,42,Frank Smith,2,Disappointed with the Auron Galaxy Tab. The battery life is not as good as I thought it would be lasting only a few hours with moderate use. I also found the build quality to be less durable than I anticipated; it scratches easily. It looks good and initially feels great but long-term use reveals its shortcomings.,2023-10-01,"{""Mic"": ""N/A"", ""EQmodes"": ""N/A"", ""DeepBass"": ""N/A"", ""Foldable"": ""N/A"", ""playtime"": ""lasting only a few hours with moderate use"", ""ComfortFit"": ""initially feels great"", ""Batterylife"": ""lasting only a few hours with moderate use"", ""NoiseCancellation"": ""N/A""}"
980,42,Gina Clark,5,This tablet has become my go-to device! The productivity features are fantastic as I can easily work from home with Auron DeX. It runs multiple apps smoothly without any hiccups and the audio quality during video calls is crisp and clear. Plus the portability of the lightweight design means I can carry it everywhere. I cant recommend this enough for professionals and students!,2023-10-01,"{""Mic"": """", ""EQmodes"": """", ""DeepBass"": """", ""Foldable"": """", ""playtime"": """", ""ComfortFit"": """", ""Batterylife"": """", ""NoiseCancellation"": """"}"
981,42,Henry Thompson,1,My experience with the Auron Galaxy Tab has been nothing short of a nightmare. It completely froze within the first week and I struggled to get any help from customer support—they were incredibly unhelpful. I cant even use it for the basic functions I bought it for. Save yourself the frustration and look elsewhere!,2023-10-01,"{""Mic"": """", ""EQmodes"": """", ""DeepBass"": """", ""Foldable"": """", ""playtime"": """", ""ComfortFit"": """", ""Batterylife"": """", ""NoiseCancellation"": """"}"
982,42,Isabella Davis,3,I think the Auron Galaxy Tab has potential but falls short in some areas. The design is quite stylish and lightweight making it perfect for carrying around. However the software interface is less intuitive than I hoped requiring a bit of a learning curve. Its decent for basic tasks but for heavy streaming or gaming Ive noticed some lag.,2023-10-01,"{""Mic"": """", ""EQmodes"": """", ""DeepBass"": """", ""Foldable"": """", ""playtime"": """", ""ComfortFit"": """", ""Batterylife"": """", ""NoiseCancellation"": """"}"
983,42,James Lee,4,Really impressed with the Auron Galaxy Tab! The vibrant screen is a joy to use for both work and play and I love how easy it is to take notes with the stylus. However Id like to see some improvements on the battery life. Generally it can last a full day but heavy use drains it faster than expected. Despite that its still a great value for the price!,2023-10-01,"{""Mic"": """", ""EQmodes"": """", ""DeepBass"": """", ""Foldable"": """", ""playtime"": """", ""ComfortFit"": """", ""Batterylife"": ""Generally, it can last a full day, but heavy use drains it faster than expected."", ""NoiseCancellation"": """"}"
984,42,Linda Gonzalez,5,Unbelievably fantastic product! The combination of a sleek design and powerful performance is a game changer. Ive been using it primarily for drawing and the stylus feels very responsive. The sound quality is perfect for listening to music while working making a huge difference in my productivity. Highly recommend to anyone looking for a high-quality tablet!,2023-10-01,"{""Mic"": """", ""EQmodes"": """", ""DeepBass"": """", ""Foldable"": """", ""playtime"": """", ""ComfortFit"": """", ""Batterylife"": """", ""NoiseCancellation"": """"}"
985,42,Michael Rodriguez,3,The Auron Galaxy Tab is a mixed bag for me. On one hand the lightweight design is convenient and it handles everyday tasks well. On the other hand Ive noticed occasional lag when running multiple apps which can be quite frustrating. Its an average tablet but it could definitely use some improvements in performance.,2023-10-01,"{""Mic"": """", ""EQmodes"": """", ""DeepBass"": """", ""Foldable"": """", ""playtime"": """", ""ComfortFit"": """", ""Batterylife"": """", ""NoiseCancellation"": """"}"
986,42,Nora Sanchez,1,Horrible product! My tablet started having issues within the first month with pixelation and frequent crashes. Customer service was unresponsive and I felt completely let down. I expected a lot more from Auron especially given its price. Id advise anyone considering this tablet to look at competitors instead.,2023-10-01,"{""Mic"": """", ""EQmodes"": """", ""DeepBass"": """", ""Foldable"": """", ""playtime"": """", ""ComfortFit"": """", ""Batterylife"": """", ""NoiseCancellation"": """"}"
987,42,Oliver Harris,4,Overall Im quite satisfied with the Auron Galaxy Tab! Its perfect for streaming and casual gaming and the graphics are excellent. I appreciate the convenience of the stylus for my notes though the pressure sensitivity isnt as high as my previous tablets. Still its a great option with a modern aesthetic that I enjoy showing off!,2023-10-01,"{""Mic"": """", ""EQmodes"": """", ""DeepBass"": """", ""Foldable"": """", ""playtime"": """", ""ComfortFit"": """", ""Batterylife"": """", ""NoiseCancellation"": """"}"
988,42,Paula Green,2,I wanted to love this tablet but there were too many letdowns. While the design is attractive and the screen is quite bright the software has bugs that are hard to overlook. I often find myself having to restart it which is frustrating. It has potential but it feels rushed in terms of software quality.,2023-10-01,"{""Mic"": """", ""EQmodes"": """", ""DeepBass"": """", ""Foldable"": """", ""playtime"": """", ""ComfortFit"": """", ""Batterylife"": """", ""NoiseCancellation"": """"}"
989,42,Quincy White,5,Absolutely phenomenal tablet! The performance is lightning fast allowing me to multitask seamlessly. The Dolby Atmos audio truly enhances my movie-watching experience. I love the modern mint color and its incredibly thin and light making it easy to take anywhere. Its a fantastic addition to my tech lineup!,2023-10-01,"{""Mic"": """", ""EQmodes"": """", ""DeepBass"": """", ""Foldable"": """", ""playtime"": """", ""ComfortFit"": """", ""Batterylife"": """", ""NoiseCancellation"": """"}"
991,42,Steve Thompson,1,The Auron Galaxy Tab was a total letdown from the get-go. My unit had a defective battery that wouldnt charge properly. After contacting support I faced long response times and no solutions. Im deeply regretting my purchase and will think twice before buying another Auron product.,2023-10-01,"{""Mic"": ""Not applicable"", ""EQmodes"": ""Not applicable"", ""DeepBass"": ""Not applicable"", ""Foldable"": ""Not applicable"", ""playtime"": ""Not applicable"", ""ComfortFit"": ""Not applicable"", ""Batterylife"": ""Defective battery that wouldn't charge properly"", ""NoiseCancellation"": ""Not applicable""}"
992,42,Tina Robinson,4,Im really enjoying my new Auron tablet. The stylus is a neat addition for taking notes and works well with the touchscreen. The only downside Ive encountered is that the battery drains a bit quickly during heavy usage. Still the design is sleek and it handles my daily tasks efficiently!,2023-10-01,"{""Mic"": ""Not applicable."", ""EQmodes"": ""Not applicable."", ""DeepBass"": ""Not applicable."", ""Foldable"": ""Not applicable."", ""playtime"": ""Not applicable."", ""ComfortFit"": ""Not applicable."", ""Batterylife"": ""The battery drains a bit quickly during heavy usage."", ""NoiseCancellation"": ""Not applicable.""}"
993,42,Umberto Garcia,5,Best tablet Ive owned! The performance is outstanding and I love how intuitive the interface is. The sound quality is incredible for watching videos and its lightweight enough to carry around without any hassle. The innovative note-taking feature has revolutionized my study habits. Highly recommended to anyone in need of a powerful tablet!,2023-10-01,"{""Mic"": """", ""EQmodes"": """", ""DeepBass"": """", ""Foldable"": """", ""playtime"": """", ""ComfortFit"": """", ""Batterylife"": """", ""NoiseCancellation"": """"}"
994,42,Vera Mitchell,2,The Auron Galaxy Tab has its highs and lows. The display is nice but I experienced visible lag while using multiple applications. The build quality feels a bit cheap which is disappointing. Its usable for basic browsing but Ill be looking for something sturdier and more efficient next time.,2023-10-01,"{""Mic"": """", ""EQmodes"": """", ""DeepBass"": """", ""Foldable"": """", ""playtime"": """", ""ComfortFit"": """", ""Batterylife"": """", ""NoiseCancellation"": """"}"
995,42,Walter Hayes,4,Great tablet for the price! The sound and screen quality are fantastic making it perfect for streaming shows and games. The stylus is a handy feature for taking notes though I feel it could offer more precision. Apart from that Im pleased with its performance overall.,2023-10-01,"{""Mic"": """", ""EQmodes"": """", ""DeepBass"": """", ""Foldable"": """", ""playtime"": """", ""ComfortFit"": """", ""Batterylife"": """", ""NoiseCancellation"": """"}"
996,42,Xena Patel,3,The Auron Galaxy Tab is decent but not great. Its lightweight and looks amazing but I was hoping for faster performance especially when multitasking. The audio quality is good but I find that it sometimes struggles with graphics-heavy applications. It gets the job done for everyday tasks but definitely has room for improvement.,2023-10-01,"{""Mic"": """", ""EQmodes"": """", ""DeepBass"": """", ""Foldable"": """", ""playtime"": """", ""ComfortFit"": """", ""Batterylife"": """", ""NoiseCancellation"": """"}"
997,42,Yara Lopez,5,Im absolutely thrilled with the Auron Galaxy Tab! The performance is exceptional and Im blown away by the clarity of the display. The Dolby Atmos audio makes for an incredible listening experience. The tablet is sleek lightweight and perfect for both work and entertainment. A worthwhile purchase for anyone in the market for a new tablet!,2023-10-01,"{""Mic"": """", ""EQmodes"": """", ""DeepBass"": """", ""Foldable"": """", ""playtime"": """", ""ComfortFit"": """", ""Batterylife"": """", ""NoiseCancellation"": """"}"
998,42,Zachary Brown,1,I had such high hopes for this tablet but its been a total disappointment. Within a few weeks it started to freeze and I experienced several application crashes. Customer support was unhelpful and I felt completely frustrated with the entire experience. Save your money and look for a more reliable option.,2023-10-01,"{""Mic"": """", ""EQmodes"": """", ""DeepBass"": """", ""Foldable"": """", ""playtime"": """", ""ComfortFit"": """", ""Batterylife"": """", ""NoiseCancellation"": """"}"
999,43,Alice Johnson,5,I am absolutely in love with my Nexvo tablet! The build quality is top-notch and it feels very durable. The screen resolution is impressive—videos and images are clear and vibrant. I mainly bought it for browsing and streaming and it has yet to disappoint. The user interface is intuitive making it easy for me to navigate without any prior knowledge. This tablet is definitely worth every penny and I highly recommend it!,2023-10-01,"{""Mic"": """", ""EQmodes"": """", ""DeepBass"": """", ""Foldable"": """", ""playtime"": """", ""ComfortFit"": """", ""Batterylife"": """", ""NoiseCancellation"": """"}"
1000,43,Ben Martinez,5,The Nexvo tablet is a game-changer! The latest Android 14 system offers smooth multitasking that Ive not experienced before. I can seamlessly switch between apps without any lag. I also appreciate the expandable memory as I can download all my favorite apps without worrying about storage. Plus the design is sleek and fits perfectly in my bag. Its the best tablet Ive used so far!,2023-10-01,"{""Mic"": """", ""EQmodes"": """", ""DeepBass"": """", ""Foldable"": """", ""playtime"": """", ""ComfortFit"": """", ""Batterylife"": """", ""NoiseCancellation"": """"}"
1001,43,Emily Thompson,4,Great tablet overall! The design is really nice and its lightweight and portable just as advertised. I had a small hiccup during setup because the instructions were a bit vague but once I got it up and running the performance has been fantastic—especially streaming movies. The battery life could be better; I wish it lasted a bit longer especially when Im traveling.,2023-10-01,"{""Mic"": ""Not applicable to the document."", ""EQmodes"": ""Not applicable to the document."", ""DeepBass"": ""Not applicable to the document."", ""Foldable"": ""Not applicable to the document."", ""playtime"": ""The battery life could be better; I wish it lasted a bit longer, especially when traveling."", ""ComfortFit"": ""Not applicable to the document."", ""Batterylife"": ""The battery life could be better; I wish it lasted a bit longer, especially when traveling."", ""NoiseCancellation"": ""Not applicable to the document.""}"
1002,43,Chris Taylor,4,The Nexvo tablet has been a solid addition to my tech arsenal. I love the vivid display that makes reading eBooks a pleasure. The only downside is the battery life; it usually lasts about 7 hours with heavy usage which is just slightly under what I hoped for. Other than that it performs exceptionally well and is a great value for the price.,2023-10-01,"{""Mic"": ""N/A"", ""EQmodes"": ""N/A"", ""DeepBass"": ""N/A"", ""Foldable"": ""N/A"", ""playtime"": ""7 hours"", ""ComfortFit"": ""N/A"", ""Batterylife"": ""7 hours"", ""NoiseCancellation"": ""N/A""}"
1003,43,Diana Wright,3,I found the Nexvo tablet to be decent but it doesnt quite meet all my expectations. The performance is often good but Ive experienced occasional lag especially when I have multiple apps open. The design is sleek and the colors on the display are pleasant but the limited battery life frustrates me when Im out and about. Overall its not bad but I think there are better options.,2023-10-01,"{""Mic"": ""N/A"", ""EQmodes"": ""N/A"", ""DeepBass"": ""N/A"", ""Foldable"": ""N/A"", ""playtime"": ""N/A"", ""ComfortFit"": ""N/A"", ""Batterylife"": ""limited"", ""NoiseCancellation"": ""N/A""}"
1004,43,Mark Brown,3,This tablet has its pros and cons. On one hand the display is fantastic and I love the lightweight feel. On the other hand the battery life is a bit disappointing and Ive noticed some slight slowdowns with more demanding apps. For basic tasks like browsing and social media it works fine but for anything more intensive it struggles a bit. Not a bad purchase just not perfect.,2023-10-01,"{""Mic"": ""Not mentioned"", ""EQmodes"": ""Not mentioned"", ""DeepBass"": ""Not mentioned"", ""Foldable"": ""Not mentioned"", ""playtime"": ""Not mentioned"", ""ComfortFit"": ""Not mentioned"", ""Batterylife"": ""a bit disappointing"", ""NoiseCancellation"": ""Not mentioned""}"
1005,43,Karen Davis,2,I had high hopes for the Nexvo tablet but its been underwhelming. The build quality feels cheaper than expected and the setup process was frustrating due to confusing instructions. I also experienced connectivity issues with Wi-Fi; it drops after a short distance. I can use it for basic tasks but it definitely doesnt compete with higher-end tablets. If you need something for serious work look elsewhere.,2023-10-01,"{""Mic"": """", ""EQmodes"": """", ""DeepBass"": """", ""Foldable"": """", ""playtime"": """", ""ComfortFit"": """", ""Batterylife"": """", ""NoiseCancellation"": """"}"
1006,43,James Miller,2,After using the Nexvo tablet for a month my experience has been disappointing. The performance lags during multitasking which is frustrating especially since I bought it for work. The battery doesnt last as long as claimed—I have to charge it more often than Id like. The design is nice but I need better functionality for my needs. I wouldnt recommend this to anyone requiring a reliable device.,2023-10-01,"{""Mic"": ""Not applicable."", ""EQmodes"": ""Not applicable."", ""DeepBass"": ""Not applicable."", ""Foldable"": ""Not applicable."", ""playtime"": ""Not applicable."", ""ComfortFit"": ""Not applicable."", ""Batterylife"": ""The battery doesn't last as long as claimed—I have to charge it more often than I'd like."", ""NoiseCancellation"": ""Not applicable.""}"
1007,43,Olivia Garcia,1,I regret purchasing the Nexvo tablet. It completely crashed within two weeks of use and customer support was utterly unhelpful. I felt like I was just a number to them and my queries were met with generic responses. I had hoped this tablet would be a great companion for productivity but it just let me down miserably. Stay away from this product!,2023-10-01,"{""Mic"": """", ""EQmodes"": """", ""DeepBass"": """", ""Foldable"": """", ""playtime"": """", ""ComfortFit"": """", ""Batterylife"": """", ""NoiseCancellation"": """"}"
1008,43,David Lee,1,Terrible experience with the Nexvo tablet! It worked fine for a week then started freezing and rebooting randomly. I was excited about its features but they are useless if the device cant even run smoothly. I tried to reach out to customer support but they didnt have a solution for my issue. Save your money and look for a more reliable option!,2023-10-01,"{""Mic"": """", ""EQmodes"": """", ""DeepBass"": """", ""Foldable"": """", ""playtime"": """", ""ComfortFit"": """", ""Batterylife"": """", ""NoiseCancellation"": """"}"
1009,43,Sophia King,5,I couldnt be happier with my Nexvo tablet! The display is stunning and perfect for watching movies or reading books. The Android 14 system works seamlessly making everything from browsing to app usage super smooth. I also love that it has expandable memory—allows me to store all my photos and apps without worrying about running out of space. Highly recommended for anyone!,2023-10-01,"{""Mic"": """", ""EQmodes"": """", ""DeepBass"": """", ""Foldable"": """", ""playtime"": """", ""ComfortFit"": """", ""Batterylife"": """", ""NoiseCancellation"": """"}"
1010,43,Mike Wilson,4,This tablet has impressed me with its overall performance! Its great for casual browsing and streaming shows. The battery life is good though not exceptional; I usually need to charge it after a full day. The only minor issue I encountered was the lack of a clear manual which made initial setup tricky. Despite that its a stellar device and a fantastic value!,2023-10-01,"{""Mic"": ""N/A"", ""EQmodes"": ""N/A"", ""DeepBass"": ""N/A"", ""Foldable"": ""N/A"", ""playtime"": ""N/A"", ""ComfortFit"": ""N/A"", ""Batterylife"": ""good, though not exceptional; usually needs charging after a full day"", ""NoiseCancellation"": ""N/A""}"
1011,43,Jessica Evans,4,Really great tablet! The 10.36 screen is perfect for drawing and note-taking. I use it for both work and leisure and it holds up quite well. The only thing keeping it from five stars is the weight; I expected it to be a bit lighter. Overall its user-friendly and adaptable and I would recommend it to students and professionals alike.,2023-10-01,"{""Mic"": """", ""EQmodes"": """", ""DeepBass"": """", ""Foldable"": """", ""playtime"": """", ""ComfortFit"": """", ""Batterylife"": """", ""NoiseCancellation"": """"}"
1012,43,Peter Harris,3,The Nexvo tablet serves its purpose but has room for improvement. I love how crisp the display is for movies and its quite lightweight making it portable. However Ive noticed that loading times can be slower than other tablets Ive had in the past. Its decent for everyday use but not ideal for heavy applications or multitasking.,2023-10-01,"{""Mic"": ""Not mentioned"", ""EQmodes"": ""Not mentioned"", ""DeepBass"": ""Not mentioned"", ""Foldable"": ""Not mentioned"", ""playtime"": ""Not mentioned"", ""ComfortFit"": ""Not mentioned"", ""Batterylife"": ""Not mentioned"", ""NoiseCancellation"": ""Not mentioned""}"
1013,43,Lisa Scott,3,Its an average tablet. The design is sleek and the display is really nice but Ive run into bugs with navigation and sometimes the software feels unresponsive. While its fine for browsing the internet I wouldnt recommend it for more intensive tasks. Still its a decent option for those looking for something basic and budget-friendly.,2023-10-01,"{""Mic"": """", ""EQmodes"": """", ""DeepBass"": """", ""Foldable"": """", ""playtime"": """", ""ComfortFit"": """", ""Batterylife"": """", ""NoiseCancellation"": """"}"
1014,43,Brian Robinson,2,I had high expectations for the Nexvo but it has not delivered. The battery drains quickly especially when using multiple apps. The setup was frustrating and I initially thought it was just me but Ive since found others having similar issues. I believe there are better tablets available in the same price range that offer more reliability.,2023-10-01,"{""Mic"": ""Not applicable."", ""EQmodes"": ""Not applicable."", ""DeepBass"": ""Not applicable."", ""Foldable"": ""Not applicable."", ""playtime"": ""Not applicable."", ""ComfortFit"": ""Not applicable."", ""Batterylife"": ""The battery drains quickly, especially when using multiple apps."", ""NoiseCancellation"": ""Not applicable.""}"
1015,43,Patricia Ramirez,2,Had to give this tablet a low rating due to some significant issues. I was excited about the Android 14 features but I faced constant bugs especially when trying to connect to Wi-Fi. The performance is subpar for my needs primarily handling business tasks. It works but its definitely not as good as I hoped or as advertised.,2023-10-01,"{""Mic"": """", ""EQmodes"": """", ""DeepBass"": """", ""Foldable"": """", ""playtime"": """", ""ComfortFit"": """", ""Batterylife"": """", ""NoiseCancellation"": """"}"
1016,43,Johnathan Lee,1,The Nexvo tablet has been nothing but trouble. It started malfunctioning after a few days of use with the touch screen becoming unresponsive. Ive tried reaching out to customer service but they have been unhelpful. I expected a lot more from a product at this price point. This was my first and last experience with Nexvo.,2023-10-01,"{""Mic"": """", ""EQmodes"": """", ""DeepBass"": """", ""Foldable"": """", ""playtime"": """", ""ComfortFit"": """", ""Batterylife"": """", ""NoiseCancellation"": """"}"
1017,43,Sarah Kim,1,Absolute disappointment! The tablet froze within a week and wouldnt turn on. I tried resetting it but that did nothing. Customer support has been a nightmare to deal with—long wait times and no helpful solutions. I spent money expecting quality and instead I got frustration. I would not recommend this product to anyone!,2023-10-01,"{""Mic"": """", ""EQmodes"": """", ""DeepBass"": """", ""Foldable"": """", ""playtime"": """", ""ComfortFit"": """", ""Batterylife"": """", ""NoiseCancellation"": """"}"
1018,43,Stephen Brown,5,What a fantastic tablet! Ive had it for a few weeks and the performance has been flawless. Streaming videos is a joy and the battery life holds up well for my work day. The expandable memory is a lifesaver especially as I take a lot of notes and save files. The device feels premium and I recommend it to anyone who needs a reliable tablet.,2023-10-01,"{""Mic"": ""Not applicable"", ""EQmodes"": ""Not applicable"", ""DeepBass"": ""Not applicable"", ""Foldable"": ""Not applicable"", ""playtime"": ""Not applicable"", ""ComfortFit"": ""Not applicable"", ""Batterylife"": ""Holds up well for a work day"", ""NoiseCancellation"": ""Not applicable""}"
1019,43,Angela Wilson,5,Absolutely love my Nexvo tablet! The portability is perfect for my on-the-go lifestyle. The vibrant display makes it enjoyable to watch shows or read eBooks. Im impressed with the performance—everything runs so smoothly and I can multitask without any issues. The battery life meets my needs perfectly too lasting through a day of use. Highly recommend!,2023-10-01,"{""Mic"": ""N/A"", ""EQmodes"": ""N/A"", ""DeepBass"": ""N/A"", ""Foldable"": ""N/A"", ""playtime"": ""lasting through a day of use"", ""ComfortFit"": ""N/A"", ""Batterylife"": ""lasting through a day of use"", ""NoiseCancellation"": ""N/A""}"
1020,44,Alice Johnson,5,This Lumeon tablet is a game changer! The performance is fantastic with the octa-core processor; I can easily multitask without any lag. The 10.1-inch display is vibrant and perfect for watching movies or reading. Plus the battery life lasts me all day making it ideal for travel. Highly recommend for anyone looking for a reliable tablet!,2023-10-01,"{""Mic"": ""N/A"", ""EQmodes"": ""N/A"", ""DeepBass"": ""N/A"", ""Foldable"": ""N/A"", ""playtime"": ""all day"", ""ComfortFit"": ""N/A"", ""Batterylife"": ""all day"", ""NoiseCancellation"": ""N/A""}"
1021,44,Michael Brown,5,An excellent purchase! The build quality feels premium and the tablet is surprisingly lightweight. I love the 128GB storage that can be expanded; its great for all my gaming needs. The connectivity options are robust and I appreciate the quick customer support. This is hands down one of the best tablets Ive used!,2023-10-01,"{""Mic"": ""Not mentioned"", ""EQmodes"": ""Not mentioned"", ""DeepBass"": ""Not mentioned"", ""Foldable"": ""Not mentioned"", ""playtime"": ""Not mentioned"", ""ComfortFit"": ""Not mentioned"", ""Batterylife"": ""Not mentioned"", ""NoiseCancellation"": ""Not mentioned""}"
1022,44,Sophia Lewis,1,I had high hopes but this tablet was a disappointment. After a week the battery began draining unusually fast. The user interface is clunky and not as responsive as I expected making it frustrating to use. Customer service was slow to respond and Im left feeling stuck with a product that doesnt meet my needs.,2023-10-01,"{""Mic"": ""N/A"", ""EQmodes"": ""N/A"", ""DeepBass"": ""N/A"", ""Foldable"": ""N/A"", ""playtime"": ""N/A"", ""ComfortFit"": ""N/A"", ""Batterylife"": ""The battery began draining unusually fast after a week."", ""NoiseCancellation"": ""N/A""}"
1023,44,James Wilson,3,The Lumeon tablet is okay but not without its flaws. The display is nice and it offers decent performance for most tasks. However I found the setup process to be overly complicated and the instructions were not very clear. While it works for media streaming I feel there are better options out there for the price.,2023-10-01,"{""Mic"": """", ""EQmodes"": """", ""DeepBass"": """", ""Foldable"": """", ""playtime"": """", ""ComfortFit"": """", ""Batterylife"": """", ""NoiseCancellation"": """"}"
1024,44,Emma Thompson,4,Im impressed with the overall quality of the tablet especially the vivid screen and quick performance. It easily handles my streaming and browsing needs. My only complaint is the battery life; it doesnt quite last as long as advertised. Still I think its a solid choice for anyone who needs a reliable device on the go!,2023-10-01,"{""Mic"": ""Not applicable."", ""EQmodes"": ""Not applicable."", ""DeepBass"": ""Not applicable."", ""Foldable"": ""Not applicable."", ""playtime"": ""Not applicable."", ""ComfortFit"": ""Not applicable."", ""Batterylife"": ""It doesn't quite last as long as advertised."", ""NoiseCancellation"": ""Not applicable.""}"
1025,44,David Martinez,2,The Lumeon tablet has potential but it falls short. The design is appealing but I experience frequent freezes when using certain apps. The customer support is also lacking which is disappointing for a new product. While its usable for basic tasks I expected a lot more given its specs.,2023-10-01,"{""Mic"": """", ""EQmodes"": """", ""DeepBass"": """", ""Foldable"": """", ""playtime"": """", ""ComfortFit"": """", ""Batterylife"": """", ""NoiseCancellation"": """"}"
1026,44,Olivia Harris,5,I absolutely love this tablet! The blue light filter is a fantastic feature that really helps during long reading sessions. The camera quality surprised me too; its much better than I anticipated. Ive already recommended it to my friends who are thinking of upgrading their devices!,2023-10-01,"{""Mic"": """", ""EQmodes"": """", ""DeepBass"": """", ""Foldable"": """", ""playtime"": """", ""ComfortFit"": """", ""Batterylife"": """", ""NoiseCancellation"": """"}"
1027,44,Liam Garcia,4,Overall Im very satisfied with my purchase. The performance is quick and I love the ease of use. Its perfect for my kids schoolwork and entertainment. The only issue I had was connecting to Wi-Fi at first but once I sorted that out its been smooth sailing since. Highly recommend!,2023-10-01,"{""Mic"": """", ""EQmodes"": """", ""DeepBass"": """", ""Foldable"": """", ""playtime"": """", ""ComfortFit"": """", ""Batterylife"": """", ""NoiseCancellation"": """"}"
1028,44,Mia Wilson,1,What a letdown! The tablet wouldnt connect to my Bluetooth devices and it froze constantly. I thought it was just a one-off issue but I have returned it. The customer service was frustrating; they seemed uninterested in resolving the problem. Save your money and look for something more reliable.,2023-10-01,"{""Mic"": """", ""EQmodes"": """", ""DeepBass"": """", ""Foldable"": """", ""playtime"": """", ""ComfortFit"": """", ""Batterylife"": """", ""NoiseCancellation"": """"}"
1029,44,Ethan Clark,3,Its a decent tablet but not without some quirks. The performance is satisfactory though it can lag with more demanding apps. I like the design but the weight makes it less portable than Id hoped. Its a good value for light users but if you need heavy-duty performance look elsewhere.,2023-10-01,"{""Mic"": """", ""EQmodes"": """", ""DeepBass"": """", ""Foldable"": """", ""playtime"": """", ""ComfortFit"": """", ""Batterylife"": """", ""NoiseCancellation"": """"}"
1030,44,Charlotte Lee,5,Unbelievably good tablet! The storage is more than sufficient for my needs and I am blown away by the display quality. Its perfect for streaming shows or playing games. Setup was a breeze and it has handled everything Ive thrown at it. Would highly recommend to anyone looking for a great device.,2023-10-01,"{""Mic"": """", ""EQmodes"": """", ""DeepBass"": """", ""Foldable"": """", ""playtime"": """", ""ComfortFit"": """", ""Batterylife"": """", ""NoiseCancellation"": """"}"
1031,44,Alexander Kim,4,Great tablet overall! I especially love the excellent screen quality and the performance is fast. Ive had some minor hiccups with app compatibility but nothing major. The battery life could be improved but it still lasts long enough for my daily usage. Definitely a good option for daily tasks!,2023-10-01,"{""Mic"": ""Not applicable to the document."", ""EQmodes"": ""Not applicable to the document."", ""DeepBass"": ""Not applicable to the document."", ""Foldable"": ""Not applicable to the document."", ""playtime"": ""The battery life could be improved, but it still lasts long enough for daily usage."", ""ComfortFit"": ""Not applicable to the document."", ""Batterylife"": ""The battery life could be improved, but it still lasts long enough for daily usage."", ""NoiseCancellation"": ""Not applicable to the document.""}"
1032,44,Isabella Scott,2,While I like the look of the tablet its underwhelming in performance. The battery drains quickly and Ive encountered some software issues that made it frustrating to use. It can handle basic tasks but I wouldnt recommend it for anyone looking for a more robust device.,2023-10-01,"{""Mic"": ""N/A"", ""EQmodes"": ""N/A"", ""DeepBass"": ""N/A"", ""Foldable"": ""N/A"", ""playtime"": ""N/A"", ""ComfortFit"": ""N/A"", ""Batterylife"": ""The battery drains quickly."", ""NoiseCancellation"": ""N/A""}"
1033,44,Henry Wright,5,Absolutely amazed by the Lumeon tablet! Its lightweight yet the build quality is impressive. The ability to expand storage is a huge plus for me allowing me to keep all my media. The 6000mAh battery life is perfect for my long workdays. I cant recommend this product enough!,2023-10-01,"{""Mic"": """", ""EQmodes"": """", ""DeepBass"": """", ""Foldable"": """", ""playtime"": """", ""ComfortFit"": """", ""Batterylife"": ""6000mAh"", ""NoiseCancellation"": """"}"
1034,44,Grace Hall,3,The Lumeon tablet is pretty average for my needs. The display quality is decent but I had some issues with app crashes that disrupted my usage. I think its good for light tasks but might struggle with more demanding apps. If youre only using it for basic stuff it could work well.,2023-10-01,"{""Mic"": """", ""EQmodes"": """", ""DeepBass"": """", ""Foldable"": """", ""playtime"": """", ""ComfortFit"": """", ""Batterylife"": """", ""NoiseCancellation"": """"}"
1035,44,Lucas Young,4,Im really enjoying my new tablet so far! The screen is bright and clear making both reading and video watching enjoyable. Performance is smooth too. The only letdown is the weight; it feels a bit heavier than I anticipated. Nevertheless its a fantastic device for everyday use.,2023-10-01,"{""Mic"": """", ""EQmodes"": """", ""DeepBass"": """", ""Foldable"": """", ""playtime"": """", ""ComfortFit"": """", ""Batterylife"": """", ""NoiseCancellation"": """"}"
1036,44,Sophia Garcia,1,This tablet was a huge letdown. The performance was slow and it overheated quickly during use. I reached out to customer service but their help was inadequate and frustrating. Avoid this tablet if you value your time and investment; I regret buying it.,2023-10-01,"{""Mic"": """", ""EQmodes"": """", ""DeepBass"": """", ""Foldable"": """", ""playtime"": """", ""ComfortFit"": """", ""Batterylife"": """", ""NoiseCancellation"": """"}"
1037,44,Isaac Moore,5,Best tablet Ive ever owned! The features are truly top-notch - the screen is gorgeous and multitasking is a breeze. Battery life lasts me a full day of work and entertainment and I couldnt be happier. For anyone in the market for a premium tablet this is the one!,2023-10-01,"{""Mic"": ""N/A"", ""EQmodes"": ""N/A"", ""DeepBass"": ""N/A"", ""Foldable"": ""N/A"", ""playtime"": ""Battery life lasts me a full day of work and entertainment."", ""ComfortFit"": ""N/A"", ""Batterylife"": ""Battery life lasts me a full day of work and entertainment."", ""NoiseCancellation"": ""N/A""}"
1038,44,Emily Evans,2,I had high hopes for the Lumeon tablet but it has some significant downsides. The external design is nice but performance is lackluster. It tends to slow down when multiple apps are open. Customer support was not very helpful making my experience frustrating overall.,2023-10-01,"{""Mic"": """", ""EQmodes"": """", ""DeepBass"": """", ""Foldable"": """", ""playtime"": """", ""ComfortFit"": """", ""Batterylife"": """", ""NoiseCancellation"": """"}"
1039,44,Aiden Turner,3,The tablet does perform well but not without flaws. I noticed some latency issues that make it a bit annoying during multitasking. The build is good and feels durable but the battery could be much better. Overall okay for basic use but not great for anyone needing high performance.,2023-10-01,"{""Mic"": ""Not applicable."", ""EQmodes"": ""Not applicable."", ""DeepBass"": ""Not applicable."", ""Foldable"": ""Not applicable."", ""playtime"": ""Not specified."", ""ComfortFit"": ""Not applicable."", ""Batterylife"": ""The battery could be much better."", ""NoiseCancellation"": ""Not applicable.""}"
1040,44,Mason Cooper,4,Im quite happy with the tablet! The camera is surprisingly impressive for a device in this price range. I also find the battery life adequate for my needs. My only issue is that the tablet occasionally gets warm during long use sessions but thats manageable. Worth the investment!,2023-10-01,"{""Mic"": ""Not applicable"", ""EQmodes"": ""Not applicable"", ""DeepBass"": ""Not applicable"", ""Foldable"": ""Not applicable"", ""playtime"": ""Not applicable"", ""ComfortFit"": ""Not applicable"", ""Batterylife"": ""adequate"", ""NoiseCancellation"": ""Not applicable""}"
1041,44,Abigail Reed,5,Absolutely love this device! The layout is intuitive and the features are fantastic. The graphics on the screen are vibrant and it works beautifully for streaming my favorite shows. Plus with expandable storage I have all the space I need. Highly recommend to anyone looking to buy a new tablet!,2023-10-01,"{""Mic"": """", ""EQmodes"": """", ""DeepBass"": """", ""Foldable"": """", ""playtime"": """", ""ComfortFit"": """", ""Batterylife"": """", ""NoiseCancellation"": """"}"
1042,44,Charlotte Martinez,5,This Lumeon tablet has exceeded my expectations! Its perfect for both work and play. I love the portability and the build quality feels solid. The battery lasts longer than I expected making it perfect for long flights or coffee shop sessions. I cant recommend it enough!,2023-10-01,"{""Mic"": ""Not mentioned."", ""EQmodes"": ""Not mentioned."", ""DeepBass"": ""Not mentioned."", ""Foldable"": ""Not mentioned."", ""playtime"": ""Not mentioned."", ""ComfortFit"": ""Not mentioned."", ""Batterylife"": ""The battery lasts longer than expected."", ""NoiseCancellation"": ""Not mentioned.""}"
1043,45,Alice Johnson,5,I am absolutely blown away by the Nexvo tablet! The performance is off the charts thanks to its powerful octa-core processor. I can easily multitask between apps without any lag at all. The display is gorgeous with vibrant colors perfect for streaming my favorite shows. The battery lasts all day making it my go-to device for both work and entertainment. Highly recommend it to anyone looking for a versatile tablet!,2023-10-01,"{""Mic"": ""N/A"", ""EQmodes"": ""N/A"", ""DeepBass"": ""N/A"", ""Foldable"": ""N/A"", ""playtime"": ""N/A"", ""ComfortFit"": ""N/A"", ""Batterylife"": ""all day"", ""NoiseCancellation"": ""N/A""}"
1044,45,Brian Chen,5,This tablet exceeded all my expectations! The build quality feels solid and premium. I really appreciate the wide viewing angle; it makes watching movies with friends a delightful experience. Plus the 128GB storage means I dont have to worry about running out of space anytime soon. Its perfect for both casual browsing and gaming. Definitely a 5-star product!,2023-10-01,"{""Mic"": """", ""EQmodes"": """", ""DeepBass"": """", ""Foldable"": """", ""playtime"": """", ""ComfortFit"": """", ""Batterylife"": """", ""NoiseCancellation"": """"}"
1045,45,Catherine Moore,4,Overall Im very pleased with the Nexvo tablet. The setup was straightforward and I was up and running in no time. The performance is reliable and I particularly enjoy the split-screen functionality for multitasking. My only complaint is the weight—it feels a bit heavy for prolonged use. Still its a great value for the price!,2023-10-01,"{""Mic"": """", ""EQmodes"": """", ""DeepBass"": """", ""Foldable"": """", ""playtime"": """", ""ComfortFit"": """", ""Batterylife"": """", ""NoiseCancellation"": """"}"
1046,45,David Smith,4,The Nexvo is a solid tablet that offers great performance for its price. The display is clear and bright which makes it enjoyable to read and watch videos. The battery life is impressive as well lasting much longer than my previous tablet. However I did encounter some minor bugs in the software that I hope will be ironed out in future updates. But overall well worth it!,2023-10-01,"{""Mic"": ""Not applicable"", ""EQmodes"": ""Not applicable"", ""DeepBass"": ""Not applicable"", ""Foldable"": ""Not applicable"", ""playtime"": ""Not explicitly mentioned, but implied to be long-lasting"", ""ComfortFit"": ""Not applicable"", ""Batterylife"": ""impressive, lasting much longer than the user's previous tablet"", ""NoiseCancellation"": ""Not applicable""}"
1047,45,Emma Thompson,3,I find the Nexvo tablet to be average at best. While the hardware seems decent I encountered some issues with the user interface that can be frustrating. The battery life doesnt meet my expectations especially when streaming. The features are good but I feel there are many options on the market that offer better performance for the same price.,2023-10-01,"{""Mic"": ""Not applicable to the document."", ""EQmodes"": ""Not applicable to the document."", ""DeepBass"": ""Not applicable to the document."", ""Foldable"": ""Not applicable to the document."", ""playtime"": ""The playtime is implied to be insufficient for streaming."", ""ComfortFit"": ""Not applicable to the document."", ""Batterylife"": ""The battery life doesn't meet expectations, especially when streaming."", ""NoiseCancellation"": ""Not applicable to the document.""}"
1048,45,Frank Davis,3,The Nexvo tablet performs well but its nothing special. The build quality is acceptable but I noticed that its not as durable as I expected—one drop and it felt fragile. The display is nice but it doesnt offer anything above standard for tablets nowadays. I would recommend it for basic use but for serious multitaskers you might want to look elsewhere.,2023-10-01,"{""Mic"": """", ""EQmodes"": """", ""DeepBass"": """", ""Foldable"": """", ""playtime"": """", ""ComfortFit"": """", ""Batterylife"": """", ""NoiseCancellation"": """"}"
1049,45,Gina Rodriguez,2,Disappointed with my purchase. The tablet keeps freezing especially when using multiple apps. The build quality feels subpar and Im worried about its longevity. While the screen looks nice the performance issues have made it very frustrating to use. I expected much better from a product branded as high-performance.,2023-10-01,"{""Mic"": """", ""EQmodes"": """", ""DeepBass"": """", ""Foldable"": """", ""playtime"": """", ""ComfortFit"": """", ""Batterylife"": """", ""NoiseCancellation"": """"}"
1050,45,Henry Jackson,2,The Nexvo tablet seemed promising but it fell short. Setup was a bit tricky and I wish the instructions were clearer. The battery life is also a letdown—after a few hours of use I found myself scrambling for a charger. Its not entirely useless but there are definitely better options for similar prices.,2023-10-01,"{""Mic"": ""Not applicable"", ""EQmodes"": ""Not applicable"", ""DeepBass"": ""Not applicable"", ""Foldable"": ""Not applicable"", ""playtime"": ""a few hours"", ""ComfortFit"": ""Not applicable"", ""Batterylife"": ""a few hours"", ""NoiseCancellation"": ""Not applicable""}"
1051,45,Isabella Martin,1,Im very unhappy with the Nexvo tablet. It arrived with a cracked screen and customer support has been unresponsive regarding a replacement. Its impossible to use when the display is broken rendering it completely useless. This has been a terrible experience and I definitely do not recommend this product.,2023-10-01,"{""Mic"": """", ""EQmodes"": """", ""DeepBass"": """", ""Foldable"": """", ""playtime"": """", ""ComfortFit"": """", ""Batterylife"": """", ""NoiseCancellation"": """"}"
1052,45,James Kim,1,This product was a nightmare from start to finish. The software is clunky and full of bugs; it keeps crashing on me. I had high hopes after reading reviews but this tablet does not deliver. I will be seeking a refund as its been more trouble than its worth. Save your money and look for a more reliable option.,2023-10-01,"{""Mic"": """", ""EQmodes"": """", ""DeepBass"": """", ""Foldable"": """", ""playtime"": """", ""ComfortFit"": """", ""Batterylife"": """", ""NoiseCancellation"": """"}"
1053,45,Lily Nguyen,5,I am so impressed with the Nexvo tablet! The octa-core processor delivers lightning-fast performance and I love how the screen reduces blue light making it easy on the eyes. The user interface is simple and intuitive which makes it a joy to navigate. Plus the battery life is fantastic for day-long use. Absolutely a recommended buy!,2023-10-01,"{""Mic"": ""N/A"", ""EQmodes"": ""N/A"", ""DeepBass"": ""N/A"", ""Foldable"": ""N/A"", ""playtime"": ""N/A"", ""ComfortFit"": ""N/A"", ""Batterylife"": ""fantastic for day-long use"", ""NoiseCancellation"": ""N/A""}"
1054,45,Mason Patel,5,What a phenomenal tablet! The visuals on the 10.1-inch screen are stunning making it perfect for watching videos and playing games. The storage capacity is more than adequate for my needs and the battery life has been stellar—lasted me through a long train journey without needing a charge. It feels very well-built too. Definitely recommend!,2023-10-01,"{""Mic"": """", ""EQmodes"": """", ""DeepBass"": """", ""Foldable"": """", ""playtime"": """", ""ComfortFit"": """", ""Batterylife"": ""stellar—lasted me through a long train journey without needing a charge"", ""NoiseCancellation"": """"}"
1055,45,Natalie White,4,Ive been using this tablet for a few weeks now and its mostly a great device. The display quality is good and it easily handles my everyday tasks. My only complaint is that it runs a little warm during prolonged use. Nonetheless its a great value for the price and surpasses my previous tablet!,2023-10-01,"{""Mic"": """", ""EQmodes"": """", ""DeepBass"": """", ""Foldable"": """", ""playtime"": """", ""ComfortFit"": """", ""Batterylife"": """", ""NoiseCancellation"": """"}"
1056,45,Oliver Brown,4,The Nexvo tablet has been a good companion for my work and leisure. Setup was pretty easy which I really appreciated. It performs well with apps and the battery lasts through my 8-hour workday. The only downside is that the speakers could be louder for media consumption. Apart from that its a solid choice.,2023-10-01,"{""Mic"": ""Not applicable"", ""EQmodes"": ""Not applicable"", ""DeepBass"": ""Not applicable"", ""Foldable"": ""Not applicable"", ""playtime"": ""8-hour workday"", ""ComfortFit"": ""Not applicable"", ""Batterylife"": ""8-hour workday"", ""NoiseCancellation"": ""Not applicable""}"
1057,45,Pamela Wilson,3,Decent features for the price point but there are limitations. The tablet is intuitive for basic tasks but I found it struggles with heavy multitasking. The screen is sharp but I experienced some glare in bright light. Its not my favorite tablet but for casual use it will get the job done.,2023-10-01,"{""Mic"": """", ""EQmodes"": """", ""DeepBass"": """", ""Foldable"": """", ""playtime"": """", ""ComfortFit"": """", ""Batterylife"": """", ""NoiseCancellation"": """"}"
1058,45,Quentin Lee,3,Mixed feelings about the Nexvo tablet. Its got a good design and a decent battery life but the performance can be inconsistent. Sometimes the apps run seamlessly other times they lag significantly. If youre looking for something more reliable for high-performance tasks consider investing in a higher-end option.,2023-10-01,"{""Mic"": """", ""EQmodes"": """", ""DeepBass"": """", ""Foldable"": """", ""playtime"": """", ""ComfortFit"": """", ""Batterylife"": ""decent"", ""NoiseCancellation"": """"}"
1059,45,Rebecca Adams,2,I really wanted to like this tablet but Ive faced several frustrating issues. The battery drains faster than expected and the touchscreen can be unresponsive at times. The display is nice but without consistent performance it feels like a letdown overall. Its not terrible but improvements are definitely needed.,2023-10-01,"{""Mic"": ""Not applicable."", ""EQmodes"": ""Not applicable."", ""DeepBass"": ""Not applicable."", ""Foldable"": ""Not applicable."", ""playtime"": ""Not applicable."", ""ComfortFit"": ""Not applicable."", ""Batterylife"": ""The battery drains faster than expected."", ""NoiseCancellation"": ""Not applicable.""}"
1060,45,Samuel Harris,2,The Nexvo tablet has some potential but struggles in execution. There are connectivity issues with Wi-Fi that make online streaming tricky. Its not the worst device but I expected smoother performance given the specs. This tablet might suit casual users but heavy users might want to explore better alternatives.,2023-10-01,"{""Mic"": """", ""EQmodes"": """", ""DeepBass"": """", ""Foldable"": """", ""playtime"": """", ""ComfortFit"": """", ""Batterylife"": """", ""NoiseCancellation"": """"}"
1061,45,Tina Young,1,The Nexvo tablet has been a complete disappointment. It arrived with several software bugs that made it nearly impossible to use. Customer service has not been helpful and it stopped working altogether after just a month. This has been the worst experience Ive had with a tablet and I wouldnt recommend it to anyone.,2023-10-01,"{""Mic"": """", ""EQmodes"": """", ""DeepBass"": """", ""Foldable"": """", ""playtime"": """", ""ComfortFit"": """", ""Batterylife"": """", ""NoiseCancellation"": """"}"
1062,45,Victor Wright,1,Extremely unsatisfied with the Nevo tablet. It stopped responding shortly after I started using it. The battery life is a joke—it doesnt last even a few hours of moderate use. Customer support simply pointed me to a manual that didnt solve anything. Save your money and look for something more reliable.,2023-10-01,"{""Mic"": """", ""EQmodes"": """", ""DeepBass"": """", ""Foldable"": """", ""playtime"": """", ""ComfortFit"": """", ""Batterylife"": ""doesn't last even a few hours of moderate use"", ""NoiseCancellation"": """"}"
1063,45,Willow Scott,5,Absolutely love my Nexvo tablet! The performance is outstanding—everything opens quickly and games run beautifully. I appreciate the ample storage; I can download all my favorite apps without worrying. The screen is just stunning. If youre in the market for a new tablet I cant recommend this one enough!,2023-10-01,"{""Mic"": """", ""EQmodes"": """", ""DeepBass"": """", ""Foldable"": """", ""playtime"": """", ""ComfortFit"": """", ""Batterylife"": """", ""NoiseCancellation"": """"}"
1064,45,Xavier Clark,5,This is hands down the best tablet Ive owned! The build quality feels premium and the battery life lasts all day. The display quality is excellent for both movies and reading. I particularly love the ease of using split-screen functionality. This tablet is perfect for both casual users and professionals. Highly recommend!,2023-10-01,"{""Mic"": ""Not applicable"", ""EQmodes"": ""Not applicable"", ""DeepBass"": ""Not applicable"", ""Foldable"": ""Not applicable"", ""playtime"": ""Not applicable"", ""ComfortFit"": ""Not applicable"", ""Batterylife"": ""all day"", ""NoiseCancellation"": ""Not applicable""}"
1065,45,Yvette Evans,4,Great tablet overall! The design is sleek and appealing and I love the vibrant display. Setup was a breeze. My only issue was with the customer support response time; it took a while to receive assistance for a minor question. Still the product itself is fantastic and well worth it.,2023-10-01,"{""Mic"": """", ""EQmodes"": """", ""DeepBass"": """", ""Foldable"": """", ""playtime"": """", ""ComfortFit"": """", ""Batterylife"": """", ""NoiseCancellation"": """"}"
1066,45,Zachary Moore,4,Once you get past some minor setup quirks this tablet shines. It handles my apps with ease and the battery life is long-lasting. The only drawback is the weight; it feels a bit heavy after prolonged use. Overall a good investment for anyone in need of a reliable tablet for everyday tasks.,2023-10-01,"{""Mic"": ""N/A"", ""EQmodes"": ""N/A"", ""DeepBass"": ""N/A"", ""Foldable"": ""N/A"", ""playtime"": ""N/A"", ""ComfortFit"": ""feels a bit heavy after prolonged use"", ""Batterylife"": ""long-lasting"", ""NoiseCancellation"": ""N/A""}"
1067,46,Alice Johnson,5,I am absolutely thrilled with the Nexvo F202 tablet! The performance is incredible—thanks to the 8GB RAM and the MediaTek Octa-core processor everything runs smoothly whether Im multitasking or streaming videos. The display is stunning; the colors are vibrant and the clarity is fantastic. Plus it feels really durable which is a plus for me since I tend to be a bit clumsy. Highly recommend this to anyone looking for a reliable and stylish tablet!,2023-10-01,"{""Mic"": """", ""EQmodes"": """", ""DeepBass"": """", ""Foldable"": """", ""playtime"": """", ""ComfortFit"": """", ""Batterylife"": """", ""NoiseCancellation"": """"}"
1068,46,David Rodriguez,5,Best investment Ive made in tech lately! The Nexvo F202 is everything I wanted in a tablet. The build quality feels premium and the sleek design makes it easy to take anywhere. The battery life is impressive; I can use it throughout the day without worrying about recharging. I especially love how responsive the touch screen is. For this price point you get so much value—its perfect for both productivity and entertainment!,2023-10-01,"{""Mic"": ""Not applicable"", ""EQmodes"": ""Not applicable"", ""DeepBass"": ""Not applicable"", ""Foldable"": ""Not applicable"", ""playtime"": ""Not applicable"", ""ComfortFit"": ""Not applicable"", ""Batterylife"": ""Impressive; can use it throughout the day without worrying about recharging."", ""NoiseCancellation"": ""Not applicable""}"
1094,47,Michael Green,3,The Nexvo C5 is okay but not without its flaws. The build quality seems decent but the device feels a bit plasticky. Performance is good but I was expecting a bit more from the gaming capabilities. Its a solid tablet for basic tasks but may not meet the needs of more intensive users.,2023-10-01,"{""Mic"": """", ""EQmodes"": """", ""DeepBass"": """", ""Foldable"": """", ""playtime"": """", ""ComfortFit"": """", ""Batterylife"": """", ""NoiseCancellation"": """"}"
1069,46,Emily Thompson,4,Really enjoying my Nexvo F202! The setup was fairly easy but I had a bit of trouble finding the right settings initially. Once I got past that it has performed beautifully. The 10.1-inch display is perfect for watching movies and the sound quality is surprisingly good! I docked a star because the weight is a little heavier than I expected for a tablet but overall its a solid purchase.,2023-10-01,"{""Mic"": """", ""EQmodes"": """", ""DeepBass"": """", ""Foldable"": """", ""playtime"": """", ""ComfortFit"": """", ""Batterylife"": """", ""NoiseCancellation"": """"}"
1070,46,Michael Brown,4,Overall Im quite satisfied with my Nexvo F202. The design is sleek and feels robust and I love how quickly it boots up. The battery life holds up well for my daily use especially when Im binge-watching shows. I did encounter a minor glitch with the interface a couple of times but a quick reboot solved it. Definitely worth the price just wish the customer support was a bit more responsive.,2023-10-01,"{""Mic"": ""Not mentioned."", ""EQmodes"": ""Not mentioned."", ""DeepBass"": ""Not mentioned."", ""Foldable"": ""Not mentioned."", ""playtime"": ""Not mentioned."", ""ComfortFit"": ""Not mentioned."", ""Batterylife"": ""The battery life holds up well for daily use."", ""NoiseCancellation"": ""Not mentioned.""}"
1071,46,Sophia Williams,3,The Nexvo F202 has its pros and cons. On the one hand the performance is great for day-to-day tasks and the display is gorgeous for viewing content. However Ive faced some app compatibility issues particularly with some games I like to play. The build feels sturdy but I expected a bit more from the battery life—it could last longer. Its decent for the price but I wouldnt call it perfect.,2023-10-01,"{""Mic"": ""Not mentioned."", ""EQmodes"": ""Not mentioned."", ""DeepBass"": ""Not mentioned."", ""Foldable"": ""Not mentioned."", ""playtime"": ""Not mentioned."", ""ComfortFit"": ""Not mentioned."", ""Batterylife"": ""Expected a bit more from the battery life—it could last longer."", ""NoiseCancellation"": ""Not mentioned.""}"
1072,46,James Miller,3,Decent tablet with a good price-to-performance ratio. I was mainly drawn in by the specifications but I found the user interface to be slightly clunky at times. The screen size is impressive making it good for media consumption. However I found it a bit heavy to hold for longer periods which was disappointing. It suits my basic needs but I think there are better options out there if youre looking for something more versatile.,2023-10-01,"{""Mic"": """", ""EQmodes"": """", ""DeepBass"": """", ""Foldable"": """", ""playtime"": """", ""ComfortFit"": """", ""Batterylife"": """", ""NoiseCancellation"": """"}"
1073,46,Olivia Davis,2,I had high hopes for the Nexvo F202 but it hasnt quite matched my expectations. While the design is sleek and the display is clear I faced multiple issues with software bugs which made using apps frustrating. The battery life is also shorter than advertised needing a charge sooner than Id like during my use. Its not a complete disaster but I wouldnt recommend it if youre looking for consistent performance.,2023-10-01,"{""Mic"": ""Not mentioned"", ""EQmodes"": ""Not mentioned"", ""DeepBass"": ""Not mentioned"", ""Foldable"": ""Not mentioned"", ""playtime"": ""Not mentioned"", ""ComfortFit"": ""Not mentioned"", ""Batterylife"": ""Shorter than advertised"", ""NoiseCancellation"": ""Not mentioned""}"
1074,46,Noah Wilson,2,This tablet has some nice features but the overall experience has been disappointing. The performance is lacking for the price with noticeable lag when multitasking. The build quality seems fine but it feels a bit cheap compared to competitors in the same range. If youre mainly browsing the web it might work for you but for anything more demanding look elsewhere.,2023-10-01,"{""Mic"": """", ""EQmodes"": """", ""DeepBass"": """", ""Foldable"": """", ""playtime"": """", ""ComfortFit"": """", ""Batterylife"": """", ""NoiseCancellation"": """"}"
1075,46,Mia Anderson,1,Very disappointed with my purchase of the Nexvo F202. After just a few days of light use the touchscreen became unresponsive. I reached out to customer support but they were slow to respond and didnt offer helpful solutions. The tablet also heats up quickly even during basic tasks. I expected so much more from this device and now Im regretting my choice.,2023-10-01,"{""Mic"": """", ""EQmodes"": """", ""DeepBass"": """", ""Foldable"": """", ""playtime"": """", ""ComfortFit"": """", ""Batterylife"": """", ""NoiseCancellation"": """"}"
1076,46,Ethan Martinez,1,Terrible experience with this tablet! It started malfunctioning after a month with constant freezes and crashes. The issues Ive faced make it completely unusable. I tried following troubleshooting steps but nothing worked. Its a waste of money and I wouldnt recommend it to anyone. If youre considering this product save your time and invest in something more reliable.,2023-10-01,"{""Mic"": """", ""EQmodes"": """", ""DeepBass"": """", ""Foldable"": """", ""playtime"": """", ""ComfortFit"": """", ""Batterylife"": """", ""NoiseCancellation"": """"}"
1077,46,Isabella Taylor,5,Absolutely love the Nexvo F202! The display is breathtaking and the tablet is incredibly fast. Ive been using it for work and entertainment and it handles everything seamlessly. The battery life is a standout feature—Ive managed to get through the entire day with moderate use without needing a charge. Its the perfect combination of style and functionality!,2023-10-01,"{""Mic"": ""N/A"", ""EQmodes"": ""N/A"", ""DeepBass"": ""N/A"", ""Foldable"": ""N/A"", ""playtime"": ""N/A"", ""ComfortFit"": ""N/A"", ""Batterylife"": ""The battery life is a standout feature—I've managed to get through the entire day with moderate use without needing a charge."", ""NoiseCancellation"": ""N/A""}"
1078,46,William Thomas,5,The Nexvo F202 has exceeded my expectations in every way. The build quality is impressive feeling sturdy while still being lightweight. The visuals are stunning and I enjoy watching movies on this tablet! The performance is top-notch—Ive had no slowdowns whatsoever. Im impressed and for the price I feel like Ive gotten an amazing deal.,2023-10-01,"{""Mic"": """", ""EQmodes"": """", ""DeepBass"": """", ""Foldable"": """", ""playtime"": """", ""ComfortFit"": """", ""Batterylife"": """", ""NoiseCancellation"": """"}"
1079,46,Charlotte Green,4,I really like my Nexvo F202 though its not without a few hiccups. The setup was straightforward and I was immediately able to dive into my favorite apps. However I noticed that it occasionally struggles with larger files or heavy applications. The design is sleek and the battery life is decent but an extra hour or two would have made a big difference. Worth the buy if youre looking for something reliable!,2023-10-01,"{""Mic"": ""Not mentioned"", ""EQmodes"": ""Not mentioned"", ""DeepBass"": ""Not mentioned"", ""Foldable"": ""Not mentioned"", ""playtime"": ""Not mentioned"", ""ComfortFit"": ""Not mentioned"", ""Batterylife"": ""decent"", ""NoiseCancellation"": ""Not mentioned""}"
1080,46,Daniel Harris,4,The Nexvo F202 is a solid tablet overall. It performs well and the response time is impressive when switching between apps. I love the vivid display—I use it primarily for streaming shows and it never disappoints. I did experience a few minor bugs in the software which is why Im giving it four stars. Still its a fantastic option for anyone looking to invest in a reliable device.,2023-10-01,"{""Mic"": """", ""EQmodes"": """", ""DeepBass"": """", ""Foldable"": """", ""playtime"": """", ""ComfortFit"": """", ""Batterylife"": """", ""NoiseCancellation"": """"}"
1081,46,Grace Robinson,3,I feel somewhat neutral about the Nexvo F202. The specs are great and Ive enjoyed using it for reading and light web browsing. However I encountered several performance issues with specific apps crashing more than once. The size is comfortable but it can be a bit bulky when carrying around. Its usable but I think Id consider alternatives next time.,2023-10-01,"{""Mic"": """", ""EQmodes"": """", ""DeepBass"": """", ""Foldable"": """", ""playtime"": """", ""ComfortFit"": ""The size is comfortable, but it can be a bit bulky when carrying around."", ""Batterylife"": """", ""NoiseCancellation"": """"}"
1082,46,Christopher Clark,3,The Nexvo F202 is an average tablet; it works well for lighter tasks like browsing and watching videos. However I found it lacking in speed when running multiple applications simultaneously which was frustrating. The design is sleek and easy on the eyes but the battery life could definitely use some improvement. It gets the job done but I expected more from a device in this price range.,2023-10-01,"{""Mic"": ""Not applicable."", ""EQmodes"": ""Not applicable."", ""DeepBass"": ""Not applicable."", ""Foldable"": ""Not applicable."", ""playtime"": ""Not applicable."", ""ComfortFit"": ""Not applicable."", ""Batterylife"": ""The battery life could definitely use some improvement."", ""NoiseCancellation"": ""Not applicable.""}"
1083,46,Samantha Lewis,2,Unfortunately the Nexvo F202 didnt meet my expectations. I had trouble with the screen sensitivity; it often missed my taps which was frustrating. The design looks good and I appreciate the storage options but I cant overlook the performance issues Ive had. It feels like it could have been a great device but there are too many setbacks.,2023-10-01,"{""Mic"": """", ""EQmodes"": """", ""DeepBass"": """", ""Foldable"": """", ""playtime"": """", ""ComfortFit"": """", ""Batterylife"": """", ""NoiseCancellation"": """"}"
1084,46,Andrew Hall,2,I wanted to like the Nexvo F202 but my experience has been frustrating. While the build quality is decent the performance is sluggish when accessing multiple apps or larger files. I also ran into issues with connecting to other devices which was inconvenient. It has its positives but overall I cant recommend it for serious use.,2023-10-01,"{""Mic"": """", ""EQmodes"": """", ""DeepBass"": """", ""Foldable"": """", ""playtime"": """", ""ComfortFit"": """", ""Batterylife"": """", ""NoiseCancellation"": """"}"
1085,46,Hannah Scott,1,I am extremely disappointed with the Nexvo F202. It was slow from day one and frequent freezes made it unbearable to use. I even tried to reset it but nothing worked. Customer support was unresponsive to my inquiries leaving me feeling stuck with a product that just doesnt work. Save your money and consider other options!,2023-10-01,"{""Mic"": """", ""EQmodes"": """", ""DeepBass"": """", ""Foldable"": """", ""playtime"": """", ""ComfortFit"": """", ""Batterylife"": """", ""NoiseCancellation"": """"}"
1086,46,Henry Young,1,The Nexvo F202 tablet has been a huge letdown. It started freezing only a week after I bought it and despite numerous attempts to fix it the problems persisted. The touch screen lacks sensitivity and the overall user interface feels clunky. Truly not worth the investment and Im regretting this purchase every day.,2023-10-01,"{""Mic"": """", ""EQmodes"": """", ""DeepBass"": """", ""Foldable"": """", ""playtime"": """", ""ComfortFit"": """", ""Batterylife"": """", ""NoiseCancellation"": """"}"
1087,46,Ava King,5,The performance of the Nexvo F202 has been outstanding for me! As a student I need a tablet that can handle a variety of tasks and this one does just that. The battery lasts me throughout my classes and the sleek design fits well in my backpack. The display is great for taking notes and watching lectures—Im thoroughly impressed!,2023-10-01,"{""Mic"": ""Not mentioned."", ""EQmodes"": ""Not mentioned."", ""DeepBass"": ""Not mentioned."", ""Foldable"": ""Not mentioned."", ""playtime"": ""Not mentioned."", ""ComfortFit"": ""The sleek design fits well in a backpack."", ""Batterylife"": ""The battery lasts throughout classes."", ""NoiseCancellation"": ""Not mentioned.""}"
1088,46,Oliver Wright,5,Cant rave enough about the Nexvo F202 tablet! It feels incredibly lightweight but built to last. The 10.1-inch screen is perfect for watching videos and playing games—a lot of my friends have already asked where I got it! The battery life is impressive allowing me to use it for hours without interruption. I highly recommend it!,2023-10-01,"{""Mic"": ""Not applicable"", ""EQmodes"": ""Not applicable"", ""DeepBass"": ""Not applicable"", ""Foldable"": ""Not applicable"", ""playtime"": ""Hours"", ""ComfortFit"": ""Not applicable"", ""Batterylife"": ""Impressive, allowing hours of use without interruption"", ""NoiseCancellation"": ""Not applicable""}"
1089,47,Alice Johnson,5,I am absolutely in love with the Nexvo C5 Tablet! The performance is outstanding thanks to its powerful 8-core processor. Whether Im gaming or watching movies everything runs smoothly without lag. The display is gorgeous too vibrant colors and sharp resolution. Definitely worth every penny!,2023-10-01,"{""Mic"": """", ""EQmodes"": """", ""DeepBass"": """", ""Foldable"": """", ""playtime"": """", ""ComfortFit"": """", ""Batterylife"": """", ""NoiseCancellation"": """"}"
1090,47,Bob Thompson,5,This tablet is a game changer! The 11-inch screen is not only beautiful but also perfect for reading and browsing. The build quality feels premium and its surprisingly lightweight. I use it daily for work and it handles multitasking like a pro. Highly recommended for anyone looking for a reliable tablet!,2023-10-01,"{""Mic"": """", ""EQmodes"": """", ""DeepBass"": """", ""Foldable"": """", ""playtime"": """", ""ComfortFit"": """", ""Batterylife"": """", ""NoiseCancellation"": """"}"
1091,47,Sarah Martin,4,Overall the Nexvo C5 Tablet is fantastic. The battery life is impressive; I can watch shows for hours without needing a charge. I did encounter minor issues with the user interface being slightly less responsive at times but for the price its a solid choice. Worth considering especially for students!,2023-10-01,"{""Mic"": ""N/A"", ""EQmodes"": ""N/A"", ""DeepBass"": ""N/A"", ""Foldable"": ""N/A"", ""playtime"": ""hours"", ""ComfortFit"": ""N/A"", ""Batterylife"": ""impressive; I can watch shows for hours without needing a charge"", ""NoiseCancellation"": ""N/A""}"
1092,47,David Brown,4,Great tablet for the price! The design is sleek and modern which I appreciate. The only downside was the setup process—it had me scratching my head initially. However once I figured it out I found it really user-friendly. Performance is great for both work and play making it a versatile device.,2023-10-01,"{""Mic"": """", ""EQmodes"": """", ""DeepBass"": """", ""Foldable"": """", ""playtime"": """", ""ComfortFit"": """", ""Batterylife"": """", ""NoiseCancellation"": """"}"
1093,47,Emily White,3,I have mixed feelings about this tablet. While the screen is vibrant and enjoyable to use the battery does drain faster than I anticipated. Its fine for short usage but could be better for long filming sessions. It does the job but I might explore other options next time.,2023-10-01,"{""Mic"": ""Not applicable."", ""EQmodes"": ""Not applicable."", ""DeepBass"": ""Not applicable."", ""Foldable"": ""Not applicable."", ""playtime"": ""Short usage."", ""ComfortFit"": ""Not applicable."", ""Batterylife"": ""The battery drains faster than anticipated, suitable for short usage but not for long filming sessions."", ""NoiseCancellation"": ""Not applicable.""}"
1096,47,Kevin Scott,2,The Nexvo C5 Tablets features are appealing but the reality is different. The battery life did not live up to the 8-10 hours they promised; it barely lasts 6 hours with consistent use. The software also has unexpected bugs that detract from the overall experience. Not the best value.,2023-10-01,"{""Mic"": ""Not applicable"", ""EQmodes"": ""Not applicable"", ""DeepBass"": ""Not applicable"", ""Foldable"": ""Not applicable"", ""playtime"": ""6 hours"", ""ComfortFit"": ""Not applicable"", ""Batterylife"": ""6 hours"", ""NoiseCancellation"": ""Not applicable""}"
1099,47,Olivia Miller,5,This tablet has truly exceeded my expectations! Its super fast and the screen clarity is stunning. I use it for both work and casual streaming and it performs wonderfully in both scenarios. Im particularly impressed with the battery life! It lasts longer than advertised which is a huge plus.,2023-10-01,"{""Mic"": ""Not applicable"", ""EQmodes"": ""Not applicable"", ""DeepBass"": ""Not applicable"", ""Foldable"": ""Not applicable"", ""playtime"": ""Not applicable"", ""ComfortFit"": ""Not applicable"", ""Batterylife"": ""Lasts longer than advertised"", ""NoiseCancellation"": ""Not applicable""}"
1100,47,Tyler Harris,5,What a fantastic tablet! I love the lightweight feel and the beautiful display. The features are robust especially face recognition which works flawlessly. I cant believe how easy it is to use for both productivity and gaming. Very satisfied with my purchase highly recommended!,2023-10-01,"{""Mic"": """", ""EQmodes"": """", ""DeepBass"": """", ""Foldable"": """", ""playtime"": """", ""ComfortFit"": """", ""Batterylife"": """", ""NoiseCancellation"": """"}"
1101,47,Adrian Clark,4,The Nexvo C5 tablet offers excellent performance for its price. The design is modern and lightweight ideal for travel. I had a little trouble connecting it to my home Wi-Fi at first but once set up everything worked including streaming services. Overall Im happy with my buy.,2023-10-01,"{""Mic"": """", ""EQmodes"": """", ""DeepBass"": """", ""Foldable"": """", ""playtime"": """", ""ComfortFit"": """", ""Batterylife"": """", ""NoiseCancellation"": """"}"
1102,47,Samantha Lee,4,The tablet is quite good for the price. The display is bright and enjoyable; however I did find the internal storage to be slightly limiting. A microSD slot would have made it perfect. For casual use and streaming it has been great just needs a little room for improvement.,2023-10-01,"{""Mic"": """", ""EQmodes"": """", ""DeepBass"": """", ""Foldable"": """", ""playtime"": """", ""ComfortFit"": """", ""Batterylife"": """", ""NoiseCancellation"": """"}"
1103,47,Matthew Young,3,I think this tablet is fair for the price. The 11-inch screen is lovely for watching videos but the performance drops when you have multiple apps open. I had no issues with setup though which was a relief. Its decent for casual use but if you need something for heavy multitasking maybe look a bit higher up.,2023-10-01,"{""Mic"": """", ""EQmodes"": """", ""DeepBass"": """", ""Foldable"": """", ""playtime"": """", ""ComfortFit"": """", ""Batterylife"": """", ""NoiseCancellation"": """"}"
1104,47,Sophia Carter,3,The Nexvo C5 is a mixed bag. While I appreciate the design and battery longevity the software is a bit buggy at times. For the most part it does work fine but Ive noticed occasional slowdowns. Good for basic tasks but I wouldnt trust it for anything mission-critical.,2023-10-01,"{""Mic"": ""Not mentioned."", ""EQmodes"": ""Not mentioned."", ""DeepBass"": ""Not mentioned."", ""Foldable"": ""Not mentioned."", ""playtime"": ""Not mentioned."", ""ComfortFit"": ""Not mentioned."", ""Batterylife"": ""Battery longevity is appreciated."", ""NoiseCancellation"": ""Not mentioned.""}"
1105,47,Daniel Jackson,2,I was really hopeful about this tablet but it has not lived up to the hype. The battery life is far from the promised hours and it feels sluggish when running apps. The screen quality is nice but it doesnt make up for other shortcomings. Id advise caution before purchasing this.,2023-10-01,"{""Mic"": ""N/A"", ""EQmodes"": ""N/A"", ""DeepBass"": ""N/A"", ""Foldable"": ""N/A"", ""playtime"": ""N/A"", ""ComfortFit"": ""N/A"", ""Batterylife"": ""far from the promised hours"", ""NoiseCancellation"": ""N/A""}"
1106,47,Pamela Wright,2,This tablet has some decent specs but terrible execution. The build felt flimsy and I had issues with the screen responsiveness. It took several tries to connect to Bluetooth devices which is unacceptable in todays technology. Its suitable for light use but not reliable for daily tasks.,2023-10-01,"{""Mic"": """", ""EQmodes"": """", ""DeepBass"": """", ""Foldable"": """", ""playtime"": """", ""ComfortFit"": """", ""Batterylife"": """", ""NoiseCancellation"": """"}"
1107,47,James Lee,1,Worst experience ever with a tablet purchase. It crashed within a week of use and the customer support was a nightmare. I tried reinstalling the software but it wouldnt help. I cant recommend the Nexvo C5 to anyone based on this terrible experience—completely unreliable!,2023-10-01,"{""Mic"": """", ""EQmodes"": """", ""DeepBass"": """", ""Foldable"": """", ""playtime"": """", ""ComfortFit"": """", ""Batterylife"": """", ""NoiseCancellation"": """"}"
1108,47,Laura Hill,1,Avoid this product at all costs! The performance is abysmal crashing constantly and I cant get my money back due to their strict return policy. I was looking forward to using it for work and entertainment but it has turned out to be a complete waste. Very disappointed!,2023-10-01,"{""Mic"": """", ""EQmodes"": """", ""DeepBass"": """", ""Foldable"": """", ""playtime"": """", ""ComfortFit"": """", ""Batterylife"": """", ""NoiseCancellation"": """"}"
1109,47,Michael Nelson,5,This tablet is an absolute steal! With the combination of functionality and great design its proven to be very reliable for both work and entertainment. The battery life impresses me as it lasts all day on a single charge which is a huge plus for my mobile lifestyle. Love it!,2023-10-01,"{""Mic"": ""N/A"", ""EQmodes"": ""N/A"", ""DeepBass"": ""N/A"", ""Foldable"": ""N/A"", ""playtime"": ""N/A"", ""ComfortFit"": ""N/A"", ""Batterylife"": ""all day on a single charge"", ""NoiseCancellation"": ""N/A""}"
1110,47,Ashley Kim,5,Highly impressed! The display quality is remarkable and I enjoy watching my favorite shows on it. The performance is top-notch with no lag whatsoever. Its surprisingly light too making it perfect for carrying around. Im thrilled with this purchase and would recommend it to anyone looking for a great tablet!,2023-10-01,"{""Mic"": ""Not mentioned"", ""EQmodes"": ""Not mentioned"", ""DeepBass"": ""Not mentioned"", ""Foldable"": ""Not mentioned"", ""playtime"": ""Not mentioned"", ""ComfortFit"": ""Not mentioned"", ""Batterylife"": ""Not mentioned"", ""NoiseCancellation"": ""Not mentioned""}"
1111,48,Emily Johnson,5,I am thoroughly impressed with this tablet! The 10.1” HD display is vibrant and perfect for my kids to watch educational videos and play fun games. It runs smoothly with no lag thanks to the 6GB RAM. The parental controls are a fantastic feature allowing me to manage what content my kids can access. I couldnt be happier with this purchase!,2023-10-01,"{""Mic"": """", ""EQmodes"": """", ""DeepBass"": """", ""Foldable"": """", ""playtime"": """", ""ComfortFit"": """", ""Batterylife"": """", ""NoiseCancellation"": """"}"
1112,48,Michael Brown,5,This tablet is a game changer for my family! The performance is top-notch and its super user-friendly even for my younger children. I love that it comes pre-loaded with educational apps that keep my kids engaged while they learn. The shockproof case is sturdy and really gives me peace of mind. Highly recommend it!,2023-10-01,"{""Mic"": """", ""EQmodes"": """", ""DeepBass"": """", ""Foldable"": """", ""playtime"": """", ""ComfortFit"": """", ""Batterylife"": """", ""NoiseCancellation"": """"}"
1128,48,Henry King,5,An absolute delight! My daughter enjoys every moment spent on this tablet. The vivid colors on the display make it easy for her to engage with learning apps. The durability is commendable; Ive seen it drop a couple of times but the shockproof case does its job. A top-notch product!,2023-10-01,"{""Mic"": """", ""EQmodes"": """", ""DeepBass"": """", ""Foldable"": """", ""playtime"": """", ""ComfortFit"": """", ""Batterylife"": """", ""NoiseCancellation"": """"}"
1113,48,Sarah Davis,4,Great tablet overall! The build quality feels solid and the design is eye-catching. My only issue is the battery life; it could last a bit longer during heavy usage. However for educational purposes and casual games its perfect and my kids love it. Setup was easy and the user interface is very intuitive.,2023-10-01,"{""Mic"": ""Not mentioned."", ""EQmodes"": ""Not applicable for a tablet."", ""DeepBass"": ""Not applicable for a tablet."", ""Foldable"": ""Not applicable for a tablet."", ""playtime"": ""Not directly mentioned, but implied to be suitable for educational purposes and casual games."", ""ComfortFit"": ""Not applicable for a tablet."", ""Batterylife"": ""The battery life could last a bit longer during heavy usage."", ""NoiseCancellation"": ""Not mentioned.""}"
1114,48,David Wilson,4,I purchased this tablet for my daughter and she absolutely loves it! The screen quality is impressive and she can easily navigate through the apps. One minor downside is that the charging cable isnt very long which makes it a bit inconvenient when shes using it on the couch. Otherwise its a fantastic device for learning.,2023-10-01,"{""Mic"": """", ""EQmodes"": """", ""DeepBass"": """", ""Foldable"": """", ""playtime"": """", ""ComfortFit"": """", ""Batterylife"": """", ""NoiseCancellation"": """"}"
1115,48,Laura Martínez,3,This tablet has some great features for kids but there are a few minor quirks. While the design is attractive and the parental controls are beneficial I found the initial setup process to be somewhat complicated. Performance is decent but it sometimes lags when multiple apps are open. Its good but not the best in its price range.,2023-10-01,"{""Mic"": """", ""EQmodes"": """", ""DeepBass"": """", ""Foldable"": """", ""playtime"": """", ""ComfortFit"": """", ""Batterylife"": """", ""NoiseCancellation"": """"}"
1116,48,James Taylor,3,I bought this for my sons birthday and while he enjoys it Im not entirely convinced its worth the price. The display quality is good and the integrated apps are fun but the battery life isnt up to par with what I expected. It lasts a few hours at best with extensive use which can be frustrating.,2023-10-01,"{""Mic"": """", ""EQmodes"": """", ""DeepBass"": """", ""Foldable"": """", ""playtime"": """", ""ComfortFit"": """", ""Batterylife"": ""It lasts a few hours at best with extensive use."", ""NoiseCancellation"": """"}"
1117,48,Linda Chen,2,Slightly disappointed with this purchase. While the design is cute the performance is lacking and it freezes up occasionally. The parental controls are a nice touch but I wish the quality matched my expectations. Its just okay for casual use but Id recommend looking at other options if youre after something more robust.,2023-10-01,"{""Mic"": """", ""EQmodes"": """", ""DeepBass"": """", ""Foldable"": """", ""playtime"": """", ""ComfortFit"": """", ""Batterylife"": """", ""NoiseCancellation"": """"}"
1118,48,Chris Brown,2,I had high hopes for this tablet but it has been underwhelming. The software is clunky and not as user-friendly as Id hoped. Although the educational content is a plus the device is slow when switching between applications. I wouldnt buy this again as I believe there are better choices available for kids.,2023-10-01,"{""Mic"": """", ""EQmodes"": """", ""DeepBass"": """", ""Foldable"": """", ""playtime"": """", ""ComfortFit"": """", ""Batterylife"": """", ""NoiseCancellation"": """"}"
1119,48,Jessica Wilson,1,This tablet was a bust for us. It stopped working within a few weeks of use and I was very disappointed with the customer service. They were not helpful at all in resolving the issue. The kids loved it initially but the fact that it broke so soon was a huge letdown. Id steer clear of this product.,2023-10-01,"{""Mic"": """", ""EQmodes"": """", ""DeepBass"": """", ""Foldable"": """", ""playtime"": """", ""ComfortFit"": """", ""Batterylife"": """", ""NoiseCancellation"": """"}"
1120,48,Ryan Smith,5,Fantastic product! The display is fantastic and my kids love the interactive apps that came pre-installed. The portable size is perfect for them to take on family road trips. Its great for balancing fun and learning and Ive recommended it to all my friends with children!,2023-10-01,"{""Mic"": """", ""EQmodes"": """", ""DeepBass"": """", ""Foldable"": """", ""playtime"": """", ""ComfortFit"": """", ""Batterylife"": """", ""NoiseCancellation"": """"}"
1121,48,Ava Garcia,5,What a wonderful purchase! The quality is amazing and it has exceeded my expectations! I was particularly impressed with the parental controls that allow me to set educational targets for my son. He enjoys the tablet and I love knowing hes using it responsibly. Definitely worth the investment!,2023-10-01,"{""Mic"": """", ""EQmodes"": """", ""DeepBass"": """", ""Foldable"": """", ""playtime"": """", ""ComfortFit"": """", ""Batterylife"": """", ""NoiseCancellation"": """"}"
1122,48,Oliver Anderson,4,Im generally pleased with this tablet. The build quality is solid and the screen is bright and clear. My only issue is that the instruction manual for setup could have been a bit clearer. Once we figured it out everything worked beautifully. Its an excellent choice for kids.,2023-10-01,"{""Mic"": """", ""EQmodes"": """", ""DeepBass"": """", ""Foldable"": """", ""playtime"": """", ""ComfortFit"": """", ""Batterylife"": """", ""NoiseCancellation"": """"}"
1123,48,Mia Roberts,3,The tablet serves its purpose but I expected a bit more for the price. The apps are fun but Ive noticed it can get slow during intense tasks. The portability is a plus but I do wish the battery lasted longer. Not bad but could use some improvements.,2023-10-01,"{""Mic"": ""N/A"", ""EQmodes"": ""N/A"", ""DeepBass"": ""N/A"", ""Foldable"": ""N/A"", ""playtime"": ""N/A"", ""ComfortFit"": ""N/A"", ""Batterylife"": ""I do wish the battery lasted longer"", ""NoiseCancellation"": ""N/A""}"
1124,48,Samuel Clark,3,Its an okay tablet for kids. My child enjoys it but Ive encountered a few bugs in the software that can be quite frustrating. The display is nice but the tablet could definitely use a more powerful processor for a smoother experience. Good for casual use but not the best for gaming.,2023-10-01,"{""Mic"": """", ""EQmodes"": """", ""DeepBass"": """", ""Foldable"": """", ""playtime"": """", ""ComfortFit"": """", ""Batterylife"": """", ""NoiseCancellation"": """"}"
1125,48,Sophia Harris,2,After a few weeks I noticed the tablet had a few performance issues. The main complaint is its slow response time and frequent freezing. The design is great but functionality must come first. I wouldnt say its the best investment. Look elsewhere if smooth performance is a priority.,2023-10-01,"{""Mic"": """", ""EQmodes"": """", ""DeepBass"": """", ""Foldable"": """", ""playtime"": """", ""ComfortFit"": """", ""Batterylife"": """", ""NoiseCancellation"": """"}"
1126,48,Daniel Thompson,1,Very disappointing product! It stopped responding after just a month of use and I felt like I wasted my money. The customer support was non-existent and I wasnt able to get a replacement. I wouldnt recommend this to anyone looking for a reliable tablet for their kids.,2023-10-01,"{""Mic"": """", ""EQmodes"": """", ""DeepBass"": """", ""Foldable"": """", ""playtime"": """", ""ComfortFit"": """", ""Batterylife"": """", ""NoiseCancellation"": """"}"
1127,48,Isabella Lewis,5,Incredible tablet! The storage capacity is ample and the performance is fantastic for handling games and apps. My child loves the educational content and the parental controls are easily accessible and helpful. Its been a wonderful addition to our family and I highly recommend it!,2023-10-01,"{""Mic"": """", ""EQmodes"": """", ""DeepBass"": """", ""Foldable"": """", ""playtime"": """", ""ComfortFit"": """", ""Batterylife"": """", ""NoiseCancellation"": """"}"
1129,48,Grace Lee,4,Im happy with my purchase but there are minor improvements needed. The display is clear and bright which is a significant plus. However the battery life could be extended especially when my kids are watching videos for long periods. Overall though its a solid option for educational use.,2023-10-01,"{""Mic"": ""Not mentioned."", ""EQmodes"": ""Not mentioned."", ""DeepBass"": ""Not mentioned."", ""Foldable"": ""Not mentioned."", ""playtime"": ""Not explicitly mentioned, but implied to be limited during long video watching sessions."", ""ComfortFit"": ""Not mentioned."", ""Batterylife"": ""The battery life could be extended, especially when watching videos for long periods."", ""NoiseCancellation"": ""Not mentioned.""}"
1130,48,Jacob White,4,Good device! The build quality seems robust and my kids enjoy all the available interactive content. The only downside I experienced was the setup; it was a bit convoluted. Once it was ready they fell in love with it. Still a great buy for educational purposes.,2023-10-01,"{""Mic"": """", ""EQmodes"": """", ""DeepBass"": """", ""Foldable"": """", ""playtime"": """", ""ComfortFit"": """", ""Batterylife"": """", ""NoiseCancellation"": """"}"
1131,48,Charlotte Green,3,The tablet has mixed reviews from me. While the screen is colorful and easy to use I have noticed some occasional lag while switching between apps. My kids use it often so its been functional to a degree but I wish the performance was more consistent.,2023-10-01,"{""Mic"": """", ""EQmodes"": """", ""DeepBass"": """", ""Foldable"": """", ""playtime"": """", ""ComfortFit"": """", ""Batterylife"": """", ""NoiseCancellation"": """"}"
1132,48,Liam Hall,3,Not bad for a childrens tablet. It serves its purpose for basic games and educational apps but Ive had some issues with the compatibility of certain apps. The interface is pleasing but it could be more performant. A decent option if youre on a budget.,2023-10-01,"{""Mic"": """", ""EQmodes"": """", ""DeepBass"": """", ""Foldable"": """", ""playtime"": """", ""ComfortFit"": """", ""Batterylife"": """", ""NoiseCancellation"": """"}"
1133,48,Zoe Young,2,I wanted to love this tablet but its been more trouble than its worth. It has decent design but the performance is pretty poor. It crashes at times and I often find myself restarting it. I wouldnt buy it again and would suggest looking for something more reliable.,2023-10-01,"{""Mic"": """", ""EQmodes"": """", ""DeepBass"": """", ""Foldable"": """", ""playtime"": """", ""ComfortFit"": """", ""Batterylife"": """", ""NoiseCancellation"": """"}"
1134,48,Aaron Scott,1,I regret buying this tablet. It started malfunctioning after just a few uses. The customer service was frustratingly slow in responding to my issues. The kids loved it while it lasted but it hasnt been a good experience overall. Save your money for something more reliable.,2023-10-01,"{""Mic"": """", ""EQmodes"": """", ""DeepBass"": """", ""Foldable"": """", ""playtime"": """", ""ComfortFit"": """", ""Batterylife"": """", ""NoiseCancellation"": """"}"
1135,48,Madison Hill,5,This tablet is a fantastic tool for my children! The controls are easy to manage and I love the educational focus. The vibrant display holds their attention during learning activities and the build quality is impressive. I feel reassured knowing theyre using it in a safe environment.,2023-10-01,"{""Mic"": """", ""EQmodes"": """", ""DeepBass"": """", ""Foldable"": """", ""playtime"": """", ""ComfortFit"": """", ""Batterylife"": """", ""NoiseCancellation"": """"}"
1136,48,Ethan Adams,5,I cant recommend this tablet enough! The robust design is perfect for kids and the performance has been excellent. My son loves playing games on it and I appreciate the built-in educational content. Its a win-win in our household and I think other parents will feel the same.,2023-10-01,"{""Mic"": """", ""EQmodes"": """", ""DeepBass"": """", ""Foldable"": """", ""playtime"": """", ""ComfortFit"": """", ""Batterylife"": """", ""NoiseCancellation"": """"}"
1137,49,Emma Johnson,5,This tablet is simply fantastic for kids! The build quality is sturdy and I appreciate the parental control features that allow me to monitor my childrens usage. The performance is top-notch with smooth operation and no lag during apps usage. The display is bright and clear making it great for educational content. I highly recommend it for any parent looking for a secure fun learning tool for their children!,2023-10-01,"{""Mic"": """", ""EQmodes"": """", ""DeepBass"": """", ""Foldable"": """", ""playtime"": """", ""ComfortFit"": """", ""Batterylife"": """", ""NoiseCancellation"": """"}"
1138,49,David Patel,5,I couldnt be happier with this tablet! The graphics are vivid and the touch screen responds beautifully. Its incredibly user-friendly which is a huge plus for my young kids. The battery life is impressive lasting through several hours of playtime. Plus the expandable storage is a lifesaver for storing all their favorite games and videos. A total win for our family!,2023-10-01,"{""Mic"": ""N/A"", ""EQmodes"": ""N/A"", ""DeepBass"": ""N/A"", ""Foldable"": ""N/A"", ""playtime"": ""several hours"", ""ComfortFit"": ""N/A"", ""Batterylife"": ""lasting through several hours of playtime"", ""NoiseCancellation"": ""N/A""}"
1139,49,Linda Smith,5,This tablet has exceeded my expectations! The design is perfect for little hands and the shockproof shell gives me peace of mind. My kids love using it and I love that I can control their screen time. The reading mode is an amazing feature reducing blue light exposure during their learning sessions. I would definitely recommend it to other parents!,2023-10-01,"{""Mic"": """", ""EQmodes"": """", ""DeepBass"": """", ""Foldable"": """", ""playtime"": """", ""ComfortFit"": """", ""Batterylife"": """", ""NoiseCancellation"": """"}"
1140,49,Michael Brown,4,Great tablet overall with only a few minor issues. The parental controls are a fantastic feature giving me confidence to let my kids use it independently. However the setup could be a bit more intuitive. The performance is solid and it handles games and educational apps well. The blue light filter is a great touch for evening use. Overall I am pleased with this purchase.,2023-10-01,"{""Mic"": """", ""EQmodes"": """", ""DeepBass"": """", ""Foldable"": """", ""playtime"": """", ""ComfortFit"": """", ""Batterylife"": """", ""NoiseCancellation"": """"}"
1141,49,Sophia Anderson,4,Im pretty happy with this tablet. The battery life is excellent and lasts several days with normal use. I love the aesthetics; it looks nice and is lightweight for travel. However the initial setup was a little confusing and I wish the documentation was clearer. Despite that my kids enjoy it and Ive seen a big improvement in their learning sessions.,2023-10-01,"{""Mic"": ""N/A"", ""EQmodes"": ""N/A"", ""DeepBass"": ""N/A"", ""Foldable"": ""N/A"", ""playtime"": ""several days"", ""ComfortFit"": ""lightweight for travel"", ""Batterylife"": ""excellent and lasts several days with normal use"", ""NoiseCancellation"": ""N/A""}"
1156,49,Emma Martin,1,This tablet has been a nightmare! After just a few uses it started malfunctioning with constant crashes. I was excited about the parental controls but they dont work as advertised. Customer service was unresponsive when I reached out for help. I really regret buying this and I would strongly advise against it based on my experience.,2023-10-01,"{""Mic"": """", ""EQmodes"": """", ""DeepBass"": """", ""Foldable"": """", ""playtime"": """", ""ComfortFit"": """", ""Batterylife"": """", ""NoiseCancellation"": """"}"
1142,49,James Wilson,3,The tablet is average at best. My kids enjoy using it but there are some glitches in the software and it can lag sometimes when multiple apps are open. The parental controls are useful but given the price I was expecting a bit more performance-wise. Design is nice and very child-friendly so its not a total waste. If they fix the bugs it would be much better.,2023-10-01,"{""Mic"": """", ""EQmodes"": """", ""DeepBass"": """", ""Foldable"": """", ""playtime"": """", ""ComfortFit"": """", ""Batterylife"": """", ""NoiseCancellation"": """"}"
1143,49,Oliver Davis,3,Its a decent tablet does okay for watching videos and playing basic games. However I noticed the battery drains faster than I anticipated with continuous use. The parental control features are a plus but installing apps can be cumbersome. Its functional but I think there are alternatives out there that offer more value for the price.,2023-10-01,"{""Mic"": ""Not applicable."", ""EQmodes"": ""Not applicable."", ""DeepBass"": ""Not applicable."", ""Foldable"": ""Not applicable."", ""playtime"": ""Not applicable."", ""ComfortFit"": ""Not applicable."", ""Batterylife"": ""The battery drains faster than anticipated with continuous use."", ""NoiseCancellation"": ""Not applicable.""}"
1144,49,Charlotte Martinez,2,Not quite what I hoped for. The touchscreen sensitivity could be better as my kids often struggle with making it respond. Some apps crash frequently which is frustrating for both them and me. The design is appealing for kids and it has a sturdy build but reliability is a major issue. I expected more from the specs.,2023-10-01,"{""Mic"": """", ""EQmodes"": """", ""DeepBass"": """", ""Foldable"": """", ""playtime"": """", ""ComfortFit"": """", ""Batterylife"": """", ""NoiseCancellation"": """"}"
1145,49,Amelia Thomas,2,I was initially excited about this tablet but it has let me down. The battery life is disappointing often needing a charge after just a couple of hours of use. The sound quality is also lacking making it hard for my kids to enjoy videos fully. While the parental controls are helpful the overall performance isnt satisfactory. I wouldnt purchase it again.,2023-10-01,"{""Mic"": ""N/A"", ""EQmodes"": ""N/A"", ""DeepBass"": ""N/A"", ""Foldable"": ""N/A"", ""playtime"": ""a couple of hours"", ""ComfortFit"": ""N/A"", ""Batterylife"": ""disappointing, often needing a charge after just a couple of hours of use"", ""NoiseCancellation"": ""N/A""}"
1146,49,Benjamin Clark,1,Extremely disappointing experience! The tablet stopped functioning after only a week of light use and the customer support was unhelpful. I had high hopes for its learning features but ended up frustrated. This is not worth the money at all. Avoid if you want something reliable for your children.,2023-10-01,"{""Mic"": """", ""EQmodes"": """", ""DeepBass"": """", ""Foldable"": """", ""playtime"": """", ""ComfortFit"": """", ""Batterylife"": """", ""NoiseCancellation"": """"}"
1147,49,Grace Lewis,1,Terrible quality! The screen broke after just one drop and the warranty was practically useless. The operating system is slow and crashes often. My experience has been nothing short of a nightmare and I cant recommend this product to anyone. Save your money and look for something more durable.,2023-10-01,"{""Mic"": """", ""EQmodes"": """", ""DeepBass"": """", ""Foldable"": """", ""playtime"": """", ""ComfortFit"": """", ""Batterylife"": """", ""NoiseCancellation"": """"}"
1148,49,Henry Hall,5,Simply amazing! This tablet has transformed my childs learning experience. The wide viewing angle and vibrant colors make everything look stunning and the parental controls have allowed me to feel more secure about their online time. Its very lightweight making it easy for my toddler to carry around. I highly recommend this for anyone looking for an educational tablet!,2023-10-01,"{""Mic"": """", ""EQmodes"": """", ""DeepBass"": """", ""Foldable"": """", ""playtime"": """", ""ComfortFit"": """", ""Batterylife"": """", ""NoiseCancellation"": """"}"
1149,49,Ava Allen,5,I love this tablet! The performance is stellar; it loads apps and games quickly without any lag. The screen is very bright and the resolution is brilliant too. The robust protective casing gives me peace of mind. My daughter loves the interactive learning apps and I appreciate the long battery life. Definitely the best purchase I made this year!,2023-10-01,"{""Mic"": ""N/A"", ""EQmodes"": ""N/A"", ""DeepBass"": ""N/A"", ""Foldable"": ""N/A"", ""playtime"": ""N/A"", ""ComfortFit"": ""N/A"", ""Batterylife"": ""long"", ""NoiseCancellation"": ""N/A""}"
1150,49,Mia Walker,4,Overall a very good product! Its lightweight and portable perfect for my kids. I appreciate the parental controls which let me set limits on their screen time. However the only issue is the app store could have a wider selection of educational apps. Regardless its a great investment for children who love to learn!,2023-10-01,"{""Mic"": """", ""EQmodes"": """", ""DeepBass"": """", ""Foldable"": """", ""playtime"": """", ""ComfortFit"": """", ""Batterylife"": """", ""NoiseCancellation"": """"}"
1151,49,Elijah Young,4,This tablet performs well and has great battery life but sometimes it can be a bit slow when opening new apps. The kids enjoy the interactive games and I feel comfortable knowing theyre using a safe device. The design is appealing but some minor tweaks on performance would make it even better. Still a solid choice!,2023-10-01,"{""Mic"": ""N/A"", ""EQmodes"": ""N/A"", ""DeepBass"": ""N/A"", ""Foldable"": ""N/A"", ""playtime"": ""N/A"", ""ComfortFit"": ""comfortable"", ""Batterylife"": ""great"", ""NoiseCancellation"": ""N/A""}"
1152,49,Isabella Hernandez,3,Its a decent tablet but I encountered some issues. The setup took longer than expected and I wasnt very impressed with the speed while multitasking. The parental controls work well but there have been occasional app crashes that disrupt my childrens activities. Its not terrible but I think Id look for different options next time.,2023-10-01,"{""Mic"": """", ""EQmodes"": """", ""DeepBass"": """", ""Foldable"": """", ""playtime"": """", ""ComfortFit"": """", ""Batterylife"": """", ""NoiseCancellation"": """"}"
1153,49,Lucas King,3,The Nexvo tablet is good for basic use but it misses the mark on performance sometimes. The screen is clear and pretty responsive but battery life can be inconsistent. The parental features are great but Ive encountered a few hiccups that ruin the user experience. Its a fair product but I expected more after reading the specs.,2023-10-01,"{""Mic"": ""N/A"", ""EQmodes"": ""N/A"", ""DeepBass"": ""N/A"", ""Foldable"": ""N/A"", ""playtime"": ""N/A"", ""ComfortFit"": ""N/A"", ""Batterylife"": ""inconsistent"", ""NoiseCancellation"": ""N/A""}"
1154,49,Sofia Wright,2,Disappointed with my purchase. The tablet has a nice design but the software is buggy often freezing during use. The battery life is underwhelming too; it depletes quickly when streaming. While my child enjoys using it I cant overlook the annoying glitches. I would suggest looking for more reliable alternatives.,2023-10-01,"{""Mic"": ""N/A"", ""EQmodes"": ""N/A"", ""DeepBass"": ""N/A"", ""Foldable"": ""N/A"", ""playtime"": ""N/A"", ""ComfortFit"": ""N/A"", ""Batterylife"": ""underwhelming; depletes quickly when streaming"", ""NoiseCancellation"": ""N/A""}"
1155,49,Liam Scott,2,The build quality is fair but reliability isnt great. My kids love using it for educational content but it frequently crashes and has connectivity issues. I had high expectations based on the specs but my experience has been mixed. While it does have some good features I cant recommend it as it stands.,2023-10-01,"{""Mic"": """", ""EQmodes"": """", ""DeepBass"": """", ""Foldable"": """", ""playtime"": """", ""ComfortFit"": """", ""Batterylife"": """", ""NoiseCancellation"": """"}"
1158,49,Avery Turner,5,An incredible tablet for kids! The build quality gives me confidence that it will last through the rough play of my young ones. My kids enjoy the wide array of educational games available. The parental controls are easy to use allowing me to manage screen time effectively. Such a wonderful investment—Id recommend it without hesitation!,2023-10-01,"{""Mic"": """", ""EQmodes"": """", ""DeepBass"": """", ""Foldable"": """", ""playtime"": """", ""ComfortFit"": """", ""Batterylife"": """", ""NoiseCancellation"": """"}"
1159,49,Charlotte Robinson,5,Absolutely love this tablet! The colors and resolution are vibrant and catching. Id say its perfect for both educational purposes and playtime. The performance is seamless and the parental controls are easy for me to set up. My kids stay entertained and learn at the same time—perfect for busy parents!,2023-10-01,"{""Mic"": """", ""EQmodes"": """", ""DeepBass"": """", ""Foldable"": """", ""playtime"": ""The tablet is described as perfect for playtime."", ""ComfortFit"": """", ""Batterylife"": """", ""NoiseCancellation"": """"}"
1160,50,Emily Carter,5,I am absolutely thrilled with my Audionyx tablet! The performance is incredible with 20GB of RAM making multitasking a breeze. I can smoothly switch between games and streaming without any lag. The 800x1280 IPS display is vibrant and perfect for movie nights; it truly enhances the viewing experience. Plus the inclusion of a Bluetooth keyboard is a game-changer for my home office setup. Highly recommend!,2023-10-01,"{""Mic"": """", ""EQmodes"": """", ""DeepBass"": """", ""Foldable"": """", ""playtime"": """", ""ComfortFit"": """", ""Batterylife"": """", ""NoiseCancellation"": """"}"
1161,50,David Nguyen,5,This tablet is a fantastic buy especially for its price! The Android 14 operating system runs smoothly and has improved my overall user experience. I had no issues setting it up and the battery life lasts me all day during work and play. The split-screen feature is perfect for multitasking allowing me to take notes while watching tutorials. I would encourage anyone looking for an affordable yet powerful tablet to go for it!,2023-10-01,"{""Mic"": ""N/A"", ""EQmodes"": ""N/A"", ""DeepBass"": ""N/A"", ""Foldable"": ""N/A"", ""playtime"": ""all day"", ""ComfortFit"": ""N/A"", ""Batterylife"": ""all day"", ""NoiseCancellation"": ""N/A""}"
1162,50,Sarah Johnson,5,The Audionyx tablet has exceeded my expectations! I was drawn to its sleek design and the 10.1-inch screen size is perfect for both reading and streaming videos. I love that it supports Widevine L1 for HD streaming; I can now enjoy my favorite shows in great quality. Its lightweight build makes it easy to carry around and the 6000mAh battery lasts for hours. This is a smart purchase for students or casual users!,2023-10-01,"{""Mic"": ""Not mentioned"", ""EQmodes"": ""Not mentioned"", ""DeepBass"": ""Not mentioned"", ""Foldable"": ""Not mentioned"", ""playtime"": ""Not mentioned"", ""ComfortFit"": ""lightweight build makes it easy to carry around"", ""Batterylife"": ""6000mAh battery lasts for hours"", ""NoiseCancellation"": ""Not mentioned""}"
1163,50,Martin Grey,4,I have had a good experience with this tablet overall. The design is both attractive and functional though I wished it had a slightly more robust build quality. The performance is top-notch with fast loading times but at times I have noticed it gets a little warm during prolonged use. Nevertheless its still a strong contender in the tablet market offering great features for the price.,2023-10-01,"{""Mic"": """", ""EQmodes"": """", ""DeepBass"": """", ""Foldable"": """", ""playtime"": """", ""ComfortFit"": """", ""Batterylife"": """", ""NoiseCancellation"": """"}"
1164,50,Isabella Martinez,4,This tablet has been a solid choice for my kids. The parental controls through Google Kids Space give me peace of mind while they explore apps. The performance is quite good and the visuals are stunning but the battery life could be improved; I find I need to charge it more often than expected. Overall a great product for family use with a few minor flaws.,2023-10-01,"{""Mic"": ""Not applicable to the document."", ""EQmodes"": ""Not applicable to the document."", ""DeepBass"": ""Not applicable to the document."", ""Foldable"": ""Not applicable to the document."", ""playtime"": ""Not explicitly mentioned, but implied to be less than expected due to frequent charging."", ""ComfortFit"": ""Not applicable to the document."", ""Batterylife"": ""The battery life could be improved; it requires charging more often than expected."", ""NoiseCancellation"": ""Not applicable to the document.""}"
1165,50,Charles Rodriguez,3,I think the Audionyx tablet is decent but it hasnt blown me away. The performance is fine for casual tasks but Ive experienced some slowdowns while gaming. The screen quality is excellent which I appreciate but the lack of a high-end feel is noticeable. Its a good option for basic use but there are competitor products that outperform it in speed and durability.,2023-10-01,"{""Mic"": """", ""EQmodes"": """", ""DeepBass"": """", ""Foldable"": """", ""playtime"": """", ""ComfortFit"": """", ""Batterylife"": """", ""NoiseCancellation"": """"}"
1166,50,Olivia Wilson,3,The tablet does what it promises but doesnt quite shine. While the software runs smoothly I encountered a few bugs that required restarts. The build quality feels average—nothing too premium and I worry about its long-term reliability. Its user-friendly and the price is fair but I had hoped for a little more in terms of performance and stability. Good as a backup device though.,2023-10-01,"{""Mic"": """", ""EQmodes"": """", ""DeepBass"": """", ""Foldable"": """", ""playtime"": """", ""ComfortFit"": """", ""Batterylife"": """", ""NoiseCancellation"": """"}"
1167,50,James Harris,2,Not impressed with this tablet. Although the specs sound great the performance is not what I expected. The streaming quality is shaky at times and the battery drains faster than Id like. Additionally the user interface could use some polish; navigating through settings felt sluggish. I wish I had invested in a better option. Its a budget device that shows in its execution.,2023-10-01,"{""Mic"": ""Not applicable to the document."", ""EQmodes"": ""Not applicable to the document."", ""DeepBass"": ""Not applicable to the document."", ""Foldable"": ""Not applicable to the document."", ""playtime"": ""The battery drains faster than the user would like."", ""ComfortFit"": ""Not applicable to the document."", ""Batterylife"": ""The battery drains faster than the user would like."", ""NoiseCancellation"": ""Not applicable to the document.""}"
1168,50,Sophia Lee,2,I was quite disappointed with this purchase. The tablets battery only lasts about five hours which is frustrating for long trips. I also ran into compatibility issues with some apps which was unexpected for a newer device. While the display quality is nice and it feels pretty intuitive to use I cant recommend it when better alternatives are available for a similar price.,2023-10-01,"{""Mic"": ""N/A"", ""EQmodes"": ""N/A"", ""DeepBass"": ""N/A"", ""Foldable"": ""N/A"", ""playtime"": ""N/A"", ""ComfortFit"": ""N/A"", ""Batterylife"": ""about five hours"", ""NoiseCancellation"": ""N/A""}"
1169,50,Liam Brown,1,Very disappointing! The tablet froze after just a few days of light use. Customer support was unhelpful and took weeks to respond to my inquiry. Its frustrating to deal with a product that should be reliable but isnt. I regret my decision to buy it as I expected it to be a high-quality device based on its specs.,2023-10-01,"{""Mic"": """", ""EQmodes"": """", ""DeepBass"": """", ""Foldable"": """", ""playtime"": """", ""ComfortFit"": """", ""Batterylife"": """", ""NoiseCancellation"": """"}"
1170,50,Emma White,1,I had a horrible experience with the Audionyx tablet. It stopped charging after just a month and the overall performance was subpar. The build quality is shoddy and I felt like I wasted my money. Trying to get assistance from customer support felt impossible; I received no response to multiple emails. I would definitely advise against this product!,2023-10-01,"{""Mic"": """", ""EQmodes"": """", ""DeepBass"": """", ""Foldable"": """", ""playtime"": """", ""ComfortFit"": """", ""Batterylife"": """", ""NoiseCancellation"": """"}"
1171,50,Noah Miller,5,I cant say enough good things about this tablet! Having used various brands this one stands out for its brilliant performance. The speed is impressive and the high RAM allows countless apps to run smoothly. The battery lasts all day even with heavy use and the design is sleek and lightweight. Perfect for anyone looking for reliability and performance!,2023-10-01,"{""Mic"": ""Not mentioned."", ""EQmodes"": ""Not mentioned."", ""DeepBass"": ""Not mentioned."", ""Foldable"": ""Not mentioned."", ""playtime"": ""The battery lasts all day, even with heavy use."", ""ComfortFit"": ""The design is sleek and lightweight."", ""Batterylife"": ""The battery lasts all day, even with heavy use."", ""NoiseCancellation"": ""Not mentioned.""}"
1172,50,Ava Thomas,4,Im really pleased with my Audionyx tablet. The streaming experience on platforms like Netflix is flawless and the color reproduction is excellent. However the physical keyboard could be better—the keys feel a bit cramped for prolonged typing. Despite that it serves my needs very well as a portable device for both work and entertainment.,2023-10-01,"{""Mic"": """", ""EQmodes"": """", ""DeepBass"": """", ""Foldable"": """", ""playtime"": """", ""ComfortFit"": """", ""Batterylife"": """", ""NoiseCancellation"": """"}"
1173,50,Lucas Taylor,3,Its an okay tablet but it could definitely be improved. I like the display and audio quality but I noticed lag when opening multiple apps which can be frustrating. The battery life was decent but it doesnt last as long as I expected based on the specs. Overall its suitable for casual use but for productivity Id recommend looking at more powerful options.,2023-10-01,"{""Mic"": ""N/A"", ""EQmodes"": ""N/A"", ""DeepBass"": ""N/A"", ""Foldable"": ""N/A"", ""playtime"": ""N/A"", ""ComfortFit"": ""N/A"", ""Batterylife"": ""decent"", ""NoiseCancellation"": ""N/A""}"
1174,50,Mia Anderson,3,I bought this tablet for browsing and light work. It does the job but honestly I expected more based on the impressive specs. The build quality feels a bit cheap and Ive noticed some connectivity issues with WiFi. While it functions well enough there are other tablets out there that provide a more premium experience for the money.,2023-10-01,"{""Mic"": """", ""EQmodes"": """", ""DeepBass"": """", ""Foldable"": """", ""playtime"": """", ""ComfortFit"": """", ""Batterylife"": """", ""NoiseCancellation"": """"}"
1175,50,Jacob Scott,2,Not what I had hoped for. The features sounded great but my experience has been riddled with glitches and a slow interface. The battery drains quickly and the device often gets warm during use. I appreciate the high-res display but there are limits to what a screen can mask. I wouldnt recommend investing in this tablet until some of the kinks are worked out.,2023-10-01,"{""Mic"": ""Not applicable."", ""EQmodes"": ""Not applicable."", ""DeepBass"": ""Not applicable."", ""Foldable"": ""Not applicable."", ""playtime"": ""Not applicable."", ""ComfortFit"": ""Not applicable."", ""Batterylife"": ""The battery drains quickly."", ""NoiseCancellation"": ""Not applicable.""}"
1176,50,Lily Adams,2,I wish I could say I love this tablet but it has fallen short. Sure the design is attractive but the performance just doesnt match the hype. Apps crash unexpectedly and Ive had trouble streaming content without interruptions. The customer support experience wasnt helpful either which adds to my frustration. Its usable but not reliable.,2023-10-01,"{""Mic"": """", ""EQmodes"": """", ""DeepBass"": """", ""Foldable"": """", ""playtime"": """", ""ComfortFit"": """", ""Batterylife"": """", ""NoiseCancellation"": """"}"
1177,50,Henry King,1,Honestly Im very dissatisfied with this tablet. It was a huge letdown in terms of performance and battery life. I experienced constant glitches and freezing which made it practically unusable. Additionally my attempts to reach customer support were met with silence. I wish I had gone with a more reputable brand instead of trying this. I wouldnt recommend it to anyone.,2023-10-01,"{""Mic"": ""N/A"", ""EQmodes"": ""N/A"", ""DeepBass"": ""N/A"", ""Foldable"": ""N/A"", ""playtime"": ""N/A"", ""ComfortFit"": ""N/A"", ""Batterylife"": ""dissatisfactory"", ""NoiseCancellation"": ""N/A""}"
1178,50,Ella Lee,5,I love my Audionyx tablet! Its incredibly user-friendly and the multitasking feature has saved me so much time. The battery life is phenomenal and I can comfortably get through a full day of use—between reading streaming and working. The design is sleek and stylish and the high-resolution screen is perfect for everything from movies to e-books. Id enthusiastically recommend it!,2023-10-01,"{""Mic"": ""Not applicable."", ""EQmodes"": ""Not applicable."", ""DeepBass"": ""Not applicable."", ""Foldable"": ""Not applicable."", ""playtime"": ""Full day of use."", ""ComfortFit"": ""Not applicable."", ""Batterylife"": ""Phenomenal, lasts a full day of use."", ""NoiseCancellation"": ""Not applicable.""}"
1179,50,Avery Moore,4,Overall a great tablet with fantastic performance. The interface is responsive and I loved how easy it was to connect to my other devices. The only drawback was the lack of detailed instructions for some of the features; I had to rely on trial and error a bit. But once I got the hang of it I was really satisfied with my purchase!,2023-10-01,"{""Mic"": """", ""EQmodes"": """", ""DeepBass"": """", ""Foldable"": """", ""playtime"": """", ""ComfortFit"": """", ""Batterylife"": """", ""NoiseCancellation"": """"}"
1180,50,Sophia Hall,3,The Audionyx tablet is good for basic tasks but it lacks in high-performance activities. Browsing and watching videos works fine but gaming can be problematic. I find the camera to be subpar for video calls which is disappointing. However for casual use its still a decent option and fits my needs reasonably well.,2023-10-01,"{""Mic"": """", ""EQmodes"": """", ""DeepBass"": """", ""Foldable"": """", ""playtime"": """", ""ComfortFit"": """", ""Batterylife"": """", ""NoiseCancellation"": """"}"
1181,50,Logan Young,5,This tablet has truly been a fantastic addition to my tech collection. The vibrant IPS display enhances all my streaming activities and the specs definitely cater to power users like myself. The multitasking functionality through the split-screen option allows me to work while keeping an eye on social media. I couldnt be happier and would highly recommend it to others!,2023-10-01,"{""Mic"": """", ""EQmodes"": """", ""DeepBass"": """", ""Foldable"": """", ""playtime"": """", ""ComfortFit"": """", ""Batterylife"": """", ""NoiseCancellation"": """"}"
1182,50,Scarlett Baker,4,Im mostly pleased with my Audionyx tablet. The speed is impressive and I appreciate the ample storage capacity that gives me plenty of options for apps and files. I did face some minor hiccups during setup and the accompanying instructions could have been clearer. But overall this tablet is a great value and performs well for the price.,2023-10-01,"{""Mic"": """", ""EQmodes"": """", ""DeepBass"": """", ""Foldable"": """", ""playtime"": """", ""ComfortFit"": """", ""Batterylife"": """", ""NoiseCancellation"": """"}"
1183,50,Jayden Wright,3,I have mixed feelings about this tablet. The performance is good and I love the battery life but Ive noticed some connectivity issues with WiFi. It struggles when connecting to multiple devices or networks which makes it frustrating at times. While the display is nice it doesnt quite compensate for these drawbacks. Its adequate for light use but may not satisfy power users.,2023-10-01,"{""Mic"": """", ""EQmodes"": """", ""DeepBass"": """", ""Foldable"": """", ""playtime"": """", ""ComfortFit"": """", ""Batterylife"": ""I love the battery life"", ""NoiseCancellation"": """"}"
1184,51,Alice Johnson,5,This tablet is a game changer! The performance with the Octa-core Unisoc T606 processor is incredibly smooth and the battery life is impressive. Ive been using it for video streaming and the display quality is beyond what I expected. The colors are vibrant and the clarity is perfect for watching movies. The 22GB RAM manages multiple applications flawlessly. Highly recommend it for anyone who loves to multitask!,2023-10-01,"{""Mic"": ""N/A"", ""EQmodes"": ""N/A"", ""DeepBass"": ""N/A"", ""Foldable"": ""N/A"", ""playtime"": ""N/A"", ""ComfortFit"": ""N/A"", ""Batterylife"": ""impressive"", ""NoiseCancellation"": ""N/A""}"
1185,51,Brian Chen,4,Im mostly satisfied with this tablet. The build quality is solid and I love the sleek metal design. Setting it up was a breeze though I experienced slight lag when switching between heavy apps. The screen resolution is decent for the price making it ideal for reading and browsing. However I wish the battery lasted a little longer during continuous use.,2023-10-01,"{""Mic"": ""N/A"", ""EQmodes"": ""N/A"", ""DeepBass"": ""N/A"", ""Foldable"": ""N/A"", ""playtime"": ""N/A"", ""ComfortFit"": ""N/A"", ""Batterylife"": ""I wish the battery lasted a little longer during continuous use."", ""NoiseCancellation"": ""N/A""}"
1186,51,Sarah Parker,3,This tablet has its ups and downs. On one side its versatile with great storage options and runs Android 14 superbly. But the user interface could use some polishing; it occasionally feels clunky. The battery life is average—Ive had other tablets that last longer on a single charge. For basic tasks it does the job but it doesnt feel premium.,2023-10-01,"{""Mic"": ""N/A"", ""EQmodes"": ""N/A"", ""DeepBass"": ""N/A"", ""Foldable"": ""N/A"", ""playtime"": ""N/A"", ""ComfortFit"": ""N/A"", ""Batterylife"": ""average"", ""NoiseCancellation"": ""N/A""}"
1187,51,Michael Brown,2,I was disappointed with my purchase. The tablets performance is not as fast as advertised especially when using multiple apps. The build quality feels cheap although it looks nice. Additionally the customer support wasnt very responsive when I contacted them for help on a software issue. It might be okay for light use but I expected better overall.,2023-10-01,"{""Mic"": """", ""EQmodes"": """", ""DeepBass"": """", ""Foldable"": """", ""playtime"": """", ""ComfortFit"": """", ""Batterylife"": """", ""NoiseCancellation"": """"}"
1188,51,Emma Williams,1,I had a terrible experience with this tablet. It quit working after just three weeks and the customer service was not helpful at all. The battery life was also misleading; it drained quickly even with minimal usage. I was excited about the features but I ended up very frustrated. I definitely do not recommend this product.,2023-10-01,"{""Mic"": ""Not applicable to the document."", ""EQmodes"": ""Not applicable to the document."", ""DeepBass"": ""Not applicable to the document."", ""Foldable"": ""Not applicable to the document."", ""playtime"": ""The playtime was short due to quick battery drainage."", ""ComfortFit"": ""Not applicable to the document."", ""Batterylife"": ""The battery life was misleading and drained quickly even with minimal usage."", ""NoiseCancellation"": ""Not applicable to the document.""}"
1189,51,Oliver Davis,5,Im in love with this tablet! The 10.1-inch display is stunning and I use it for both work and entertainment. The split-screen feature is incredibly convenient making multitasking a breeze. The battery life lasts all day for my needs and the GPS functionality is a bonus. Definitely worth the investment!,2023-10-01,"{""Mic"": ""N/A"", ""EQmodes"": ""N/A"", ""DeepBass"": ""N/A"", ""Foldable"": ""N/A"", ""playtime"": ""all day"", ""ComfortFit"": ""N/A"", ""Batterylife"": ""all day"", ""NoiseCancellation"": ""N/A""}"
1190,51,Sophia Reed,4,Very good tablet with a few minor flaws. The performance is quick and the screen resolution is excellent for streaming videos. The only issue I faced was the setup instruction—it could have been clearer. Once I got everything running I was pleasantly surprised by the features available. Its a solid option for casual use.,2023-10-01,"{""Mic"": """", ""EQmodes"": """", ""DeepBass"": """", ""Foldable"": """", ""playtime"": """", ""ComfortFit"": """", ""Batterylife"": """", ""NoiseCancellation"": """"}"
1191,51,Liam Thomas,3,This product has some nice features like the expandable storage and great design but I encountered a few drawbacks. The tablet operates smoothly but I experienced occasional app crashes. The battery life is decent but not stellar. Good for basic tasks but if youre looking for something high-end you might want to consider other options.,2023-10-01,"{""Mic"": ""N/A"", ""EQmodes"": ""N/A"", ""DeepBass"": ""N/A"", ""Foldable"": ""N/A"", ""playtime"": ""N/A"", ""ComfortFit"": ""N/A"", ""Batterylife"": ""decent but not stellar"", ""NoiseCancellation"": ""N/A""}"
1192,51,Lucas White,2,I really wanted to like this tablet but its been a letdown. The performance is inconsistent especially when using multiple apps. The resolution could be better for the size of the screen. I also didnt find the customer support helpful when I had questions. Not completely useless but I wouldnt recommend it for serious use.,2023-10-01,"{""Mic"": """", ""EQmodes"": """", ""DeepBass"": """", ""Foldable"": """", ""playtime"": """", ""ComfortFit"": """", ""Batterylife"": """", ""NoiseCancellation"": """"}"
1193,51,Mia Clark,5,Absolutely thrilled with my purchase! The tablet has exceeded all my expectations with its speed and performance. Its perfect for streaming movies and the battery life is excellent. I also love the metal chassis; it feels durable and premium. I can confidently say this is the best tablet Ive owned!,2023-10-01,"{""Mic"": ""Not mentioned"", ""EQmodes"": ""Not mentioned"", ""DeepBass"": ""Not mentioned"", ""Foldable"": ""Not mentioned"", ""playtime"": ""Not mentioned"", ""ComfortFit"": ""Not mentioned"", ""Batterylife"": ""excellent"", ""NoiseCancellation"": ""Not mentioned""}"
1194,51,Ethan Martinez,4,Im pleased with this tablet. The build quality feels great and it handles tasks well. There are minor hiccups in performance now and then but overall its reliable for daily use. The charging speed is impressive and the screen quality is enough for streaming and reading. Id recommend it to friends looking for a good balance of quality and price.,2023-10-01,"{""Mic"": """", ""EQmodes"": """", ""DeepBass"": """", ""Foldable"": """", ""playtime"": """", ""ComfortFit"": """", ""Batterylife"": """", ""NoiseCancellation"": """"}"
1195,51,Ava Nelson,3,Its an okay tablet but it didnt completely wow me. While the design is sleek and appealing the processor sometimes feels sluggish with heavy multitasking. The battery doesnt last as long as I hoped particularly during long movies. Good for light users but not the best for multitasking enthusiasts.,2023-10-01,"{""Mic"": ""Not applicable to the document."", ""EQmodes"": ""Not applicable to the document."", ""DeepBass"": ""Not applicable to the document."", ""Foldable"": ""Not applicable to the document."", ""playtime"": ""The battery doesn't last as long as I hoped, particularly during long movies."", ""ComfortFit"": ""Not applicable to the document."", ""Batterylife"": ""The battery doesn't last as long as I hoped, particularly during long movies."", ""NoiseCancellation"": ""Not applicable to the document.""}"
1196,51,James Lee,2,I expected more from this tablet. The performance is subpar and doesnt match up to some of the competition. The display is decent but lacks the sharpness I wanted for reading. I also faced connectivity issues with Wi-Fi. It works fine for simple tasks but for anything demanding it struggles.,2023-10-01,"{""Mic"": """", ""EQmodes"": """", ""DeepBass"": """", ""Foldable"": """", ""playtime"": """", ""ComfortFit"": """", ""Batterylife"": """", ""NoiseCancellation"": """"}"
1197,51,Isabella Hall,5,This tablet has changed my work life! The ample storage means I can handle all my documents without worrying about space and the performance is quick and reliable. The 8000mAh battery lasts forever! I really appreciate the facial recognition feature—super convenient! I would recommend this to anyone needing a solid tablet.,2023-10-01,"{""Mic"": ""Not applicable"", ""EQmodes"": ""Not applicable"", ""DeepBass"": ""Not applicable"", ""Foldable"": ""Not applicable"", ""playtime"": ""Not explicitly mentioned"", ""ComfortFit"": ""Not applicable"", ""Batterylife"": ""8000mAh battery lasts forever!"", ""NoiseCancellation"": ""Not applicable""}"
1198,51,Henry King,4,Very nice tablet overall! It has a premium feel due to the metal chassis and I appreciate the Android 14 update. Setup was straightforward but it does take a little time to get all the significant apps loaded. Performance is solid for my usage with good battery life even when streaming. Im happy with the purchase!,2023-10-01,"{""Mic"": ""N/A"", ""EQmodes"": ""N/A"", ""DeepBass"": ""N/A"", ""Foldable"": ""N/A"", ""playtime"": ""N/A"", ""ComfortFit"": ""N/A"", ""Batterylife"": ""good battery life even when streaming"", ""NoiseCancellation"": ""N/A""}"
1199,51,Charlotte Thompson,3,Decent performance but not without flaws. The features are good for the price but I encountered some bugs in the software that need fixing. The design is attractive but the tablet isnt as lightweight as I expected. Its a fair buy though theres room for improvement. Id say its suitable for casual users.,2023-10-01,"{""Mic"": ""Not mentioned"", ""EQmodes"": ""Not mentioned"", ""DeepBass"": ""Not mentioned"", ""Foldable"": ""Not mentioned"", ""playtime"": ""Not mentioned"", ""ComfortFit"": ""Not mentioned"", ""Batterylife"": ""Not mentioned"", ""NoiseCancellation"": ""Not mentioned""}"
1200,51,Daniel Wilson,2,A lot of potential but the execution is poor. My tablet has frequent freezing issues which are frustrating while trying to watch shows. The build seemed promising but it just feels too average. Customer support was also slow to respond. Not completely hopeless but I wouldnt buy it again.,2023-10-01,"{""Mic"": ""Not mentioned"", ""EQmodes"": ""Not mentioned"", ""DeepBass"": ""Not mentioned"", ""Foldable"": ""Not mentioned"", ""playtime"": ""Not mentioned"", ""ComfortFit"": ""Not mentioned"", ""Batterylife"": ""Not mentioned"", ""NoiseCancellation"": ""Not mentioned""}"
1201,51,Ella Young,5,Amazing performance! The tablet easily handles everything I throw at it. Gaming and streaming are incredible thanks to the vivid display and quick processor. Ive also found the battery life to be reliable; I can use it all day without needing to charge. I would highly recommend it to anyone looking for high quality and efficiency!,2023-10-01,"{""Mic"": ""Not applicable."", ""EQmodes"": ""Not applicable."", ""DeepBass"": ""Not applicable."", ""Foldable"": ""Not applicable."", ""playtime"": ""All day"", ""ComfortFit"": ""Not applicable."", ""Batterylife"": ""Reliable, can use it all day without needing to charge."", ""NoiseCancellation"": ""Not applicable.""}"
1202,51,Aiden Scott,4,Good tablet with a sleek design. The performance is adequate for everyday tasks and it works well for streaming video. I did have to fiddle a bit with the settings to get the best results but thats not a deal-breaker for me. The battery life is decent although I wish it lasted a bit longer during continuous use.,2023-10-01,"{""Mic"": ""N/A"", ""EQmodes"": ""N/A"", ""DeepBass"": ""N/A"", ""Foldable"": ""N/A"", ""playtime"": ""N/A"", ""ComfortFit"": ""N/A"", ""Batterylife"": ""decent, but could be longer during continuous use"", ""NoiseCancellation"": ""N/A""}"
1203,51,Chloe Allen,3,This tablet falls short in a few areas. While the screen is nice the performance isnt always what I expected. Ive experienced some lag during multitasking. On the flip side the design is nice and I love the portability. Its alright for basic use but I would recommend looking at higher-end options if you need more power.,2023-10-01,"{""Mic"": """", ""EQmodes"": """", ""DeepBass"": """", ""Foldable"": """", ""playtime"": """", ""ComfortFit"": """", ""Batterylife"": """", ""NoiseCancellation"": """"}"
1204,51,Lucas Wright,2,This tablet did not meet my expectations. The build quality feels flimsy and the performance lagged during some of my video calls. I also had issues with battery draining quicker than advertised. Im not entirely dissatisfied but its not suitable for more demanding tasks. I would consider other options.,2023-10-01,"{""Mic"": ""Not mentioned"", ""EQmodes"": ""Not applicable"", ""DeepBass"": ""Not applicable"", ""Foldable"": ""Not applicable"", ""playtime"": ""Not mentioned"", ""ComfortFit"": ""Not applicable"", ""Batterylife"": ""Issues with battery draining quicker than advertised"", ""NoiseCancellation"": ""Not applicable""}"
1205,51,Lily Baker,5,Absolutely worth every penny! This tablet is fantastic for everything I need—from browsing to binge-watching shows. The screen clarity makes my videos look gorgeous and I love how fast it charges. The multitasking ability is a dream! I highly recommend it to all my friends looking for a reliable tablet!,2023-10-01,"{""Mic"": """", ""EQmodes"": """", ""DeepBass"": """", ""Foldable"": """", ""playtime"": """", ""ComfortFit"": """", ""Batterylife"": """", ""NoiseCancellation"": """"}"
1206,51,Sophia Bennett,4,Very good tablet overall but with minor hiccups. The quality of the display is impressive and makes it perfect for reading and streaming. I had some difficulty initially with app management but once I overcame that it worked smoothly. Im pleased with how it handles most of my daily tasks.,2023-10-01,"{""Mic"": """", ""EQmodes"": """", ""DeepBass"": """", ""Foldable"": """", ""playtime"": """", ""ComfortFit"": """", ""Batterylife"": """", ""NoiseCancellation"": """"}"
1207,51,Jackson Moore,3,Im somewhat torn on this tablet. While it does perform well for simple tasks and looks sleek I have experienced a few crashes while using multiple apps. The screen is nice but not top-of-the-line. Its decent if you dont need heavy-duty performance but I might look for something more reliable next time.,2023-10-01,"{""Mic"": """", ""EQmodes"": """", ""DeepBass"": """", ""Foldable"": """", ""playtime"": """", ""ComfortFit"": """", ""Batterylife"": """", ""NoiseCancellation"": """"}"
1208,51,Grace Garcia,2,I regret purchasing this tablet. The performance is inconsistent and the software seems buggy. Although it looks good the functionality is lacking. Battery life was shorter than promised and customer support was less than helpful. Its usable but only just.,2023-10-01,"{""Mic"": ""N/A"", ""EQmodes"": ""N/A"", ""DeepBass"": ""N/A"", ""Foldable"": ""N/A"", ""playtime"": ""N/A"", ""ComfortFit"": ""N/A"", ""Batterylife"": ""shorter than promised"", ""NoiseCancellation"": ""N/A""}"
1209,52,Alice Johnson,5,Im absolutely in love with this tablet! The new Android 14 OS is fantastic and I can easily navigate through apps without any bugs or lags. The 11-inch high-definition display is stunning for watching movies and playing games. Plus the performance with the octa-core processor and 14GB of RAM means I can multitask effortlessly. Highly recommended!,2023-10-01,"{""Mic"": """", ""EQmodes"": """", ""DeepBass"": """", ""Foldable"": """", ""playtime"": """", ""ComfortFit"": """", ""Batterylife"": """", ""NoiseCancellation"": """"}"
1210,52,Brian Parker,5,This tablet exceeded all my expectations! The vibrant display and the stunning colors really bring my photos to life. The battery lasts all day which is perfect for my needs since I often work on-the-go. The included keyboard and stylus are an added bonus for productivity. Its a game changer for students like me!,2023-10-01,"{""Mic"": """", ""EQmodes"": """", ""DeepBass"": """", ""Foldable"": """", ""playtime"": ""all day"", ""ComfortFit"": """", ""Batterylife"": ""The battery lasts all day."", ""NoiseCancellation"": """"}"
1211,52,Charlotte Miller,5,I was looking for a reliable tablet and this one has checked every box! The build quality feels premium and its lightweight for its size. I love that it supports 1TB expansion for storage – perfect for my media collection. Coupled with the fantastic customer support I couldnt ask for more!,2023-10-01,"{""Mic"": """", ""EQmodes"": """", ""DeepBass"": """", ""Foldable"": """", ""playtime"": """", ""ComfortFit"": """", ""Batterylife"": """", ""NoiseCancellation"": """"}"
1212,52,David Kim,4,Overall Im pleased with this tablet. The clarity of the display is impressive and the build quality feels sturdy. While the battery life is decent I wish it lasted a little longer for my long study sessions. Nevertheless it performs very well with games and app usage. Definitely a solid buy.,2023-10-01,"{""Mic"": ""N/A"", ""EQmodes"": ""N/A"", ""DeepBass"": ""N/A"", ""Foldable"": ""N/A"", ""playtime"": ""N/A"", ""ComfortFit"": ""N/A"", ""Batterylife"": ""decent, but could be longer for long study sessions"", ""NoiseCancellation"": ""N/A""}"
1213,52,Emily Nguyen,4,Great tablet! The design is sleek and it has a solid feel in hand. The performance is fast though I noticed a slight lag when I opened several apps at once. However the features and included accessories like the keyboard make it a great value for the price. Id recommend it to anyone looking for a capable tablet!,2023-10-01,"{""Mic"": """", ""EQmodes"": """", ""DeepBass"": """", ""Foldable"": """", ""playtime"": """", ""ComfortFit"": """", ""Batterylife"": """", ""NoiseCancellation"": """"}"
1214,52,Frank White,3,Its an okay tablet but I have some mixed feelings. The display is nice but the battery life could be better; I find myself charging it more than Id like. The Android 14 system is cool yet some apps still have compatibility issues. Good for casual use but not a powerhouse.,2023-10-01,"{""Mic"": ""Not applicable to the document."", ""EQmodes"": ""Not applicable to the document."", ""DeepBass"": ""Not applicable to the document."", ""Foldable"": ""Not applicable to the document."", ""playtime"": ""Not explicitly mentioned, but implied to be less than satisfactory due to frequent charging."", ""ComfortFit"": ""Not applicable to the document."", ""Batterylife"": ""The battery life could be better; the user finds themselves charging it more than they'd like."", ""NoiseCancellation"": ""Not applicable to the document.""}"
1215,52,Gina Roberts,3,This tablet is decent but lacks some key features I expected. While the HD display looks great I experienced connectivity issues with WiFi sometimes dropping out. It has good performance most of the time but for heavy usage I feel it struggles a bit. Its good for reading and browsing but not for serious tasks.,2023-10-01,"{""Mic"": """", ""EQmodes"": """", ""DeepBass"": """", ""Foldable"": """", ""playtime"": """", ""ComfortFit"": """", ""Batterylife"": """", ""NoiseCancellation"": """"}"
1216,52,Hank Wilson,2,I was disappointed with my purchase. The tablet feels a bit cheap given the price point and while it runs Android 14 I faced several crashes during use. Additionally the battery drains faster than advertised. Its functional but I wouldnt recommend it for heavy daily usage.,2023-10-01,"{""Mic"": ""Not applicable."", ""EQmodes"": ""Not applicable."", ""DeepBass"": ""Not applicable."", ""Foldable"": ""Not applicable."", ""playtime"": ""Not explicitly mentioned, but implied to be less than expected."", ""ComfortFit"": ""Not applicable."", ""Batterylife"": ""The battery drains faster than advertised."", ""NoiseCancellation"": ""Not applicable.""}"
1217,52,Isabella Taylor,2,Not worth the hype. The build quality is subpar and its heavier than I expected. The features are nice but the performance drops when multitasking. I also encountered several bugs in the software that ruined my user experience. Ive used better tablets before for less money.,2023-10-01,"{""Mic"": """", ""EQmodes"": """", ""DeepBass"": """", ""Foldable"": """", ""playtime"": """", ""ComfortFit"": """", ""Batterylife"": """", ""NoiseCancellation"": """"}"
1218,52,Jack Martinez,1,Horrible experience! The tablet crashed on me within a week of use and customer support was unhelpful. I tried to get it repaired through the warranty but I was met with delays and issues. For the price I expected quality but this has been a complete letdown. Avoid at all costs!,2023-10-01,"{""Mic"": """", ""EQmodes"": """", ""DeepBass"": """", ""Foldable"": """", ""playtime"": """", ""ComfortFit"": """", ""Batterylife"": """", ""NoiseCancellation"": """"}"
1219,52,Kaitlyn Hughes,1,I regret buying this tablet. It had constant battery issues right out of the box and the screen would freeze frequently. I reached out to support but didnt receive timely assistance. It was very frustrating. I wouldnt recommend this product to anyone; it simply doesnt perform as promised.,2023-10-01,"{""Mic"": ""N/A"", ""EQmodes"": ""N/A"", ""DeepBass"": ""N/A"", ""Foldable"": ""N/A"", ""playtime"": ""N/A"", ""ComfortFit"": ""N/A"", ""Batterylife"": ""constant battery issues"", ""NoiseCancellation"": ""N/A""}"
1220,52,Liam Hall,4,Im impressed with the tablets overall performance. The battery does last a decent amount of time and the screen is vivid. However the setup process was less smooth than I anticipated. The included keyboard is a great addition but the mouse should have come with batteries. Worth it for the specs!,2023-10-01,"{""Mic"": ""N/A"", ""EQmodes"": ""N/A"", ""DeepBass"": ""N/A"", ""Foldable"": ""N/A"", ""playtime"": ""N/A"", ""ComfortFit"": ""N/A"", ""Batterylife"": ""decent amount of time"", ""NoiseCancellation"": ""N/A""}"
1221,52,Natalie Adams,3,Decent tablet but it has its shortcomings. I like the design and size but I experienced some glitches in the software. Features like Bluetooth 5.3 work great though and it handles most apps with ease. It does the job but felt like it could be more refined in usability.,2023-10-01,"{""Mic"": """", ""EQmodes"": """", ""DeepBass"": """", ""Foldable"": """", ""playtime"": """", ""ComfortFit"": """", ""Batterylife"": """", ""NoiseCancellation"": """"}"
1222,52,Oliver Scott,4,This tablet really packs a punch! The performance is reliable and its aesthetically pleasing. I had minor issues with setup due to unclear instructions which couldve been improved. However once I figured it out Ive enjoyed streaming movies and playing casual games without delay.,2023-10-01,"{""Mic"": """", ""EQmodes"": """", ""DeepBass"": """", ""Foldable"": """", ""playtime"": """", ""ComfortFit"": """", ""Batterylife"": """", ""NoiseCancellation"": """"}"
1223,52,Paige Lewis,5,The quality of this tablet is astonishing! Ive tried several models in the past but none compare to its display and processing power. The extensive battery life has been lifesaving for my travels. Its intuitively designed and fits comfortably in my bag. Highly encouraged for anyone in need of a powerful tablet!,2023-10-01,"{""Mic"": ""N/A"", ""EQmodes"": ""N/A"", ""DeepBass"": ""N/A"", ""Foldable"": ""N/A"", ""playtime"": ""N/A"", ""ComfortFit"": ""fits comfortably in my bag"", ""Batterylife"": ""extensive"", ""NoiseCancellation"": ""N/A""}"
1224,52,Quincy Robinson,3,Its an adequate tablet with a few pros and cons. The performance is satisfactory but I noticed the battery doesnt hold up as advertised. The display is vibrant yet occasionally the screen responsiveness lags. Good for basic use but dont expect top-tier performance!,2023-10-01,"{""Mic"": ""Not applicable."", ""EQmodes"": ""Not applicable."", ""DeepBass"": ""Not applicable."", ""Foldable"": ""Not applicable."", ""playtime"": ""Not applicable."", ""ComfortFit"": ""Not applicable."", ""Batterylife"": ""The battery doesn't hold up as advertised."", ""NoiseCancellation"": ""Not applicable.""}"
1225,52,Rachel Evans,4,Really enjoying this tablet! The quality is solid and it has a great battery life for everyday tasks. However I wish there were more customization options in the software—I feel it could be more user-friendly. Overall a fantastic product that serves my needs well!,2023-10-01,"{""Mic"": ""N/A"", ""EQmodes"": ""N/A"", ""DeepBass"": ""N/A"", ""Foldable"": ""N/A"", ""playtime"": ""N/A"", ""ComfortFit"": ""N/A"", ""Batterylife"": ""great battery life for everyday tasks"", ""NoiseCancellation"": ""N/A""}"
1226,52,Steve Clark,5,Wow! This tablet is fantastic for both work and play. The Android 14 OS runs seamlessly making everything from gaming to video editing smooth! I love the portability and how lightweight it is. The included accessories are a great addition for boosting productivity—highly recommend!,2023-10-01,"{""Mic"": """", ""EQmodes"": """", ""DeepBass"": """", ""Foldable"": """", ""playtime"": """", ""ComfortFit"": """", ""Batterylife"": """", ""NoiseCancellation"": """"}"
1227,52,Tina Wright,2,I had high hopes based on the specs but Ive been let down. The build quality is not great and the tablet feels sluggish during multitasking. Its good for browsing but not much else. I think there are better options out there for the price.,2023-10-01,"{""Mic"": """", ""EQmodes"": """", ""DeepBass"": """", ""Foldable"": """", ""playtime"": """", ""ComfortFit"": """", ""Batterylife"": """", ""NoiseCancellation"": """"}"
1228,52,Ulysses Turner,1,I cannot recommend this tablet. It started glitching after a few days and wouldnt respond to touch commands half the time. Customer service was slow to respond and I ended up returning it. A complete waste of time and money; I expected much better performance.,2023-10-01,"{""Mic"": """", ""EQmodes"": """", ""DeepBass"": """", ""Foldable"": """", ""playtime"": """", ""ComfortFit"": """", ""Batterylife"": """", ""NoiseCancellation"": """"}"
1229,52,Victoria Collins,5,This tablet is such a great find! It has all the features I need for work the display is beautiful and its surprisingly lightweight. The battery life lasts all day which is essential for my busy schedule. Id definitely recommend it to anyone looking for reliable tech.,2023-10-01,"{""Mic"": ""Not mentioned"", ""EQmodes"": ""Not mentioned"", ""DeepBass"": ""Not mentioned"", ""Foldable"": ""Not mentioned"", ""playtime"": ""all day"", ""ComfortFit"": ""Not mentioned"", ""Batterylife"": ""all day"", ""NoiseCancellation"": ""Not mentioned""}"
1230,52,Walter Martinez,4,Really nice tablet! The screen quality and performance are impressive. I had a little trouble with WiFi setup initially but once I got it going its been smooth sailing. The design is modern and feels well-made. Id say its a great addition to anyones tech collection!,2023-10-01,"{""Mic"": """", ""EQmodes"": """", ""DeepBass"": """", ""Foldable"": """", ""playtime"": """", ""ComfortFit"": """", ""Batterylife"": """", ""NoiseCancellation"": """"}"
1231,52,Xena Green,3,Its a mixed bag. The tablet looks great and performs well for the most part but it does have some bugs that frustrate me during usage. The battery life is not what I expected and I often find myself charging it more frequently. Good for general use but far from perfect.,2023-10-01,"{""Mic"": ""N/A"", ""EQmodes"": ""N/A"", ""DeepBass"": ""N/A"", ""Foldable"": ""N/A"", ""playtime"": ""N/A"", ""ComfortFit"": ""N/A"", ""Batterylife"": ""The battery life is not what I expected, and I often find myself charging it more frequently."", ""NoiseCancellation"": ""N/A""}"
1232,52,Yusuf Thompson,1,Do not buy this tablet! It broke after just a month of use. Customer service was no help at all and the entire experience has been frustrating. The features looked appealing but they do not hold up in practice. Save your money and choose a different option!,2023-10-01,"{""Mic"": """", ""EQmodes"": """", ""DeepBass"": """", ""Foldable"": """", ""playtime"": """", ""ComfortFit"": """", ""Batterylife"": """", ""NoiseCancellation"": """"}"
1233,52,Zoe Ramirez,4,A solid tablet with a beautiful display! I appreciate the powerful performance for tasks like streaming and browsing. Minor drawbacks include a slight lag when multiple applications are open. Overall its a fantastic device thats served me well so far!,2023-10-01,"{""Mic"": """", ""EQmodes"": """", ""DeepBass"": """", ""Foldable"": """", ""playtime"": """", ""ComfortFit"": """", ""Batterylife"": """", ""NoiseCancellation"": """"}"
1234,53,Emily Johnson,5,I couldnt be happier with my Nexvo D3 tablet! The processing speed is phenomenal truly a significant upgrade from my old device. The 18GB RAM makes multitasking a breeze! The display is stunning and videos look wonderful making it perfect for my binge-watching sessions. Plus the build quality feels premium. I highly recommend this tablet!,2023-10-01,"{""Mic"": """", ""EQmodes"": """", ""DeepBass"": """", ""Foldable"": """", ""playtime"": """", ""ComfortFit"": """", ""Batterylife"": """", ""NoiseCancellation"": """"}"
1235,53,Michael Brown,5,Excellent product! The Android 14 OS runs smoothly and I love the dual-band Wi-Fi 6 support. Streaming on platforms like Disney+ is a joy with the gorgeous display. Its lightweight and easy to travel with perfect for my work needs. Additionally the customer support team was incredibly helpful when I had a question. Truly a great investment!,2023-10-01,"{""Mic"": """", ""EQmodes"": """", ""DeepBass"": """", ""Foldable"": """", ""playtime"": """", ""ComfortFit"": """", ""Batterylife"": """", ""NoiseCancellation"": """"}"
1236,53,Sophia Thompson,4,Overall Im pleased with the Nexvo D3 tablet. The battery life is decent at around 8 hours which serves me well for day trips. The design is sleek and fits perfectly in my bag. However I wish there were more customizable options for the interface. Still for the price it offers great value and performance!,2023-10-01,"{""Mic"": ""Not mentioned"", ""EQmodes"": ""Not mentioned"", ""DeepBass"": ""Not mentioned"", ""Foldable"": ""Not mentioned"", ""playtime"": ""8 hours"", ""ComfortFit"": ""fits perfectly in my bag"", ""Batterylife"": ""8 hours"", ""NoiseCancellation"": ""Not mentioned""}"
1237,53,James Wilson,4,Really good tablet! The screen quality is bright and I enjoy reading E-books on it. The only downside is that it doesnt support SIM cards which limits my options for internet connectivity on the go. Aside from that it has fast processing speeds and is user-friendly. Would recommend to anyone looking for a solid tablet experience!,2023-10-01,"{""Mic"": ""Not mentioned"", ""EQmodes"": ""Not mentioned"", ""DeepBass"": ""Not mentioned"", ""Foldable"": ""Not mentioned"", ""playtime"": ""Not mentioned"", ""ComfortFit"": ""Not mentioned"", ""Batterylife"": ""Not mentioned"", ""NoiseCancellation"": ""Not mentioned""}"
1238,53,Olivia Martinez,3,The Nexvo D3 has its strengths and weaknesses. I appreciate the RAM size for gaming yet I found the setup instructions to be confusing. The tablet works well for casual use but the interface could be improved. Overall its a good entry-level tablet but I wanted something a bit more refined.,2023-10-01,"{""Mic"": """", ""EQmodes"": """", ""DeepBass"": """", ""Foldable"": """", ""playtime"": """", ""ComfortFit"": """", ""Batterylife"": """", ""NoiseCancellation"": """"}"
1239,53,David Garcia,3,Its an average tablet. While the battery life is alright I expected better performance for the price. The display quality is decent though it could use a higher resolution for graphic-heavy tasks. Ive encountered some minor bugs in the software interface. If youre looking for basic functionality this tablet is okay but dont expect top-tier performance.,2023-10-01,"{""Mic"": ""N/A"", ""EQmodes"": ""N/A"", ""DeepBass"": ""N/A"", ""Foldable"": ""N/A"", ""playtime"": ""N/A"", ""ComfortFit"": ""N/A"", ""Batterylife"": ""alright"", ""NoiseCancellation"": ""N/A""}"
1240,53,Lucas Smith,2,Im disappointed with the Nexvo D3. The initial performance was promising but it started lagging after a month of regular use. The setup was intricate and I didnt find the navigation intuitive. I would have preferred a more informative user manual as well. In its price range I think there are better alternatives available.,2023-10-01,"{""Mic"": """", ""EQmodes"": """", ""DeepBass"": """", ""Foldable"": """", ""playtime"": """", ""ComfortFit"": """", ""Batterylife"": """", ""NoiseCancellation"": """"}"
1241,53,Emily Davis,2,Not the best experience with this tablet. The build quality feels cheaper than expected and I had trouble connecting it to Bluetooth devices. The battery life also doesnt last as long as advertised. For basic tasks it might suffice but this tablet falls short of my expectations for productivity.,2023-10-01,"{""Mic"": ""N/A"", ""EQmodes"": ""N/A"", ""DeepBass"": ""N/A"", ""Foldable"": ""N/A"", ""playtime"": ""N/A"", ""ComfortFit"": ""N/A"", ""Batterylife"": ""The battery life doesn't last as long as advertised."", ""NoiseCancellation"": ""N/A""}"
1242,53,Matthew Evans,1,This tablet is not worth the money. The performance is slow and it frequently crashes. Customer service was unhelpful and took too long to respond. I had high hopes considering the specs but in reality it just doesnt work like it should. I wouldnt recommend it to anyone!,2023-10-01,"{""Mic"": """", ""EQmodes"": """", ""DeepBass"": """", ""Foldable"": """", ""playtime"": """", ""ComfortFit"": """", ""Batterylife"": """", ""NoiseCancellation"": """"}"
1243,53,Ava Taylor,1,Completely dissatisfied! The Nexvo D3 stopped responding after just a few days. Ive tried every troubleshooting suggestion but nothing worked. The whole experience has been frustrating and I feel stuck with a device that cant even handle basic tasks. Save your money and look elsewhere!,2023-10-01,"{""Mic"": """", ""EQmodes"": """", ""DeepBass"": """", ""Foldable"": """", ""playtime"": """", ""ComfortFit"": """", ""Batterylife"": """", ""NoiseCancellation"": """"}"
1244,53,Ryan Anderson,5,Fantastic device! Im really impressed with the 10.1-inch display; its perfect for watching movies in bed. Plus the speed of the Android 14 OS means everything loads quickly. The battery life is sufficient for my daily use. I would definitely recommend it—great value for a tablet that delivers on its promises!,2023-10-01,"{""Mic"": ""N/A"", ""EQmodes"": ""N/A"", ""DeepBass"": ""N/A"", ""Foldable"": ""N/A"", ""playtime"": ""N/A"", ""ComfortFit"": ""N/A"", ""Batterylife"": ""sufficient for daily use"", ""NoiseCancellation"": ""N/A""}"
1245,53,Isabella Walker,5,Highly recommend the Nexvo D3 tablet! The performance is unmatched especially with the 18GB RAM. It handles all my work-related apps without any hiccups. The design is sleek and lightweight making it easy to carry around. Im thoroughly impressed with this product!,2023-10-01,"{""Mic"": """", ""EQmodes"": """", ""DeepBass"": """", ""Foldable"": """", ""playtime"": """", ""ComfortFit"": """", ""Batterylife"": """", ""NoiseCancellation"": """"}"
1246,53,Jack Lopez,4,Great tablet overall! The build is solid and it feels high-quality. However Ive experienced some minor issues with connectivity. The Wi-Fi could be more stable. Still the performance during usage is smooth and the visual experience is delightful. A good choice for everyday tasks!,2023-10-01,"{""Mic"": """", ""EQmodes"": """", ""DeepBass"": """", ""Foldable"": """", ""playtime"": """", ""ComfortFit"": """", ""Batterylife"": """", ""NoiseCancellation"": """"}"
1247,53,Charlotte Hernandez,4,Im enjoying my Nexvo D3 tablet. The wide viewing angles are perfect for sharing videos with friends. Battery life is decent for travel but I do wish it lasted a bit longer. The speed is impressive and it has a nice sleek design. Overall a great tablet with minor issues.,2023-10-01,"{""Mic"": ""N/A"", ""EQmodes"": ""N/A"", ""DeepBass"": ""N/A"", ""Foldable"": ""N/A"", ""playtime"": ""N/A"", ""ComfortFit"": ""N/A"", ""Batterylife"": ""decent for travel, but could be longer"", ""NoiseCancellation"": ""N/A""}"
1248,53,Noah King,3,This is an okay product and Ive had mixed feelings about it. The tablet runs well for basic games and apps but there were setup challenges that left me frustrated. It isnt as intuitive as I hoped. Its performance is average but it might work better for casual users who dont need heavy specs.,2023-10-01,"{""Mic"": """", ""EQmodes"": """", ""DeepBass"": """", ""Foldable"": """", ""playtime"": """", ""ComfortFit"": """", ""Batterylife"": """", ""NoiseCancellation"": """"}"
1249,53,Harper Wright,3,The Nexvo D3 isnt bad but it isnt great either. I liked the gorgeous display for watching movies but Ive faced some screen flickering issues that make it less enjoyable. The RAM is a significant plus but multitasking suffers from occasional lag. If you seek something more robust you might want to consider other options.,2023-10-01,"{""Mic"": """", ""EQmodes"": """", ""DeepBass"": """", ""Foldable"": """", ""playtime"": """", ""ComfortFit"": """", ""Batterylife"": """", ""NoiseCancellation"": """"}"
1250,53,Ethan White,2,I had higher expectations for the Nexvo D3. While it looks good I experienced freezing issues and slow app responses. The build quality feels less durable than competitors. Im not entirely convinced about its longevity for daily use and I wish I had considered other tablets instead.,2023-10-01,"{""Mic"": """", ""EQmodes"": """", ""DeepBass"": """", ""Foldable"": """", ""playtime"": """", ""ComfortFit"": """", ""Batterylife"": """", ""NoiseCancellation"": """"}"
1251,53,Mia Harris,2,Im regretting my purchase of this tablet. It seemed ideal with its specs but it has been glitchy. The battery drains faster than expected and the customer support hasnt been very responsive. Although it has a appealing design performance-wise it doesnt deliver as it should.,2023-10-01,"{""Mic"": """", ""EQmodes"": """", ""DeepBass"": """", ""Foldable"": """", ""playtime"": """", ""ComfortFit"": """", ""Batterylife"": ""The battery drains faster than expected."", ""NoiseCancellation"": """"}"
1252,53,Wyatt Lee,1,Terrible product! The tablet died after two weeks and it was a nightmare getting support. I thought I was investing in quality with those specs but the execution is subpar. Ive had better experiences with cheaper tablets. Save your money and look for alternatives.,2023-10-01,"{""Mic"": """", ""EQmodes"": """", ""DeepBass"": """", ""Foldable"": """", ""playtime"": """", ""ComfortFit"": """", ""Batterylife"": """", ""NoiseCancellation"": """"}"
1253,53,Ella Young,1,Horrible experience with this tablet! It barely works crashing constantly with simple tasks. The customer service is non-existent; they were impossible to reach for support. I expected steady performance as highlighted in the description but this has not been the case at all. Ill be returning it!,2023-10-01,"{""Mic"": """", ""EQmodes"": """", ""DeepBass"": """", ""Foldable"": """", ""playtime"": """", ""ComfortFit"": """", ""Batterylife"": """", ""NoiseCancellation"": """"}"
1255,53,Avery Scott,5,Perfect tablet for my needs! The ample storage and upgradeable memory are big pluses. Its also lightweight making it easy to hold for long periods. The battery life comfortably supports my daily usage without worrying about charging constantly. Very satisfied with my purchase!,2023-10-01,"{""Mic"": ""Not mentioned."", ""EQmodes"": ""Not mentioned."", ""DeepBass"": ""Not mentioned."", ""Foldable"": ""Not mentioned."", ""playtime"": ""Not mentioned."", ""ComfortFit"": ""It's lightweight, making it easy to hold for long periods."", ""Batterylife"": ""The battery life comfortably supports daily usage without worrying about charging constantly."", ""NoiseCancellation"": ""Not mentioned.""}"
1256,53,Sofia Baker,4,I really enjoy using this tablet. Its functionality is fantastic and I can easily connect to my other devices via Bluetooth. The only downside I found is the lack of user tutorials for the different features. Even so it offers great performance and I would still recommend it to others.,2023-10-01,"{""Mic"": """", ""EQmodes"": """", ""DeepBass"": """", ""Foldable"": """", ""playtime"": """", ""ComfortFit"": """", ""Batterylife"": """", ""NoiseCancellation"": """"}"
1257,53,Alexander Gonzalez,4,A solid tablet with excellent performance! The viewing angles are outstanding making video calls a pleasure. However I noticed that the battery drains quickly when used for streaming. Overall a reliable option with a few minor drawbacks.,2023-10-01,"{""Mic"": ""Not applicable."", ""EQmodes"": ""Not applicable."", ""DeepBass"": ""Not applicable."", ""Foldable"": ""Not applicable."", ""playtime"": ""Not explicitly mentioned, but the battery drains quickly when streaming."", ""ComfortFit"": ""Not applicable."", ""Batterylife"": ""The battery drains quickly when used for streaming."", ""NoiseCancellation"": ""Not applicable.""}"
1258,54,Emily Carter,5,I absolutely love the Sonvera D3 tablet! The 10.1-inch display is stunning making my video calls and streaming on platforms like Disney+ an absolute joy. The build quality feels premium and I was genuinely surprised at how intuitive the interface is. With 18GB of expandable RAM it handles multitasking like a champ. I highly recommend it to anyone looking for a reliable high-quality tablet.,2023-10-01,"{""Mic"": """", ""EQmodes"": """", ""DeepBass"": """", ""Foldable"": """", ""playtime"": """", ""ComfortFit"": """", ""Batterylife"": """", ""NoiseCancellation"": """"}"
1259,54,James Hudson,5,This tablet has blown my expectations out of the water! The performance with the Android 14 OS is seamless and Im really impressed by the speed and efficiency. The battery life lasts me through my workday without needing a recharge. Plus its lightweight and portable making it ideal for travel. If youre in the market for a versatile tablet this one is fantastic!,2023-10-01,"{""Mic"": ""Not mentioned"", ""EQmodes"": ""Not mentioned"", ""DeepBass"": ""Not mentioned"", ""Foldable"": ""Not mentioned"", ""playtime"": ""Not mentioned"", ""ComfortFit"": ""Lightweight and portable"", ""Batterylife"": ""Lasts through a workday without needing a recharge"", ""NoiseCancellation"": ""Not mentioned""}"
1260,54,Linda Brown,4,I really enjoy using the Sonvera tablet. The design is sleek and modern and I found it easy to set up. My only minor complaint is that while the screen is great for watching videos the resolution could be a tad better for serious photography editing. However for everyday use and entertainment its a solid choice and the value for money is undeniable.,2023-10-01,"{""Mic"": """", ""EQmodes"": """", ""DeepBass"": """", ""Foldable"": """", ""playtime"": """", ""ComfortFit"": """", ""Batterylife"": """", ""NoiseCancellation"": """"}"
1261,54,Michael Johnson,4,Overall the Sonvera D3 is a great tablet! The wide viewing angle is perfect when Im binge-watching my favorite series. I love the fast Wi-Fi connectivity but I experienced some hiccups connecting to my Bluetooth devices. The customer support was helpful in addressing my concerns which is a plus. I would recommend this tablet for casual users.,2023-10-01,"{""Mic"": """", ""EQmodes"": """", ""DeepBass"": """", ""Foldable"": """", ""playtime"": """", ""ComfortFit"": """", ""Batterylife"": """", ""NoiseCancellation"": """"}"
1262,54,Sarah Patel,3,The Sonvera tablet has some great features and performs well most of the time. However I did find the user interface a bit clunky at times making navigation frustrating. The battery life is decent but I expected more given the specifications. Its not a bad purchase but I might look at other options if you need something more user-friendly.,2023-10-01,"{""Mic"": ""N/A"", ""EQmodes"": ""N/A"", ""DeepBass"": ""N/A"", ""Foldable"": ""N/A"", ""playtime"": ""N/A"", ""ComfortFit"": ""N/A"", ""Batterylife"": ""decent"", ""NoiseCancellation"": ""N/A""}"
1263,54,David Smith,3,I appreciate the build quality and design of this tablet but Ive encountered issues with app compatibility especially with some of my favorite streaming apps. The performance is good overall but it can slow down if too many apps are open. Its a decent choice for casual users but not the best for heavy multitaskers.,2023-10-01,"{""Mic"": """", ""EQmodes"": """", ""DeepBass"": """", ""Foldable"": """", ""playtime"": """", ""ComfortFit"": """", ""Batterylife"": """", ""NoiseCancellation"": """"}"
1264,54,Kimberly White,2,I had high hopes for the Sonvera D3 but it fell short. The battery life didnt last as promised and I was disappointed with the lack of HD quality on Netflix which was a primary reason for my purchase. While the tablet works okay for basic tasks I feel like there are better tablets available at this price point. Its functional but I wouldnt recommend it.,2023-10-01,"{""Mic"": ""Not applicable."", ""EQmodes"": ""Not applicable."", ""DeepBass"": ""Not applicable."", ""Foldable"": ""Not applicable."", ""playtime"": ""Not applicable."", ""ComfortFit"": ""Not applicable."", ""Batterylife"": ""The battery life didn't last as promised."", ""NoiseCancellation"": ""Not applicable.""}"
1265,54,Chris Lee,2,The design and presentation of the Sonvera tablet are impressive but functionality lacks. I found the setup process much more complicated than it should be and the display quality was underwhelming especially for video streaming. Despite being lightweight I wouldnt say it stands out compared to other options. I expected more from this device.,2023-10-01,"{""Mic"": ""Not mentioned"", ""EQmodes"": ""Not mentioned"", ""DeepBass"": ""Not mentioned"", ""Foldable"": ""Not mentioned"", ""playtime"": ""Not mentioned"", ""ComfortFit"": ""Not mentioned"", ""Batterylife"": ""Not mentioned"", ""NoiseCancellation"": ""Not mentioned""}"
1266,54,Jessica Anderson,1,Awful experience! The tablet stopped responding after a couple of weeks of use. Customer support took forever to respond and was not helpful at all. I bought it for streaming and casual browsing but it just cant keep up. Save your money and look for something more reliable. Im incredibly disappointed with my purchase.,2023-10-01,"{""Mic"": """", ""EQmodes"": """", ""DeepBass"": """", ""Foldable"": """", ""playtime"": """", ""ComfortFit"": """", ""Batterylife"": """", ""NoiseCancellation"": """"}"
1267,54,Thomas King,1,I regret buying the Sonvera D3. It frequently crashes and the battery drains way too quickly. The promised features seem great in theory but in practice they fall flat. I reached out to customer service but all they did was provide generic troubleshooting steps. Im regretful about this purchase and wouldnt recommend it to anyone.,2023-10-01,"{""Mic"": ""Not mentioned."", ""EQmodes"": ""Not mentioned."", ""DeepBass"": ""Not mentioned."", ""Foldable"": ""Not mentioned."", ""playtime"": ""Not mentioned."", ""ComfortFit"": ""Not mentioned."", ""Batterylife"": ""The battery drains way too quickly."", ""NoiseCancellation"": ""Not mentioned.""}"
1268,54,Laura Wilson,5,This Sonvera tablet has truly changed how I consume media! The screen is beautiful and the 6000mAh battery is impressive lasting through several streaming marathons. The build feels sturdy and looks fantastic. Its also fast with apps loading quickly enhancing my overall experience. Highly recommend it for anyone looking to buy a new tablet.,2023-10-01,"{""Mic"": ""Not applicable"", ""EQmodes"": ""Not applicable"", ""DeepBass"": ""Not applicable"", ""Foldable"": ""Not applicable"", ""playtime"": ""Lasting through several streaming marathons"", ""ComfortFit"": ""Not applicable"", ""Batterylife"": ""6000mAh"", ""NoiseCancellation"": ""Not applicable""}"
1269,54,Oliver Martinez,4,I recently purchased the Sonvera D3 tablet and Im impressed overall! The performance is quite good handling videos and apps without lag. I found the setup straightforward but I wish the instructions were a little more detailed for beginners. Still for my heavy use I think its a superb device that I would recommend with slight caveats.,2023-10-01,"{""Mic"": """", ""EQmodes"": """", ""DeepBass"": """", ""Foldable"": """", ""playtime"": """", ""ComfortFit"": """", ""Batterylife"": """", ""NoiseCancellation"": """"}"
1270,54,Amy Turner,4,The Sonvera D3 tablet is a solid option for anyone in need of a reliable device for daily tasks. Its got a lovely design and feels premium. Battery life is okay though I wish it lasted a little longer. I have experienced a little lag when open too many apps but its generally a great purchase. Worth considering!,2023-10-01,"{""Mic"": ""N/A"", ""EQmodes"": ""N/A"", ""DeepBass"": ""N/A"", ""Foldable"": ""N/A"", ""playtime"": ""N/A"", ""ComfortFit"": ""N/A"", ""Batterylife"": ""Battery life is okay, though I wish it lasted a little longer."", ""NoiseCancellation"": ""N/A""}"
1271,54,Henry Scott,3,The Sonvera D3 is pretty middle-of-the-road for me. The display is decent but not outstanding especially for gaming. I appreciate the performance and response speed but the lack of high-definition streaming was disappointing. It gets the job done but I wouldnt say it exceeds my expectations or competes strongly against its competitors.,2023-10-01,"{""Mic"": ""Not mentioned"", ""EQmodes"": ""Not mentioned"", ""DeepBass"": ""Not mentioned"", ""Foldable"": ""Not mentioned"", ""playtime"": ""Not mentioned"", ""ComfortFit"": ""Not mentioned"", ""Batterylife"": ""Not mentioned"", ""NoiseCancellation"": ""Not mentioned""}"
1272,54,Priscilla Nguyen,2,I had high expectations for this tablet but its proven to be a letdown. While the screen size is perfect for my needs the performance is inconsistent often slowing down during simple tasks. Its user-friendly but the issues I faced make me hesitant to recommend it to others. Its doable but not ideal.,2023-10-01,"{""Mic"": """", ""EQmodes"": """", ""DeepBass"": """", ""Foldable"": """", ""playtime"": """", ""ComfortFit"": """", ""Batterylife"": """", ""NoiseCancellation"": """"}"
1273,54,Steven Davis,1,Absolutely the worst tablet Ive ever owned! It started malfunctioning a week after purchase specifically issues with connectivity and battery. Customer support was unresponsive and I couldnt get any help. I would not purchase this product again and feel like Ive wasted my money. Very dissatisfied with my experience!,2023-10-01,"{""Mic"": ""Not applicable to the document."", ""EQmodes"": ""Not applicable to the document."", ""DeepBass"": ""Not applicable to the document."", ""Foldable"": ""Not applicable to the document."", ""playtime"": ""Not applicable to the document."", ""ComfortFit"": ""Not applicable to the document."", ""Batterylife"": ""Issues with battery were mentioned."", ""NoiseCancellation"": ""Not applicable to the document.""}"
1274,54,Sandra Clark,5,I cant say enough good things about the Sonvera D3! The visuals are stunning and I use it for everything from reading to streaming movies. The battery life also lasts longer than I anticipated making it convenient for my busy lifestyle. Ive recommended it to my friends and its become my go-to device!,2023-10-01,"{""Mic"": ""Not mentioned."", ""EQmodes"": ""Not mentioned."", ""DeepBass"": ""Not mentioned."", ""Foldable"": ""Not mentioned."", ""playtime"": ""Not mentioned."", ""ComfortFit"": ""Not mentioned."", ""Batterylife"": ""The battery life lasts longer than anticipated."", ""NoiseCancellation"": ""Not mentioned.""}"
1275,54,Victor Adams,4,The tablet performs well overall but I did experience slight hiccups with the app installations. The design is sleek and modern making it visually appealing. Battery life is just decent for what I need. Its definitely a good option for casual users but I would suggest checking alternatives if you need something for professional use.,2023-10-01,"{""Mic"": """", ""EQmodes"": """", ""DeepBass"": """", ""Foldable"": """", ""playtime"": """", ""ComfortFit"": """", ""Batterylife"": ""decent"", ""NoiseCancellation"": """"}"
1276,54,Natalie Lopez,3,The Sonvera D3 has a beautiful display and decent performance yet my experience has been mixed. While I enjoy watching movies and videos on it I found the battery life underwhelming during heavy use. Its a nice tablet for casual browsing but may not be the best option for intensive applications or gaming.,2023-10-01,"{""Mic"": ""N/A"", ""EQmodes"": ""N/A"", ""DeepBass"": ""N/A"", ""Foldable"": ""N/A"", ""playtime"": ""N/A"", ""ComfortFit"": ""N/A"", ""Batterylife"": ""underwhelming during heavy use"", ""NoiseCancellation"": ""N/A""}"
1277,54,Ethan Murphy,2,I had mixed feelings about my Sonvera tablet. On one hand it looks good and has a nice screen size but its often unresponsive and lags during basic tasks. I feel like there could be better tablets for similar pricing. Its not the worst option but I wouldnt buy it again.,2023-10-01,"{""Mic"": """", ""EQmodes"": """", ""DeepBass"": """", ""Foldable"": """", ""playtime"": """", ""ComfortFit"": """", ""Batterylife"": """", ""NoiseCancellation"": """"}"
1278,54,Lucy Allen,1,Ive experienced nothing but problems with my Sonvera tablet. It frequently freezes and the battery drains alarmingly fast. Ive reached out to customer support several times but they have not been helpful at all. I wouldnt recommend this to anyone; save your money for something more dependable!,2023-10-01,"{""Mic"": ""Not applicable."", ""EQmodes"": ""Not applicable."", ""DeepBass"": ""Not applicable."", ""Foldable"": ""Not applicable."", ""playtime"": ""Not applicable."", ""ComfortFit"": ""Not applicable."", ""Batterylife"": ""The battery drains alarmingly fast."", ""NoiseCancellation"": ""Not applicable.""}"
1293,55,Victoria Martin,1,Absolute junk! The tablet was dead on arrival and nothing I did could revive it. Ive been trying to get help from customer support but its like pulling teeth. I feel robbed of my money and now I have to go through the hassle of returns. Just a terrible experience all around!,2023-10-01,"{""Mic"": """", ""EQmodes"": """", ""DeepBass"": """", ""Foldable"": """", ""playtime"": """", ""ComfortFit"": """", ""Batterylife"": """", ""NoiseCancellation"": """"}"
1279,55,Alice Johnson,5,Absolutely love this Sonvera tablet! The performance is outstanding with the octa-core processor and multitasking has never been smoother. The display is stunning and Ive been using it for everything from gaming to video streaming. The battery life is impressive—I can watch movies for hours without needing a charge. This is definitely a game-changer for my home office setup!,2023-10-01,"{""Mic"": ""Not applicable."", ""EQmodes"": ""Not applicable."", ""DeepBass"": ""Not applicable."", ""Foldable"": ""Not applicable."", ""playtime"": ""Can watch movies for hours."", ""ComfortFit"": ""Not applicable."", ""Batterylife"": ""Impressive battery life, can watch movies for hours without needing a charge."", ""NoiseCancellation"": ""Not applicable.""}"
1280,55,Michael Smith,5,This tablet has exceeded all my expectations! The design is sleek and the 2000x1200 resolution display is incredibly crisp. I regularly use it for both work and leisure and it handles everything without lag. The connectivity options (dual-band WiFi) ensure I stay connected whether Im in a café or at home. Highly recommend this for anyone needing a reliable device.,2023-10-01,"{""Mic"": """", ""EQmodes"": """", ""DeepBass"": """", ""Foldable"": """", ""playtime"": """", ""ComfortFit"": """", ""Batterylife"": """", ""NoiseCancellation"": """"}"
1281,55,Emma Brown,4,Great tablet overall! The build quality feels solid and I appreciate the ample 256GB of internal storage. However the only downside is that the user interface can be a bit slow at times when loading apps. Its mostly user-friendly but some features could be more intuitive. Still Im enjoying it!,2023-10-01,"{""Mic"": """", ""EQmodes"": """", ""DeepBass"": """", ""Foldable"": """", ""playtime"": """", ""ComfortFit"": """", ""Batterylife"": """", ""NoiseCancellation"": """"}"
1282,55,David Wilson,4,The Sonvera tablet is mostly fantastic. The performance is excellent and I love the enhanced battery life. I can game for hours without worrying about charging it. However setting it up was a bit tricky due to vague instructions. Once I figured it out though it was smooth sailing. Worth the investment for sure!,2023-10-01,"{""Mic"": ""N/A"", ""EQmodes"": ""N/A"", ""DeepBass"": ""N/A"", ""Foldable"": ""N/A"", ""playtime"": ""can game for hours"", ""ComfortFit"": ""N/A"", ""Batterylife"": ""enhanced battery life"", ""NoiseCancellation"": ""N/A""}"
1283,55,Sophie Davis,3,This tablet has a mixed bag of performance. While it performs well for streaming and basic tasks it struggles with high-end gaming at times. The design is pleasant and the camera quality is decent but the battery life does not quite meet the advertised hours. Overall its okay but I expected it to be better given its specs.,2023-10-01,"{""Mic"": ""N/A"", ""EQmodes"": ""N/A"", ""DeepBass"": ""N/A"", ""Foldable"": ""N/A"", ""playtime"": ""N/A"", ""ComfortFit"": ""N/A"", ""Batterylife"": ""does not quite meet the advertised hours"", ""NoiseCancellation"": ""N/A""}"
1284,55,William Martinez,3,Decent overall but not without flaws. The build quality is sturdy and the display is vivid but it lags when opening multiple apps. The customer support was helpful when I reached out which is a plus but Im left wanting more in terms of performance. Id say its good for casual use not for heavy multitasking.,2023-10-01,"{""Mic"": """", ""EQmodes"": """", ""DeepBass"": """", ""Foldable"": """", ""playtime"": """", ""ComfortFit"": """", ""Batterylife"": """", ""NoiseCancellation"": """"}"
1285,55,Olivia Garcia,2,Disappointed with this purchase. The tablets battery drains faster than expected which is a letdown for such a high-capacity device. While the design is attractive the performance does not match; Ive had to restart it several times due to freezing. Its usable but not reliable enough for my needs.,2023-10-01,"{""Mic"": ""Not applicable."", ""EQmodes"": ""Not applicable."", ""DeepBass"": ""Not applicable."", ""Foldable"": ""Not applicable."", ""playtime"": ""Not applicable."", ""ComfortFit"": ""Not applicable."", ""Batterylife"": ""The tablet's battery drains faster than expected."", ""NoiseCancellation"": ""Not applicable.""}"
1286,55,Ethan Martinez,2,Not impressed with the Sonvera tablet. The performance is lackluster; it struggles to keep up with my multitasking demands. The software interface feels clunky and Ive encountered several bugs. While it has potential it needs a lot of improvements. I would not recommend it for someone who needs a dependable device.,2023-10-01,"{""Mic"": """", ""EQmodes"": """", ""DeepBass"": """", ""Foldable"": """", ""playtime"": """", ""ComfortFit"": """", ""Batterylife"": """", ""NoiseCancellation"": """"}"
1287,55,Mia Lewis,1,I wish I could say something good about this tablet but I cant. It completely stopped working after three weeks. Customer support was unhelpful and seemed uninterested in resolving my issue. I had high hopes based on the specs but now I feel like I wasted my money. Avoid this product at all costs!,2023-10-01,"{""Mic"": """", ""EQmodes"": """", ""DeepBass"": """", ""Foldable"": """", ""playtime"": """", ""ComfortFit"": """", ""Batterylife"": """", ""NoiseCancellation"": """"}"
1288,55,James Lee,1,Terrible quality! The tablet was slow right out of the box and stopped responding entirely just after a month of use. Battery life is nonexistent and overall it feels cheap. I have tried contacting customer support but they have not been responsive. Save yourself the trouble and look elsewhere!,2023-10-01,"{""Mic"": ""Not applicable"", ""EQmodes"": ""Not applicable"", ""DeepBass"": ""Not applicable"", ""Foldable"": ""Not applicable"", ""playtime"": ""Not applicable"", ""ComfortFit"": ""Not applicable"", ""Batterylife"": ""nonexistent"", ""NoiseCancellation"": ""Not applicable""}"
1289,55,Charlotte Lopez,5,Im thrilled with my Sonvera tablet! Its perfect for my artistic work and daily browsing. The display is vibrant and truly enhances my experience while drawing. The battery lasts all day even with extensive use which is a major plus. Highly recommend for anyone in need of a reliable and functional tablet!,2023-10-01,"{""Mic"": """", ""EQmodes"": """", ""DeepBass"": """", ""Foldable"": """", ""playtime"": """", ""ComfortFit"": """", ""Batterylife"": ""The battery lasts all day even with extensive use."", ""NoiseCancellation"": """"}"
1290,55,Liam Green,4,Very good tablet for its price! The setup was fairly straightforward and I was impressed by the build quality. The 256GB storage is generous making it easy to keep all my games and apps installed. The only downside is it occasionally lags when using certain apps but for most tasks its fantastic.,2023-10-01,"{""Mic"": """", ""EQmodes"": """", ""DeepBass"": """", ""Foldable"": """", ""playtime"": """", ""ComfortFit"": """", ""Batterylife"": """", ""NoiseCancellation"": """"}"
1291,55,Isabella Harris,3,Good value but with some drawbacks. The tablets features are great but the performance isnt as fast as I expected. Its definitely user-friendly but I have experienced some occasional lag when switching between apps. The display is sharp however which keeps me coming back. Just be aware of its limitations.,2023-10-01,"{""Mic"": """", ""EQmodes"": """", ""DeepBass"": """", ""Foldable"": """", ""playtime"": """", ""ComfortFit"": """", ""Batterylife"": """", ""NoiseCancellation"": """"}"
1292,55,Alexander Wright,2,Meh. It does the job but not well enough. I find the performance underwhelming for a tablet claiming to have an octa-core processor. Setup was simple but navigating through apps is often frustrating due to sluggishness. Not the worst Ive owned but certainly not the best.,2023-10-01,"{""Mic"": """", ""EQmodes"": """", ""DeepBass"": """", ""Foldable"": """", ""playtime"": """", ""ComfortFit"": """", ""Batterylife"": """", ""NoiseCancellation"": """"}"
1294,55,Henry Thompson,5,Im extremely pleased with my Sonvera tablet! The performance is top-notch for both work and gaming. The ability to expand storage with a micro SD card is a lifesaver! The battery life is fantastic; I can go a whole day on a single charge. If youre looking for a powerful tablet look no further!,2023-10-01,"{""Mic"": ""N/A"", ""EQmodes"": ""N/A"", ""DeepBass"": ""N/A"", ""Foldable"": ""N/A"", ""playtime"": ""a whole day"", ""ComfortFit"": ""N/A"", ""Batterylife"": ""fantastic; I can go a whole day on a single charge"", ""NoiseCancellation"": ""N/A""}"
1295,55,Emily Robinson,4,Strong contender in the tablet market! The design is sleek and the camera quality is quite impressive for video calls. I only wish the software was a bit faster. Occasional lags when multitasking can be annoying but overall its a great choice for everyday use. Highly recommend this for students!,2023-10-01,"{""Mic"": """", ""EQmodes"": """", ""DeepBass"": """", ""Foldable"": """", ""playtime"": """", ""ComfortFit"": """", ""Batterylife"": """", ""NoiseCancellation"": """"}"
1296,55,Daniel Scott,3,Its an okay product. The build quality is decent and the display is lively but Im facing some usability issues. The setup was easy but it lags a bit during heavy use. As a casual tablet user I find it acceptable but I might look for something else next time.,2023-10-01,"{""Mic"": """", ""EQmodes"": """", ""DeepBass"": """", ""Foldable"": """", ""playtime"": """", ""ComfortFit"": """", ""Batterylife"": """", ""NoiseCancellation"": """"}"
1297,55,Grace Robinson,2,Not what I expected based on the description. The battery life isnt very impressive; I can barely make it through a full day of light use before needing a charge. While the design is nice the performance leaves much to be desired. Its usable but I think there are better options available.,2023-10-01,"{""Mic"": ""Not mentioned"", ""EQmodes"": ""Not mentioned"", ""DeepBass"": ""Not mentioned"", ""Foldable"": ""Not mentioned"", ""playtime"": ""barely make it through a full day of light use"", ""ComfortFit"": ""Not mentioned"", ""Batterylife"": ""barely make it through a full day of light use"", ""NoiseCancellation"": ""Not mentioned""}"
1298,55,Christopher Walker,1,I had high hopes for this tablet but Im incredibly disappointed. It kept freezing up just days after purchase. The performance is terrible and customer service hasnt been responsive. Id suggest looking into other brands unless you want a device that wont work consistently.,2023-10-01,"{""Mic"": """", ""EQmodes"": """", ""DeepBass"": """", ""Foldable"": """", ""playtime"": """", ""ComfortFit"": """", ""Batterylife"": """", ""NoiseCancellation"": """"}"
1299,55,Ava Green,5,Fantastic device! The Sonvera tablet has become my go-to for everything from work to leisure. The multitasking capability is incredible and the battery life lasts longer than anything Ive owned. The display is perfect for reading and editing documents making it a smart investment!,2023-10-01,"{""Mic"": """", ""EQmodes"": """", ""DeepBass"": """", ""Foldable"": """", ""playtime"": """", ""ComfortFit"": """", ""Batterylife"": ""The battery life lasts longer than anything I've owned."", ""NoiseCancellation"": """"}"
1300,55,Benjamin Hall,5,I cant say enough good things about this Sonvera tablet! The specs are impressive and it truly performs like a dream. I often use it for photo editing and the quality is fantastic. Plus the battery life means I can work all day without a hassle. Highly recommend it—worth every penny!,2023-10-01,"{""Mic"": ""N/A"", ""EQmodes"": ""N/A"", ""DeepBass"": ""N/A"", ""Foldable"": ""N/A"", ""playtime"": ""N/A"", ""ComfortFit"": ""N/A"", ""Batterylife"": ""The battery life is sufficient for all-day use."", ""NoiseCancellation"": ""N/A""}"
1301,55,Ella Young,4,A very solid tablet! I enjoy the performance and the dual-band WiFi is fantastic for streaming. The only issue I have is occasional lag when loading certain apps but its mostly manageable. The battery life is good too and I appreciate the expandable storage feature!,2023-10-01,"{""Mic"": ""N/A"", ""EQmodes"": ""N/A"", ""DeepBass"": ""N/A"", ""Foldable"": ""N/A"", ""playtime"": ""N/A"", ""ComfortFit"": ""N/A"", ""Batterylife"": ""good"", ""NoiseCancellation"": ""N/A""}"
1302,55,Samuel King,3,This tablet is decent overall but not outstanding. It does have a beautiful display but Ive encountered some frustrating bugs that have affected my use. While I appreciate the storage capacity the performance doesnt consistently meet my expectations. Good for casual use but it could be better.,2023-10-01,"{""Mic"": """", ""EQmodes"": """", ""DeepBass"": """", ""Foldable"": """", ""playtime"": """", ""ComfortFit"": """", ""Batterylife"": """", ""NoiseCancellation"": """"}"
1303,55,Lily Adams,2,I found this tablet lacking. The performance is underwhelming and I frequently find myself having to restart it to regain responsiveness. The setup was easy but navigating through the software often becomes a chore. It might work for others but I wouldnt recommend it for heavy users.,2023-10-01,"{""Mic"": """", ""EQmodes"": """", ""DeepBass"": """", ""Foldable"": """", ""playtime"": """", ""ComfortFit"": """", ""Batterylife"": """", ""NoiseCancellation"": """"}"
1304,55,Oliver Lee,1,This product was a total letdown. It malfunctioned within the first two weeks of use and customer support was completely unhelpful. I was looking forward to a great experience with this tablet but it has been nothing but problems. Save your money for a more reliable option!,2023-10-01,"{""Mic"": """", ""EQmodes"": """", ""DeepBass"": """", ""Foldable"": """", ""playtime"": """", ""ComfortFit"": """", ""Batterylife"": """", ""NoiseCancellation"": """"}"
1305,56,Emily Turner,5,I am absolutely in love with the Sonvera tablet! The 10.1-inch screen is perfect for binge-watching my favorite shows in brilliant HD. The touch sensitivity is fantastic thanks to the Incell technology and Ive had no issues with responsiveness. The multitasking capabilities with split-screen are a game changer for my work-from-home setup. Highly recommend this tablet to anyone who needs something reliable and efficient!,2023-10-01,"{""Mic"": """", ""EQmodes"": """", ""DeepBass"": """", ""Foldable"": """", ""playtime"": """", ""ComfortFit"": """", ""Batterylife"": """", ""NoiseCancellation"": """"}"
1306,56,Carlos Ramos,5,This tablet has exceeded my expectations! The 128GB storage with expandability to 1TB is a huge plus and the battery life is incredibly impressive easily lasting me through a full day of work and entertainment. I also love how lightweight it is; I can carry it around without any hassle. Great product for anyone who wants versatility and performance!,2023-10-01,"{""Mic"": ""Not mentioned"", ""EQmodes"": ""Not mentioned"", ""DeepBass"": ""Not mentioned"", ""Foldable"": ""Not mentioned"", ""playtime"": ""full day"", ""ComfortFit"": ""lightweight and easy to carry"", ""Batterylife"": ""easily lasting through a full day of work and entertainment"", ""NoiseCancellation"": ""Not mentioned""}"
1307,56,Samantha Lee,4,Overall Im very pleased with my Sonvera tablet. The design is sleek and feels premium and it performs well under multitasking. However the setup could have been a bit clearer; I had to fiddle with some settings to get everything right. Once I sorted that out it has been smooth sailing. Perfect for streaming and casual gaming!,2023-10-01,"{""Mic"": """", ""EQmodes"": """", ""DeepBass"": """", ""Foldable"": """", ""playtime"": """", ""ComfortFit"": """", ""Batterylife"": """", ""NoiseCancellation"": """"}"
1308,56,Mark Griffin,4,This tablet offers fantastic value for money. The performance is solid with the Unisoc T615 processor and Ive had a great experience with gaming. My only complaint would be that the battery takes a bit longer to charge than I expected but with proper management it holds up well throughout the day. Great option for students!,2023-10-01,"{""Mic"": ""Not applicable"", ""EQmodes"": ""Not applicable"", ""DeepBass"": ""Not applicable"", ""Foldable"": ""Not applicable"", ""playtime"": ""Not applicable"", ""ComfortFit"": ""Not applicable"", ""Batterylife"": ""Holds up well throughout the day"", ""NoiseCancellation"": ""Not applicable""}"
1309,56,Laura Chen,3,The Sonvera tablet is decent but not without its flaws. While the display is sharp and clear I noticed some lag during high-performance tasks. It could also use a few more features in the software department. However for basic tasks and browsing it does a good job. Just dont expect it to handle everything effortlessly.,2023-10-01,"{""Mic"": """", ""EQmodes"": """", ""DeepBass"": """", ""Foldable"": """", ""playtime"": """", ""ComfortFit"": """", ""Batterylife"": """", ""NoiseCancellation"": """"}"
1310,56,Timothy Brown,3,I have mixed feelings about this tablet. The design is appealing and sturdy but the user interface needs some work. I encountered a few bugs while navigating which was frustrating. Its not the worst option out there but I was hoping for something more seamless given the new features. It does the job but I think there are better options.,2023-10-01,"{""Mic"": """", ""EQmodes"": """", ""DeepBass"": """", ""Foldable"": """", ""playtime"": """", ""ComfortFit"": """", ""Batterylife"": """", ""NoiseCancellation"": """"}"
1311,56,Jennifer Kim,2,I was excited to try the Sonvera tablet but Ive faced several issues. The battery life is less than what I expected; I end up charging it more often than Id like. While the screen is beautiful the build quality feels a bit cheap. Its not a completely useless product but I wouldnt recommend it if youre looking for something durable for everyday use.,2023-10-01,"{""Mic"": ""N/A"", ""EQmodes"": ""N/A"", ""DeepBass"": ""N/A"", ""Foldable"": ""N/A"", ""playtime"": ""N/A"", ""ComfortFit"": ""N/A"", ""Batterylife"": ""less than expected"", ""NoiseCancellation"": ""N/A""}"
1312,56,Daniel Johnson,2,Unfortunately my experience with this tablet has been disappointing. While the display quality is impressive the performance does not match up to what I was promised. Ive experienced frequent app crashes and the customer support was not very helpful. Its not a terrible product but I feel I could have chosen better.,2023-10-01,"{""Mic"": """", ""EQmodes"": """", ""DeepBass"": """", ""Foldable"": """", ""playtime"": """", ""ComfortFit"": """", ""Batterylife"": """", ""NoiseCancellation"": """"}"
1313,56,Nina Patel,1,I regret buying the Sonvera tablet. It started showing issues after just a couple of weeks with random restarts becoming a frequent annoyance. I tried reaching out to customer support but I got no satisfactory resolution. Major letdown especially with such promising features. I dont recommend this tablet; there are better options out there.,2023-10-01,"{""Mic"": ""Not applicable"", ""EQmodes"": ""Not applicable"", ""DeepBass"": ""Not applicable"", ""Foldable"": ""Not applicable"", ""playtime"": ""Not applicable"", ""ComfortFit"": ""Not applicable"", ""Batterylife"": ""Not applicable"", ""NoiseCancellation"": ""Not applicable""}"
1314,56,Charles Fisher,1,Absolutely terrible product! I was drawn in by the specifications but its been nothing but problems since I got it. The performance is lagging and Ive faced constant software updates that dont resolve any issues. I want a refund! Save your money and look elsewhere.,2023-10-01,"{""Mic"": """", ""EQmodes"": """", ""DeepBass"": """", ""Foldable"": """", ""playtime"": """", ""ComfortFit"": """", ""Batterylife"": """", ""NoiseCancellation"": """"}"
1315,56,Angela Scott,5,The Sonvera tablet is a dream! Its light and portable making it easy to use on the go. The dual speakers provide amazing audio quality enhancing my movie nights. Plus the multitasking feature allows me to keep everything organized. Best investment Ive made this year!,2023-10-01,"{""Mic"": """", ""EQmodes"": """", ""DeepBass"": """", ""Foldable"": """", ""playtime"": """", ""ComfortFit"": """", ""Batterylife"": """", ""NoiseCancellation"": """"}"
1316,56,Paul Mitchell,4,I really enjoy the Sonvera tablet. Its aesthetically pleasing and functions smoothly for my daily browsing needs. While the battery life is good I wish it lasted a bit longer during video playback. Still the features and performance justify the purchase and I would recommend it to others.,2023-10-01,"{""Mic"": """", ""EQmodes"": """", ""DeepBass"": """", ""Foldable"": """", ""playtime"": ""lasts a bit longer during video playback"", ""ComfortFit"": """", ""Batterylife"": ""good"", ""NoiseCancellation"": """"}"
1317,56,Jessica Ramirez,3,While the Sonvera tablet has some impressive features like a vibrant display and decent performance I found the setup instructions to be lacking. I struggled a bit to get started and there were connectivity issues at times. Its worth considering but it may not be the best choice for tech novices.,2023-10-01,"{""Mic"": """", ""EQmodes"": """", ""DeepBass"": """", ""Foldable"": """", ""playtime"": """", ""ComfortFit"": """", ""Batterylife"": """", ""NoiseCancellation"": """"}"
1318,56,Kevin White,3,The Sonvera tablet offers good value but its not without drawbacks. The design and feel are top-notch but Ive experienced slow loading times for some apps. Battery life is decent but sometimes falls short during more demanding tasks. Its an okay choice for everyday use.,2023-10-01,"{""Mic"": ""N/A"", ""EQmodes"": ""N/A"", ""DeepBass"": ""N/A"", ""Foldable"": ""N/A"", ""playtime"": ""N/A"", ""ComfortFit"": ""N/A"", ""Batterylife"": ""decent but sometimes falls short during more demanding tasks"", ""NoiseCancellation"": ""N/A""}"
1319,56,Bethany Carter,2,The tablet started off well but quickly became frustrating. The screen is lovely but performance hiccups have plagued my usage. I also found the customer support unresponsive. If youre just looking for something basic to surf the web it might suffice but dont expect too much.,2023-10-01,"{""Mic"": """", ""EQmodes"": """", ""DeepBass"": """", ""Foldable"": """", ""playtime"": """", ""ComfortFit"": """", ""Batterylife"": """", ""NoiseCancellation"": """"}"
1320,56,George Harris,2,I was looking for a reliable tablet but the Sonvera hasnt really met my needs. The battery drains faster than I expected and it struggles a bit with multitasking. I like the design but it doesnt make up for the technical flaws. Dismal experience overall.,2023-10-01,"{""Mic"": ""Not applicable."", ""EQmodes"": ""Not applicable."", ""DeepBass"": ""Not applicable."", ""Foldable"": ""Not applicable."", ""playtime"": ""Not applicable."", ""ComfortFit"": ""Not applicable."", ""Batterylife"": ""The battery drains faster than expected."", ""NoiseCancellation"": ""Not applicable.""}"
1321,56,Sarah Wilson,1,I had high hopes for the Sonvera but it has become a nightmare. After speaking with customer service multiple times about its random freezes and crashes I still have no solution. The display and audio are nice but they dont make up for the overall lack of reliability. Save your money!,2023-10-01,"{""Mic"": """", ""EQmodes"": """", ""DeepBass"": """", ""Foldable"": """", ""playtime"": """", ""ComfortFit"": """", ""Batterylife"": """", ""NoiseCancellation"": """"}"
1322,56,Robert Young,5,Best tablet Ive owned! The resolution is stunning and the UI is very intuitive. Ive used tablets from other brands and this one by far outclasses them in terms of performance and quality. The battery life is great too; Ive gone through multiple days without needing to charge it. Definitely worth the investment!,2023-10-01,"{""Mic"": ""Not applicable"", ""EQmodes"": ""Not applicable"", ""DeepBass"": ""Not applicable"", ""Foldable"": ""Not applicable"", ""playtime"": ""Not applicable"", ""ComfortFit"": ""Not applicable"", ""Batterylife"": ""multiple days without needing to charge"", ""NoiseCancellation"": ""Not applicable""}"
1324,56,Eric Lawrence,4,I generally like the Sonvera tablet; its fast and has a sleek design. However theres a learning curve with the Android 15 interface and it was a bit tricky to adjust at first. Battery life is good but I wish the charging speed was a bit quicker. Overall a solid tablet!,2023-10-01,"{""Mic"": ""N/A"", ""EQmodes"": ""N/A"", ""DeepBass"": ""N/A"", ""Foldable"": ""N/A"", ""playtime"": ""N/A"", ""ComfortFit"": ""N/A"", ""Batterylife"": ""good"", ""NoiseCancellation"": ""N/A""}"
1325,56,Olivia Martinez,3,The Sonvera tablet has decent specs but its not perfect. I enjoy watching movies on it but Ive got some concerns with the software. Occasionally apps crash which can be annoying. Its a good entry-level device but Id recommend researching other options if you need high performance.,2023-10-01,"{""Mic"": """", ""EQmodes"": """", ""DeepBass"": """", ""Foldable"": """", ""playtime"": """", ""ComfortFit"": """", ""Batterylife"": """", ""NoiseCancellation"": """"}"
1326,56,Lucas Reed,2,I was initially impressed by the Sonvera tablet but it has not lived up to my expectations. The performance is pretty subpar for the features advertised. I often find it lagging during simple tasks which is disappointing. Its not entirely bad but I wouldnt buy it again.,2023-10-01,"{""Mic"": """", ""EQmodes"": """", ""DeepBass"": """", ""Foldable"": """", ""playtime"": """", ""ComfortFit"": """", ""Batterylife"": """", ""NoiseCancellation"": """"}"
1327,56,Sophia Cooper,5,Absolutely fantastic! The multitasking feature is incredibly helpful for both work and entertainment. The tablets performance is smooth backed by excellent build quality. Its become my go-to device for everything from streaming to browsing. Highly recommend for anyone in the market for a versatile tablet!,2023-10-01,"{""Mic"": """", ""EQmodes"": """", ""DeepBass"": """", ""Foldable"": """", ""playtime"": """", ""ComfortFit"": """", ""Batterylife"": """", ""NoiseCancellation"": """"}"
